# German (de) catalog. Columns, separated by a TAB:  context <TAB> source <TAB> translation
#
#   context  empty                a plain UI string; `source` is the English text in the code
#            @id                  a command id (e.g. file.saveAs): wins over the English text for
#                                 that menu item, so one id can read differently from its twin
#            @plural              `source` is "one|other" (English forms); the translation lists the
#                                 language's forms separated by "|" (see `plural` in i18n/mod.rs)
#            anything else        a disambiguating context passed to `tr_ctx`
#   escapes  \n  \t  \  inside a column. `{name}` placeholders must appear in both columns.
#   lines starting with # and blank lines are ignored.
#
# Clean-room: every entry was written from the plain meaning of the English label using ordinary
# German image-editing vocabulary (Ebene, Maske, Auswahl, Weichzeichnen ...). No proprietary
# localisation resource, string table or product UI was consulted or copied; add entries the same
# way. Product and technology names (Local Image, ArtCraft, OpenType, CMYK, Lab ...) stay in Latin
# letters; the trailing "…" of dialog commands is kept. Plural rule: one|other (n != 1 -> other).

	File	Datei
	Edit	Bearbeiten
	Image	Bild
	Layer	Ebene
	Type	Text
	Select	Auswahl
	Filter	Filter
	View	Ansicht
	Window	Fenster
	Help	Hilfe
	(coming soon)	(erscheint bald)
	New…	Neu…
	New from Clipboard	Neu aus Zwischenablage
	Open…	Öffnen…
	Open As…	Öffnen als…
	Open Recent	Zuletzt geöffnete Dateien
	Clear Recent Files	Zuletzt geöffnete Dateien leeren
	Close	Schließen
	Minimize	Minimieren
	Maximize	Maximieren
	Restore	Wiederherstellen
	Close All	Alle schließen
	Close Others	Andere schließen
	Save	Speichern
	Save As…	Speichern unter…
	Save a Copy…	Kopie speichern…
	Revert	Zurücksetzen
	Export	Exportieren
	Quick Export as PNG	Schnellexport als PNG
	Export As…	Exportieren als…
	Export Preferences…	Exporteinstellungen…
	Save for Web (Legacy)…	Für Web speichern (Legacy)…
	Artboards to Files…	Zeichenbereiche in Dateien…
	Artboards to PDF…	Zeichenbereiche als PDF…
	Layers to Files…	Ebenen in Dateien…
	Layer Comps to Files…	Ebenenkompositionen in Dateien…
	Color Lookup Tables…	Farblookup-Tabellen…
	Data Sets as Files…	Datensätze als Dateien…
	Paths to Illustrator…	Pfade nach Illustrator…
	Render Video…	Video rendern…
	Generate	Generieren
	Image Assets	Bild-Assets
	Place Embedded…	Eingebettet platzieren…
	Place Linked…	Verknüpft platzieren…
	Package…	Paket…
	Automate	Automatisieren
	Batch…	Stapelverarbeitung…
	Create Droplet…	Droplet erstellen…
	Crop and Straighten Photos	Fotos freistellen und gerade ausrichten
	Contact Sheet II…	Kontaktabzug II…
	Conditional Mode Change…	Bedingter Moduswechsel…
	Fit Image…	Bild einpassen…
	Lens Correction…	Objektivkorrektur…
	Merge to HDR Pro…	Zu HDR Pro zusammenfügen…
	Photomerge…	Photomerge…
	Scripts	Skripte
	Image Processor…	Bildprozessor…
	Delete All Empty Layers	Alle leeren Ebenen löschen
	Flatten All Layer Effects	Alle Ebeneneffekte reduzieren
	Flatten All Masks	Alle Masken reduzieren
	Script Events Manager…	Skriptereignis-Manager…
	Import	Importieren
	Browse…	Durchsuchen…
	Reveal in Finder	Im Finder anzeigen
	File Info…	Dateiinformationen…
	Print…	Drucken…
	Print One Copy	Eine Kopie drucken
	Exit	Beenden
	Undo	Rückgängig
	Redo	Wiederholen
	Toggle Last State	Letzten Status umschalten
	Fade…	Verblassen…
	Cut	Ausschneiden
	Copy	Kopieren
	Copy Merged	Zusammengefügt kopieren
	Paste	Einfügen
	Paste Special	Speziell einfügen
	Paste in Place	Am Platz einfügen
	Paste Into	Einfügen in
	Paste Outside	Einfügen außerhalb
	Paste Lorem Ipsum	Lorem Ipsum einfügen
	Clear	Löschen
	Search…	Suchen…
	Check Spelling…	Rechtschreibung prüfen…
	Find and Replace Text…	Text suchen und ersetzen…
	Fill…	Füllen…
	Stroke…	Nachziehen…
	Content-Aware Fill…	Inhaltsbasiert füllen…
	Content-Aware Scale	Inhaltsbasiert skalieren
	Puppet Warp	Marionetten-Verkrümmung
	Perspective Warp	Perspektivisch verkrümmen
	Free Transform	Frei transformieren
	Free Transform a Copy	Frei transformieren (Kopie)
	Transform	Transformieren
	Again	Erneut
	Transform Again on a Copy	Erneut auf Kopie transformieren
	Scale	Skalieren
	Rotate	Drehen
	Skew	Neigen
	Distort	Verzerren
	Perspective	Perspektive
	Warp	Verkrümmen
	Flip Horizontal	Horizontal spiegeln
	Flip Vertical	Vertikal spiegeln
	Rotate 180°	180° drehen
	Rotate 90° Clockwise	90° im Uhrzeigersinn drehen
	Rotate 90° Counter Clockwise	90° gegen den Uhrzeigersinn drehen
	180°	180°
	90° Clockwise	90° im Uhrzeigersinn
	90° Counter Clockwise	90° gegen den Uhrzeigersinn
	Arbitrary…	Beliebig…
	Auto-Align Layers…	Ebenen automatisch ausrichten…
	Auto-Blend Layers…	Ebenen automatisch mischen…
	Define Brush Preset…	Pinsel-Vorgabe festlegen…
	Define Pattern…	Muster festlegen…
	Define Custom Shape…	Benutzerdefinierte Form festlegen…
	Purge	Entleeren
	Clipboard	Zwischenablage
	Histories	Verlauf
	Video Cache	Video-Cache
	All	Alle
	Presets	Vorgaben
	Preset Manager…	Vorgaben-Manager…
	Migrate Presets	Vorgaben migrieren
	Export/Import Presets…	Vorgaben exportieren/importieren…
	Color Settings…	Farbeinstellungen…
	Assign Profile…	Profil zuweisen…
	Convert to Profile…	In Profil konvertieren…
	Keyboard Shortcuts…	Tastaturkurzbefehle…
	Menus…	Menüs…
	Toolbar…	Werkzeugleiste…
	Preferences	Voreinstellungen
	General…	Allgemein…
	Interface…	Benutzeroberfläche…
	Workspace…	Arbeitsbereich…
	Tools…	Werkzeuge…
	History Log…	Verlaufsprotokoll…
	File Handling…	Dateiverarbeitung…
	Export…	Exportieren…
	Performance…	Leistung…
	Scratch Disks…	Auslagerungsfestplatten…
	Cursors…	Cursor…
	Transparency & Gamut…	Transparenz & Farbumfang…
	Units & Rulers…	Einheiten & Lineale…
	Guides, Grid & Slices…	Hilfslinien, Raster & Slices…
	Plug-ins…	Plug-ins…
	Type…	Text…
	Enhanced Controls…	Erweiterte Bedienelemente…
	Camera Raw…	Camera Raw…
	Raw Defaults…	RAW-Standardwerte…
	Integrations…	Integrationen…
	AI Integrations…	KI-Integrationen…
	Install Plug-in…	Plug-in installieren…
	Language Options	Sprachoptionen
	Settings…	Einstellungen…
	Mode	Modus
	Bitmap	Bitmap
	Grayscale	Graustufen
	Duotone	Duplex
	Indexed Color	Indizierte Farben
	RGB Color	RGB-Farbe
	CMYK Color	CMYK-Farbe
	Lab Color	Lab-Farbe
	Multichannel	Mehrkanal
	8 Bits/Channel	8 Bit/Kanal
	8 bit	8 Bit
	Integer	Ganzzahl
	16 Bits/Channel	16 Bit/Kanal
	16 bit	16 Bit
	32 Bits/Channel	32 Bit/Kanal
	32 bit (float)	32 Bit (Gleitkomma)
	Floating point	Gleitkomma
	Color Table…	Farbtabelle…
	Bitmap…	Bitmap…
	Duotone…	Duplex…
	Indexed Color…	Indizierte Farben…
	Adjustments	Anpassungen
	Brightness/Contrast…	Helligkeit/Kontrast…
	Levels…	Tonwertkorrektur…
	Curves…	Gradationskurven…
	Exposure…	Belichtung…
	Vibrance…	Dynamik…
	Hue/Saturation…	Farbton/Sättigung…
	Color Balance…	Farbbalance…
	Black & White…	Schwarzweiß…
	Photo Filter…	Foto-Filter…
	Channel Mixer…	Kanalmixer…
	Color Lookup…	Farblookup…
	Invert	Invertieren
	Posterize…	Posterisieren…
	Threshold…	Schwellenwert…
	Gradient Map…	Verlaufsumsetzung…
	Selective Color…	Selektive Farbkorrektur…
	Shadows/Highlights…	Tiefen/Lichter…
	HDR Toning…	HDR-Tonung…
	Desaturate	Entsättigen
	Match Color…	Farbe angleichen…
	Replace Color…	Farbe ersetzen…
	Equalize	Angleichen
	Auto Tone	Automatische Tonwertkorrektur
	Auto Contrast	Automatischer Kontrast
	Auto Color	Automatische Farbe
	Image Size…	Bildgröße…
	Canvas Size…	Arbeitsfläche…
	Image Rotation	Bildrotation
	Flip Canvas Horizontal	Arbeitsfläche horizontal spiegeln
	Flip Canvas Vertical	Arbeitsfläche vertikal spiegeln
	Crop	Freistellen
	Trim…	Beschneiden…
	Reveal All	Alles anzeigen
	Duplicate…	Duplizieren…
	Apply Image…	Bildberechnung…
	Calculations…	Kanalberechnung…
	Variables	Variablen
	Define…	Definieren…
	Data Sets…	Datensätze…
	Apply Data Set…	Datensatz anwenden…
	Variable Data Sets…	Variablen-Datensätze…
	Trap…	Überfüllen…
	Analysis	Analyse
	Set Measurement Scale…	Messskala festlegen…
	Select Data Points…	Datenpunkte auswählen…
	Record Measurements	Messungen aufzeichnen
	Ruler Tool	Lineal-Werkzeug
	Count Tool	Zählwerkzeug
	Place Scale Marker…	Messskala-Marker platzieren…
	Custom…	Benutzerdefiniert…
	New	Neu
	Layer…	Ebene…
	Group…	Gruppe…
	Group from Layers…	Gruppe aus Ebenen…
	Artboard…	Zeichenbereich…
	Artboard from Group…	Zeichenbereich aus Gruppe…
	Artboard from Layers…	Zeichenbereich aus Ebenen…
	Layer via Copy	Ebene durch Kopieren
	Layer via Cut	Ebene durch Ausschneiden
	Layer From Background…	Ebene aus Hintergrund…
	Layer from Background…	Ebene aus Hintergrund…
	New Shape Layer	Neue Formebene
	New Type Layer	Neue Textebene
	New Fill Layer	Neue Füllebene
	New Adjustment Layer	Neue Anpassungsebene
	New Layer Based Slice	Neuer ebenenbasierter Slice
	New Smart Object via Copy	Neues Smart-Objekt durch Kopieren
	New Blank Video Layer	Neue leere Videoebene
	New Video Layer from File…	Neue Videoebene aus Datei…
	Duplicate Layer…	Ebene duplizieren…
	Delete Layer	Ebene löschen
	Delete	Löschen
	Rename Layer	Ebene umbenennen
	Create Layer	Ebene erstellen
	Layer Style	Ebenenstil
	Blending Options…	Fülloptionen…
	Bevel & Emboss…	Abgeflachte Kante & Relief…
	Use Global Light	Globales Licht verwenden
	Inner Shadow…	Innerer Schatten…
	Inner Glow…	Schein nach innen…
	Satin…	Satin…
	Color Overlay…	Farbüberlagerung…
	Gradient Overlay…	Verlaufsüberlagerung…
	Pattern Overlay…	Musterüberlagerung…
	Outer Glow…	Schein nach außen…
	Drop Shadow…	Schlagschatten…
	Copy Layer Style	Ebenenstil kopieren
	Paste Layer Style	Ebenenstil einfügen
	Clear Layer Style	Ebenenstil löschen
	Global Light…	Globales Licht…
	Hide All Effects	Alle Effekte ausblenden
	Scale Effects…	Effekte skalieren…
	Smart Filter	Smart-Filter
	Convert for Smart Filters	Für Smart-Filter konvertieren
	Clear Smart Filters	Smart-Filter löschen
	Disable Smart Filters	Smart-Filter deaktivieren
	Delete Filter Mask	Filtermaske löschen
	Disable Filter Mask	Filtermaske deaktivieren
	Solid Color…	Einfarbig…
	Gradient…	Verlauf…
	Pattern…	Muster…
	Layer Mask	Ebenenmaske
	Vector Mask	Vektormaske
	Reveal Selection	Auswahl einblenden
	Hide Selection	Auswahl ausblenden
	Hide All	Alles ausblenden
	From Transparency	Aus Transparenz
	Delete Vector Mask	Vektormaske löschen
	Enable Layer Mask	Ebenenmaske aktivieren
	Disable Layer Mask	Ebenenmaske deaktivieren
	Enable Vector Mask	Vektormaske aktivieren
	Link Layer Mask	Ebenenmaske verknüpfen
	Unlink Layer Mask	Verknüpfung der Ebenenmaske aufheben
	Link Vector Mask	Vektormaske verknüpfen
	Add Vector Mask	Vektormaske hinzufügen
	Vector Mask from Current Path	Vektormaske aus aktuellem Pfad
	Create Clipping Mask	Schnittmaske erstellen
	Release Clipping Mask	Schnittmaske freigeben
	Smart Objects	Smart-Objekte
	Smart Object	Smart-Objekt
	Convert to Smart Object	In Smart-Objekt konvertieren
	Convert to Embedded	In eingebettetes Smart-Objekt konvertieren
	Convert to Layers	In Ebenen konvertieren
	Convert to Linked…	In verknüpftes Smart-Objekt konvertieren…
	Edit Contents	Inhalt bearbeiten
	Replace Contents…	Inhalt ersetzen…
	Relink to File…	Mit Datei neu verknüpfen…
	Export Contents…	Inhalt exportieren…
	Update Modified Content	Geänderten Inhalt aktualisieren
	Update All Modified Content	Alle geänderten Inhalte aktualisieren
	Stack Mode	Stapelmodus
	Entropy	Entropie
	Kurtosis	Kurtosis
	Maximum	Maximum
	Mean	Mittelwert
	Median	Median
	Minimum	Minimum
	Range	Spannweite
	Skewness	Schiefe
	Standard Deviation	Standardabweichung
	Summation	Summe
	Variance	Varianz
	Video Layers	Videoebenen
	Interpret Footage…	Material interpretieren…
	Replace Footage…	Material ersetzen…
	Reload Frame	Frame neu laden
	Show Altered Video	Geändertes Video anzeigen
	Restore Frame	Frame wiederherstellen
	Restore All Frames	Alle Frames wiederherstellen
	Insert Blank Frame	Leeren Frame einfügen
	Delete Frame	Frame löschen
	Duplicate Frame	Frame duplizieren
	Frame from Layers	Frame aus Ebenen
	Video Frames to Layers…	Video-Frames in Ebenen…
	Rasterize	Rasterisieren
	Rasterize Type	Text rasterisieren
	Rasterize Type Layer	Textebene rasterisieren
	Rasterize Shape	Form rasterisieren
	New Guide Layout…	Neues Hilfslinien-Layout…
	New Guides From Shape	Neue Hilfslinien aus Form
	Lock Layers…	Ebenen sperren…
	Link Layers	Ebenen verknüpfen
	Select Linked Layers	Verknüpfte Ebenen auswählen
	Merge Layers	Ebenen zusammenfügen
	Merge Down	Nach unten zusammenfügen
	Merge Visible	Sichtbare auf eine Ebene reduzieren
	Stamp Visible	Sichtbare auf eine Ebene stempeln
	Select Layer Above	Ebene darüber auswählen
	Select Layer Below	Ebene darunter auswählen
	Select Top Layer	Oberste Ebene auswählen
	Select Bottom Layer	Unterste Ebene auswählen
	Add Layer Above to Selection	Ebene darüber zur Auswahl hinzufügen
	Add Layer Below to Selection	Ebene darunter zur Auswahl hinzufügen
	Stamp Down	Nach unten stempeln
	Flatten Image	Auf eine Ebene reduzieren
	Matting	Mattierung
	Color Decontaminate…	Farbreinigung…
	Remove Black Matte	Schwarze Mattierung entfernen
	Remove White Matte	Weiße Mattierung entfernen
	Defringe…	Randstörungen entfernen…
	Group Layers	Ebenen gruppieren
	Ungroup Layers	Gruppierung aufheben
	Hide Layers	Ebenen ausblenden
	Arrange	Anordnen
	Bring to Front	In den Vordergrund
	Bring Forward	Nach vorn
	Send Backward	Nach hinten
	Send to Back	In den Hintergrund
	Reverse	Umkehren
	Combine Shapes	Formen kombinieren
	Unite Shapes	Formen vereinigen
	Subtract Front Shape	Vordere Form subtrahieren
	Intersect Shape Areas	Schnittmenge der Formen
	Exclude Overlapping Shapes	Überlappende Formen ausschließen
	Merge Shape Components	Formkomponenten zusammenfügen
	Align	Ausrichten
	Top Edges	Obere Kanten
	Vertical Centers	Vertikale Mitten
	Bottom Edges	Untere Kanten
	Left Edges	Linke Kanten
	Horizontal Centers	Horizontale Mitten
	Right Edges	Rechte Kanten
	Distribute	Verteilen
	Vertically	Vertikal
	Horizontally	Horizontal
	Layer Edges	Ebenenkanten
	Isolate Layers	Ebenen isolieren
	Layer Content Options…	Ebeneninhalt-Optionen…
	Fill Content	Füllinhalt
	Deselect Layers	Ebenenauswahl aufheben
	Find Layers	Ebenen suchen
	Layer Comps	Ebenenkompositionen
	Layers	Ebenen
	All Layers	Alle Ebenen
	Hidden Layers	Ausgeblendete Ebenen
	Mask All Objects	Alle Objekte maskieren
	Subject	Motiv
	Sky	Himmel
	Panels	Bedienfelder
	Character Panel	Zeichen-Bedienfeld
	Paragraph Panel	Absatz-Bedienfeld
	Character Styles Panel	Zeichenformate-Bedienfeld
	Paragraph Styles Panel	Absatzformate-Bedienfeld
	Glyphs Panel	Glyphen-Bedienfeld
	Anti-Alias	Kantenglättung
	Sharp	Scharf
	Crisp	Klar
	Strong	Stark
	Smooth	Weich
	Windows LCD	Windows LCD
	Windows	Windows
	Orientation	Ausrichtung
	Horizontal	Horizontal
	Vertical	Vertikal
	OpenType	OpenType
	Standard Ligatures	Standardligaturen
	Contextual Alternates	Kontextuelle Alternativen
	Discretionary Ligatures	Optionale Ligaturen
	Swash	Swash
	Oldstyle	Mediäval
	Stylistic Alternates	Stilistische Alternativen
	Titling Alternates	Titel-Alternativen
	Ornaments	Ornamente
	Ordinals	Ordnungszahlen
	Fractions	Brüche
	Create Work Path	Arbeitspfad erstellen
	Convert to Shape	In Form konvertieren
	Warp Text…	Text verkrümmen…
	Convert to Point Text	In Punkttext konvertieren
	Convert to Paragraph Text	In Absatztext konvertieren
	Default Features	Standardfunktionen
	East Asian Features	Ostasiatische Funktionen
	Middle Eastern Features	Nahöstliche Funktionen
	Middle Eastern & South Asian Composer	Nahöstlicher und südasiatischer Textsatz
	Update All Text Layers	Alle Textebenen aktualisieren
	Replace All Missing Fonts	Alle fehlenden Schriften ersetzen
	Resolve Missing Fonts…	Fehlende Schriften beheben…
	Font Preview Size	Schriftvorschau-Größe
	None	Ohne
	Small	Klein
	Medium	Mittel
	Large	Groß
	Extra Large	Extra groß
	Huge	Riesig
	Load Default Type Styles	Standard-Textformate laden
	Save Default Type Styles	Standard-Textformate speichern
	Deselect	Auswahl aufheben
	Reselect	Erneut auswählen
	Inverse	Umkehren
	Inverse Selection	Auswahl umkehren
	Similar	Ähnliche
	Color Range…	Farbbereich…
	Focus Area…	Schärfebereich…
	Select and Mask…	Auswählen und maskieren…
	Modify	Modifizieren
	Border…	Rand…
	Smooth…	Glätten…
	Expand…	Ausdehnen…
	Contract…	Zusammenziehen…
	Feather…	Weiche Kante…
	Grow	Vergrößern
	Transform Selection	Auswahl transformieren
	Edit in Quick Mask Mode	Im Schnellmaskenmodus bearbeiten
	Load Selection…	Auswahl laden…
	Save Selection…	Auswahl speichern…
	Match All	Alle abgleichen
	Last Filter	Letzter Filter
	Filter Gallery…	Filtergalerie…
	Adaptive Wide Angle…	Adaptiver Weitwinkel…
	Camera Raw Filter…	Camera-Raw-Filter…
	Liquify…	Verflüssigen…
	Vanishing Point…	Fluchtpunkt…
	Blur	Weichzeichnungsfilter
	Blur Gallery	Weichzeichnungsgalerie
	Field Blur…	Feldweichzeichner…
	Iris Blur…	Irisweichzeichner…
	Tilt-Shift…	Tilt-Shift…
	Path Blur…	Pfadweichzeichner…
	Spin Blur…	Drehweichzeichner…
	Blur More	Stärker weichzeichnen
	Box Blur…	Boxweichzeichner…
	Gaussian Blur…	Gaußscher Weichzeichner…
	Lens Blur…	Objektivunschärfe…
	Motion Blur…	Bewegungsunschärfe…
	Radial Blur…	Radialer Weichzeichner…
	Shape Blur…	Formweichzeichner…
	Smart Blur…	Intelligenter Weichzeichner…
	Surface Blur…	Oberflächenunschärfe…
	Average	Durchschnitt
	Displace…	Verschieben…
	Pinch…	Durchstoßen…
	Polar Coordinates…	Polarkoordinaten…
	Ripple…	Kräuseln…
	Shear…	Scherung…
	Spherize…	Kugelform…
	Twirl…	Strudel…
	Wave…	Wellen…
	ZigZag…	Zickzack…
	Noise	Rauschfilter
	Add Noise…	Rauschen hinzufügen…
	Despeckle	Störungen entfernen
	Dust & Scratches…	Staub und Kratzer…
	Median…	Median…
	Reduce Noise…	Rauschen reduzieren…
	Pixelate	Vergröberungsfilter
	Color Halftone…	Farbraster…
	Crystallize…	Kristallisieren…
	Facet	Facetten
	Fragment	Fragment
	Mezzotint…	Mezzotinto…
	Mosaic…	Mosaik…
	Pointillize…	Punktieren…
	Render	Rendering
	Clouds	Wolken
	Difference Clouds	Differenzwolken
	Fibers…	Fasern…
	Flame…	Flamme…
	Lens Flare…	Objektivreflex…
	Lighting Effects…	Beleuchtungseffekte…
	Relight…	Neu beleuchten…
	Picture Frame…	Bilderrahmen…
	Tree…	Baum…
	Sharpen	Scharfzeichnen
	Sharpen Edges	Kanten scharfzeichnen
	Sharpen More	Stärker scharfzeichnen
	Smart Sharpen…	Intelligent scharfzeichnen…
	Unsharp Mask…	Unscharf maskieren…
	High Pass…	Hochpass…
	Stylize	Stilisierungsfilter
	Diffuse…	Diffusion…
	Emboss…	Relief…
	Extrude…	Extrudieren…
	Find Edges	Kanten finden
	Oil Paint…	Ölgemälde…
	Solarize	Solarisieren
	Tiles…	Kacheln…
	Trace Contour…	Konturen nachzeichnen…
	Wind…	Wind…
	Video	Video
	De-Interlace…	De-Interlace…
	NTSC Colors	NTSC-Farben
	Other	Sonstige
	Maximum…	Maximum…
	Minimum…	Minimum…
	Offset…	Versatz…
	Plug-ins	Plug-ins
	Proof Setup	Proof-Setup
	Proof Colors	Proof-Farben
	Gamut Warning	Farbumfang-Warnung
	Working CMYK	Arbeits-CMYK
	Working Cyan Plate	Arbeits-Cyan-Druckplatte
	Working Magenta Plate	Arbeits-Magenta-Druckplatte
	Working Yellow Plate	Arbeits-Gelb-Druckplatte
	Working Black Plate	Arbeits-Schwarz-Druckplatte
	Working CMY Plate	Arbeits-CMY-Druckplatte
	Legacy Macintosh RGB	Legacy-Macintosh-RGB
	Internet Standard RGB	Internet-Standard-RGB
	Monitor RGB	Monitor-RGB
	Color Blindness — Protanopia-type	Farbenblindheit — Protanopie-Typ
	Color Blindness — Deuteranopia-type	Farbenblindheit — Deuteranopie-Typ
	Zoom In	Vergrößern
	Zoom Out	Verkleinern
	Fit on Screen	Auf den Bildschirm einpassen
	Fit Layer(s) on Screen	Ebenen auf den Bildschirm einpassen
	Fit Artboard on Screen	Zeichenbereich auf den Bildschirm einpassen
	100%	100 %
	200%	200 %
	Print Size	Druckgröße
	Pixel Aspect Ratio	Pixel-Seitenverhältnis
	Pixel Aspect Ratio Correction	Korrektur des Pixel-Seitenverhältnisses
	Custom Pixel Aspect Ratio…	Benutzerdefiniertes Pixel-Seitenverhältnis…
	Square	Quadratisch
	D1/DV NTSC (0.91)	D1/DV NTSC (0,91)
	D1/DV NTSC Widescreen (1.21)	D1/DV NTSC Breitbild (1,21)
	D1/DV PAL (1.09)	D1/DV PAL (1,09)
	D1/DV PAL Widescreen (1.46)	D1/DV PAL Breitbild (1,46)
	Anamorphic 2:1 (2)	Anamorphotisch 2:1 (2)
	HDV 1080/DVCPRO HD 720 (1.33)	HDV 1080/DVCPRO HD 720 (1,33)
	DVCPRO HD 1080/HDV 1080 (1.5)	DVCPRO HD 1080/HDV 1080 (1,5)
	32-bit Preview Options…	32-Bit-Vorschauoptionen…
	Screen Mode	Bildschirmmodus
	Standard Screen Mode	Standard-Bildschirmmodus
	Full Screen Mode With Menu Bar	Vollbildmodus mit Menüleiste
	Full Screen Mode	Vollbildmodus
	Cycle Screen Mode	Bildschirmmodus durchschalten
	Show	Anzeigen
	Extras	Extras
	Selection Edges	Auswahlkanten
	Target Path	Zielpfad
	Current Path	Aktueller Pfad
	Grid	Raster
	Guides	Hilfslinien
	Canvas Guides	Zeichenflächen-Hilfslinien
	Artboard Guides	Zeichenbereich-Hilfslinien
	Count	Zähler
	Smart Guides	Smart-Hilfslinien
	Slices	Slices
	Notes	Notizen
	Pixel Grid	Pixelraster
	Pixel Art	Pixel-Art
	Pixel Art Preview	Pixel-Art-Vorschau
	Pattern Preview	Muster-Vorschau
	Brush Preview	Pinsel-Vorschau
	Mesh	Netz
	Edit Pins	Pins bearbeiten
	Document Bounds	Dokumentgrenzen
	Show Extras Options…	Extras-Optionen anzeigen…
	Rulers	Lineale
	Snap	Einrasten
	Snap To	Einrasten auf
	Lock Guides	Hilfslinien sperren
	Clear Guides	Hilfslinien löschen
	Clear Selected Artboard Guides	Hilfslinien der ausgewählten Zeichenfläche löschen
	Clear Canvas Guides	Leinwand-Hilfslinien löschen
	New Guide…	Neue Hilfslinie…
	Lock Slices	Slices sperren
	Clear Slices	Slices löschen
	Match Zoom	Zoom angleichen
	Match Location	Position angleichen
	Match Rotation	Drehung angleichen
	Cascade	Überlappend
	Tile	Nebeneinander
	Tile All Horizontally	Alle horizontal nebeneinander
	Tile All Vertically	Alle vertikal nebeneinander
	2-up Horizontal	2 nebeneinander (horizontal)
	2-up Vertical	2 untereinander
	3-up Horizontal	3 nebeneinander (horizontal)
	3-up Stacked	3 gestapelt
	3-up Vertical	3 untereinander
	4-up	4-fach
	6-up	6-fach
	Consolidate All to Tabs	Alle in Registerkarten zusammenfassen
	Float in Window	Im Fenster schweben
	Float All in Windows	Alle in Fenstern schweben
	New Window for Document	Neues Fenster für Dokument
	Workspace	Arbeitsbereich
	Essentials	Essentials
	Graphic and Web	Grafik und Web
	Painting	Malen
	Photography	Fotografie
	New Workspace…	Neuer Arbeitsbereich…
	Delete Workspace…	Arbeitsbereich löschen…
	Reset Workspace	Arbeitsbereich zurücksetzen
	Lock Workspace	Arbeitsbereich sperren
	Theme	Design
	Pro Theme	Pro-Design
	Pro Medium Gray Theme	Pro-Design (Mittelgrau)
	Studio Theme	Studio-Design
	Studio Light Theme	Studio-Design (Hell)
	Classic Theme	Klassisches Design
	Next Theme	Nächstes Design
	Actions	Aktionen
	Brush Settings	Pinseleinstellungen
	Brushes	Pinsel
	Channels	Kanäle
	Character	Zeichen
	Character Styles	Zeichenformate
	Clone Source	Kopierquelle
	Color	Farbe
	Glyphs	Glyphen
	Gradients	Verläufe
	Histogram	Histogramm
	History	Protokoll
	Info	Info
	Measurement Log	Messprotokoll
	Modifier Keys	Modifikatortasten
	Navigator	Navigator
	Options	Optionen
	Paragraph	Absatz
	Paragraph Styles	Absatzformate
	Paths	Pfade
	Patterns	Muster
	Properties	Eigenschaften
	Shapes	Formen
	Styles	Stile
	Swatches	Farbfelder
	Timeline	Zeitleiste
	Tool Presets	Werkzeugvorgaben
	Tools	Werkzeuge
	About Local Image	Über Local Image
	Local Image Website	Local Image-Website
	Local Image on GitHub	Local Image auf GitHub
	ArtCraft Website	ArtCraft-Website
	Join the ArtCraft Discord…	ArtCraft-Discord beitreten…
	Report an Issue…	Problem melden…
	WIA Support…	WIA-Unterstützung…
	Apply	Anwenden
	HSB/HSL	HSB/HSL
	Invert…	Invertieren…
	Load Files into Stack…	Dateien in Stapel laden…
	Motion	Bewegung
	Notes…	Notizen…
	Other…	Weitere…
	Remove Warp Split	Verformungsteilung entfernen
	Shape	Form
	Split Warp Crosswise	Verformung quer teilen
	Split Warp Horizontally	Verformung horizontal teilen
	Split Warp Vertically	Verformung vertikal teilen
	Statistics…	Statistiken…
@plural	{n} item|{n} items	{n} Element|{n} Elemente
	Auto	Automatisch
	(print to the printer)	(auf den Drucker drucken)
	+ Add variable	+ Variable hinzufügen
	30 frames @ 30 fps	30 Frames @ 30 fps
	3D LUT File	3D-LUT-Datei
	Absolute	Absolut
	Absolute Colorimetric	Absolut farbmetrisch
	Action	Aktion
	Adaptive	Adaptiv
	Adaptive Wide Angle isn't open	Adaptiver Weitwinkel ist nicht geöffnet
	Add	Hinzufügen
	Add Layer Mask	Ebenenmaske hinzufügen
	Add Stop	Stopp hinzufügen
	Add a layer style	Ebenenstil hinzufügen
	Add a mask  (from the selection; {key} inverts)	Maske hinzufügen  (aus der Auswahl; {key} kehrt um)
	Add an adjustment	Anpassung hinzufügen
	Add disk	Festplatte hinzufügen
	Add space after paragraph	Abstand nach dem Absatz hinzufügen
	Add space before paragraph	Abstand vor dem Absatz hinzufügen
	Add to Sample	Zur Probe hinzufügen
	Add to selection  ({key})	Zur Auswahl hinzufügen  ({key})
	Adjust for Zoom	An Zoom anpassen
	Adjustment visible	Anpassung sichtbar
	Adobe RGB (1998) compatible	Adobe-RGB(1998)-kompatibel
	Align and Distribute	Ausrichten und Verteilen
	Align and distribute	Ausrichten und verteilen
	Align horizontal centers	Horizontale Mitten ausrichten
	Align left edges	Linke Kanten ausrichten
	Align right edges	Rechte Kanten ausrichten
	Aligned	Ausgerichtet
	All Caps	Versalien
	All Slices	Alle Slices
	All User Slices	Alle Benutzer-Slices
	All shortcuts reset to Photoshop defaults.	Alle Kurzbefehle wurden auf die Photoshop-Standards zurückgesetzt.
	Alt	Alt
	Always use pressure for opacity	Druck immer für Deckkraft verwenden
	Always use pressure for size	Druck immer für Größe verwenden
	Amount	Stärke
	Anchor:	Anker:
	Angle	Winkel
	Angle Gradient	Winkelverlauf
	Angle Jitter	Winkelschwankung
	Answer the unsaved-changes prompt first	Beantworten Sie zuerst die Meldung zu ungespeicherten Änderungen
	Anti-alias	Kantenglättung
	Appearance	Erscheinungsbild
	Appearance (Layer Style)	Erscheinungsbild (Ebenenstil)
	Apply Layer Mask	Ebenenmaske anwenden
	Apply Per Tip	Pro Pinselspitze anwenden
	Apply next selected layer comp	Nächste ausgewählte Ebenenkomposition anwenden
	Apply previous selected layer comp	Vorherige ausgewählte Ebenenkomposition anwenden
	Artboard	Zeichenfläche
	Artboard Background Color	Hintergrundfarbe der Zeichenfläche
	Assign working space	Arbeitsfarbraum zuweisen
	Author:	Autor:
	Auto Hide	Automatisch ausblenden
	Auto-Select:	Automatisch auswählen:
	Automatically level near-horizontal line segments	Fast horizontale Liniensegmente automatisch ausrichten
	Automatically straighten and level	Automatisch begradigen und ausrichten
	Automatically straighten near-vertical line segments	Fast vertikale Liniensegmente automatisch begradigen
	Background	Hintergrund
	Background Color	Hintergrundfarbe
	Background Contents	Hintergrundinhalt
	Balance	Balance
	Baseline	Grundlinie
	Baseline shift	Grundlinienverschiebung
	Basic	Grundeinstellungen
	Before (Y)	Vorher (Y)
	Begin recording	Aufnahme starten
	Bend:	Biegung:
	Bicubic	Bikubisch
	Bicubic (smooth gradients)	Bikubisch (sanfte Verläufe)
	Bilinear	Bilinear
	Black	Schwarz
	Black & White	Schwarzweiß
	Black Point Compensation	Schwarzpunktkompensation
	Black, White	Schwarz, Weiß
	Blacks	Schwarz
	Blending	Mischen
	Blending Options	Fülloptionen
	Blue	Blau
	Blue, Red, Yellow	Blau, Rot, Gelb
	Both	Beide
	Both Axes	Beide Achsen
	Bottom	Unten
	Brightness	Helligkeit
	Brightness Jitter	Helligkeitsschwankung
	Brightness/Contrast	Helligkeit/Kontrast
	Bring the selected pin forward	Ausgewählten Pin nach vorn bringen
	Brush Preset picker	Pinselvorgaben-Auswahl
	Brush Reconstruct Options	Pinsel-Rekonstruktionsoptionen
	Brush Tool Options	Pinselwerkzeug-Optionen
	Cache Level:	Cache-Stufe:
	Camera Raw isn't open	Camera Raw ist nicht geöffnet
	Cancel	Abbrechen
	Cancel (Esc)	Abbrechen (Esc)
	Cancel any current edits (Esc)	Aktuelle Bearbeitungen abbrechen (Esc)
	Cancel current crop operation  (Esc)	Aktuelle Freistellung abbrechen  (Esc)
	Cancel transform (Esc)	Transformation abbrechen (Esc)
	Cancel warp (Esc)	Verformen abbrechen (Esc)
	Canvas	Arbeitsfläche
	Canvas extension color:	Farbe der Arbeitsflächenerweiterung:
	Capture	Erfassen
	Capture the visibility, position and style of every layer with + below, then switch between versions.	Erfasse Sichtbarkeit, Position und Stil jeder Ebene mit + unten, und wechsle dann zwischen Versionen.
	Catch-up on Stroke End	Am Strich-Ende aufholen
	Center	Mitte
	Center Crop Marks	Mittige Schnittmarken
	Center text	Text zentrieren
	Change	Ändern
	Change All	Alle ändern
	Change Screen Mode  (F)	Bildschirmmodus wechseln  (F)
	Change To:	Ändern in:
	Channel Mixer	Kanalmixer
	Channel:	Kanal:
	Check All Layers	Alle Ebenen prüfen
	Check Spelling	Rechtschreibung prüfen
	Clarity	Klarheit
	Clear All	Alle löschen
	Clear Override	Überschreibung löschen
	Clear Samples	Proben löschen
	Click sets foreground · right-click sets background	Klick setzt Vordergrund · Rechtsklick setzt Hintergrund
	Click the first point or press {key} to close · Esc cancels	Klicke auf den ersten Punkt oder drücke {key} zum Schließen · Esc bricht ab
	Click to add a point · drag off or {key}-click or Delete to remove	Klicken fügt einen Punkt hinzu · Wegziehen, {key}-Klick oder Entfernen löscht ihn
	Click to apply, {key}-click to clear overrides, double-click for Style Options	Klicken wendet an, {key}-Klick löscht Überschreibungen, Doppelklick öffnet die Stiloptionen
	Click to edit the gradient	Klicke, um den Verlauf zu bearbeiten
	Click to restore the current colour	Klicke, um die aktuelle Farbe wiederherzustellen
	Click to zoom in  ·  {key}-click to zoom out  ·  drag right/left to zoom in/out	Klicken vergrößert  ·  {key}-Klick verkleinert  ·  nach rechts/links ziehen zoomt rein/raus
	Click with the Note tool to add a note.	Klicke mit dem Notiz-Werkzeug, um eine Notiz hinzuzufügen.
	Click: corner · Drag: smooth · Click first point: close · {key} finish · Esc cancel	Klick: Ecke · Ziehen: weich · Ersten Punkt klicken: schließen · {key} fertig · Esc abbrechen
	Clip to layer below	Auf die Ebene darunter beschneiden
	Clipped	Beschnitten
	Close Style Options	Stiloptionen schließen
	Cmd	Cmd
	Coated CMYK	Gestrichenes CMYK
	Color & Swatches	Farbe & Farbfelder
	Color Balance	Farbbalance
	Color Detail	Farbdetails
	Color Grading	Farbabstufung
	Color Lookup	Farblookup
	Color Management	Farbverwaltung
	Color Mixer	Farbmischer
	Color Mode	Farbmodus
	Color Priority	Farbpriorität
	Color Range preview	Farbbereich-Vorschau
	Color:	Farbe:
	Colorize	Färben
	Colors	Farben
	Commit Perspective Warp ({key})	Perspektivisch verformen übernehmen ({key})
	Commit Puppet Warp ({key})	Puppet-Warp übernehmen ({key})
	Commit any current edits ({key})	Aktuelle Bearbeitungen übernehmen ({key})
	Commit current crop operation  ({key})	Aktuelle Freistellung übernehmen  ({key})
	Commit transform ({key})	Transformation übernehmen ({key})
	Commit warp ({key})	Verformen übernehmen ({key})
	Constant	Konstant
	Constrain proportions	Proportionen beibehalten
	Contact Sheet II	Kontaktabzug II
	Content-Aware	Inhaltsbasiert
	Contiguous	Benachbart
	Contrast	Kontrast
	Control:	Steuerung:
	Convert document's colors to the working space	Farben des Dokuments in den Arbeitsfarbraum konvertieren
	Convert to sRGB	In sRGB konvertieren
	Copies	Kopien
	Copper	Kupfer
	Copyright	Urheberrecht
	Copyright and Contact Info	Urheberrecht und Kontaktinfo
	Corner Crop Marks	Eck-Schnittmarken
	Corner radius	Eckenradius
	Correction	Korrektur
	Count Jitter	Anzahl-Schwankung
	Create	Erstellen
	Create Droplet	Droplet erstellen
	Create Texture	Textur erstellen
	Create Video Timeline	Video-Zeitleiste erstellen
	Create a new count group	Neue Zählergruppe erstellen
	Create a new document or open an existing file.	Erstelle ein neues Dokument oder öffne eine bestehende Datei.
	Create a new group	Neue Gruppe erstellen
	Create a new layer	Neue Ebene erstellen
	Create new action	Neue Aktion erstellen
	Create new channel	Neuen Kanal erstellen
	Create new document from current state	Neues Dokument aus aktuellem Status erstellen
	Create new fill or adjustment layer	Neue Füll- oder Anpassungsebene erstellen
	Create new gradient	Neuen Verlauf erstellen
	Create new group	Neue Gruppe erstellen
	Create new layer comp	Neue Ebenenkomposition erstellen
	Create new pattern from the selection	Neues Muster aus der Auswahl erstellen
	Create new shape from the current path	Neue Form aus dem aktuellen Pfad erstellen
	Create new snapshot	Neuen Schnappschuss erstellen
	Create new style (from the selected type)	Neuen Stil erstellen (aus dem ausgewählten Text)
	Create new style from the selected layer	Neuen Stil aus der ausgewählten Ebene erstellen
	Create new tool preset	Neue Werkzeugvorgabe erstellen
	Crop Factor	Cropfaktor
	Ctrl	Ctrl
	Current & Below	Aktuelle und darunter
	Current Layer	Aktuelle Ebene
	Current Size	Aktuelle Größe
	Current Tool Only	Nur aktuelles Werkzeug
	Curve	Kurve
	Curves	Gradationskurven
	Custom	Benutzerdefiniert
	Custom Shapes	Benutzerdefinierte Formen
	Cyan	Cyan
	Cyan  ·  Red	Cyan  ·  Rot
	Darken	Abdunkeln
	Darks	Dunkle
	Data Sets	Datensätze
	Default	Standard
	Default colours (D)	Standardfarben (D)
	Default printer	Standarddrucker
	Default restored.	Standard wiederhergestellt.
	Define	Definieren
	Define at least one variable first.	Definieren Sie zuerst mindestens eine Variable.
	Dehaze	Dunst entfernen
	Delete Cropped Pixels	Beschnittene Pixel löschen
	Delete Group	Gruppe löschen
	Delete Layer Mask	Ebenenmaske löschen
	Delete Layers	Ebenen löschen
	Delete Shortcut	Kurzbefehl löschen
	Delete Timeline	Zeitleiste löschen
	Delete Tool Preset	Werkzeugvorgabe löschen
	Delete count group	Zählgruppe löschen
	Delete current channel	Aktuellen Kanal löschen
	Delete current state	Aktuellen Status löschen
	Delete effect layer	Effektebene löschen
	Delete layer	Ebene löschen
	Delete layer comp	Ebenenkomposition löschen
	Delete note	Notiz löschen
	Delete selected measurements	Ausgewählte Messungen löschen
	Delete style	Stil löschen
	Delete tool preset	Werkzeugvorgabe löschen
	Density	Dichte
	Density:	Dichte:
	Depth	Tiefe
	Depth Jitter	Tiefenschwankung
	Description	Beschreibung
	Deselect All	Gesamtauswahl aufheben
	Detail	Details
	Diamond Gradient	Diamant
	Difference	Differenz
	Diffusion	Diffusion
	Discard the embedded profile (don't color manage)	Eingebettetes Profil verwerfen (keine Farbverwaltung)
	Discontiguous	Nicht benachbart
	Discord	Discord
	Dismiss	Ausblenden
	Display P3	Display P3
	Display Text	Text anzeigen
	Dither	Dithering
	Divide…	Dividieren…
	Document	Dokument
	Don't Save	Nicht speichern
	No	Nein
	Yes	Ja
	Done	Fertig
	Dots	Punkte
	Drag a rectangle around the object	Ziehen Sie ein Rechteck um das Objekt
	Drag on the image to add a constraint; Shift for horizontal/vertical; right-click to delete.	Ziehen Sie auf dem Bild, um eine Zwangsbedingung hinzuzufügen; Shift für horizontal/vertikal; Rechtsklick löscht.
	Drag to move the active shape's path or the Work Path	Ziehen, um den Pfad der aktiven Form oder den Arbeitspfad zu verschieben
	Click: select anchor · Drag: move anchor, handle or segment · {shift}-click: add · {alt}-click: whole subpath	Klick: Ankerpunkt auswählen · Ziehen: Ankerpunkt, Griff oder Segment verschieben · {shift}-Klick: hinzufügen · {alt}-Klick: ganzer Teilpfad
	Draw with the Pen tool (P) or make a work path from a selection.	Zeichnen Sie mit dem Stift-Werkzeug (P) oder erzeugen Sie einen Arbeitspfad aus einer Auswahl.
	Drop an image or PSD anywhere to open it.	Ziehen Sie ein Bild oder PSD an eine beliebige Stelle, um es zu öffnen.
	Native file drag-and-drop is unavailable	Natives Ziehen und Ablegen von Dateien ist nicht verfügbar
	Native file drag-and-drop is not supported on Wayland yet. Use File › Open, or run Local Image under XWayland with `WAYLAND_DISPLAY= local-image`.	Natives Ziehen und Ablegen von Dateien wird unter Wayland noch nicht unterstützt. Nutzen Sie Datei › Öffnen oder starten Sie Local Image unter XWayland mit `WAYLAND_DISPLAY= local-image`.
	Duplicate Layers…	Ebenen duplizieren…
	Duplicate style	Stil duplizieren
	Edit Toolbar…	Werkzeugleiste bearbeiten…
	Use File › Open to open an image.	Nutzen Sie Datei › Öffnen, um ein Bild zu öffnen.
	Edit in Quick Mask Mode  (Q)	Im Schnellmaskenmodus bearbeiten  (Q)
	Edit in Standard Mode  (Q)	Im Standardmodus bearbeiten  (Q)
	Effects	Effekte
	Embed Color Profile	Farbprofil einbetten
	Embedded Profile Mismatch	Eingebettetes Profil stimmt nicht überein
	Enable airbrush-style build-up effects	Airbrush-artige Aufbaueffekte aktivieren
	Enhance Edge	Kante verstärken
	Entire Font	Gesamte Schriftart
	Exact	Exakt
	Expansion:	Erweiterung:
	Export Presets	Vorgaben exportieren
	Export selected measurements (CSV)	Ausgewählte Messungen exportieren (CSV)
	Exposure	Belichtung
	Exposure and Gamma	Belichtung und Gamma
	Exposure:	Belichtung:
	Eyedropper	Pipette
	Factor:	Faktor:
	Faux Bold	Fett simulieren
	Faux Italic	Kursiv simulieren
	Feather	Weiche Kante
	Fewer Points	Weniger Punkte
	File Settings	Dateieinstellungen
	Fill	Füllung
	Fill:	Füllung:
	Filter for adjustment layers	Filter für Anpassungsebenen
	Filter for pixel layers	Filter für Pixelebenen
	Filter for shape layers	Filter für Formebenen
	Filter for smart objects	Filter für Smartobjekte
	Filter for type layers	Filter für Textebenen
	Filter:	Filter:
	Finger Painting	Fingermalerei
	Fisheye	Fischauge
	Fit	Einpassen
	Fit Screen	Auf Bildschirm einpassen
	Fit in View	In Ansicht einpassen
	Fixed	Fest
	Fixed Ratio	Festes Verhältnis
	Fixed Size	Feste Größe
	Flip	Spiegeln
	Flip X	X spiegeln
	Flip X Jitter	X-Spiegel-Schwankung
	Flip Y	Y spiegeln
	Flip Y Jitter	Y-Spiegel-Schwankung
	Flow	Fluss
	Flow Jitter	Flussschwankung
	Focal Length	Brennweite
	Font	Schriftart
	Font Size:	Schriftgröße:
	Font size	Schriftgröße
	Foreground	Vordergrund
	Foreground to Background	Vordergrund zu Hintergrund
	Foreground/Background Jitter	Vordergrund/Hintergrund-Schwankung
	Format	Format
	Frame from Layers…	Frame aus Ebenen…
	Free	Frei
	Full Spherical	Vollständig sphärisch
	Fuzziness:	Toleranz:
	GPU	GPU
	Gamma Correction	Gammakorrektur
	Gamma:	Gamma:
	Global	Global
	Glow Color	Scheinfarbe
	Gradient Map	Verlaufsumsetzung
	Grain	Körnung
	Gray	Grau
	Gray Gamma 2.2	Grau Gamma 2.2
	Green	Grün
	Group	Gruppe
	Hardness	Härte
	Heart	Herz
	Height	Höhe
	Height:	Höhe:
	Hide Auto Slices	Automatische Slices ausblenden
	Hide Properties	Eigenschaften ausblenden
	Highlight Compression	Lichtkompression
	Highlight Priority	Lichtpriorität
	Highlights	Lichter
	Home	Start
	Horizontal scale	Horizontale Skalierung
	Hue	Farbton
	Hue Jitter	Farbtonschwankung
	Hue/Saturation	Farbton/Sättigung
	Hyphenate	Silbentrennung
	Ignore	Ignorieren
	Ignore All	Alle ignorieren
	Image Size	Bildgröße
	Import Brushes…	Pinsel importieren…
	Import Photoshop brushes (.abr)	Photoshop-Pinsel (.abr) importieren
	Import Presets	Vorgaben importieren
	Imported	Importiert
	Indent First	Erste Zeile einrücken
	Indent Left	Links einrücken
	Indent Right	Rechts einrücken
	Indent first line	Erste Zeile einrücken
	Indent left margin	Linken Rand einrücken
	Indent right margin	Rechten Rand einrücken
	Input:	Eingabe:
	Inside	Innen
	Interlaced	Zeilensprung
	Interpolation:	Interpolation:
	Intersect with selection  ({key})	Mit Auswahl schneiden  ({key})
	Invert All	Alle invertieren
	Invert has no settings.	Invertieren hat keine Einstellungen.
	Italic	Kursiv
	Join us on Discord	Treten Sie unserem Discord bei
	Justify all	Alles im Blocksatz
	Justify last centered	Letzte Zeile zentriert
	Justify last left	Letzte Zeile links
	Justify last right	Letzte Zeile rechts
	Kerning	Unterschneidung
	Keyboard Shortcuts	Tastaturkurzbefehle
	Keyboard Shortcuts and Menus	Tastaturkurzbefehle und Menüs
	Kind	Art
	Label Size	Beschriftungsgröße
	Labels	Beschriftungen
	Lanczos (sharp)	Lanczos (scharf)
	Landscape	Querformat
	Last Document State	Letzter Dokumentstatus
	Layout	Layout
	Leading	Zeilenabstand
	Leading (set to the font size × auto-leading when Auto)	Zeilenabstand (bei „Automatisch“ auf Schriftgröße × automatischer Zeilenabstand gesetzt)
	Leave as is (don't color manage)	Unverändert lassen (keine Farbverwaltung)
	Left	Links
	Left align text	Text links ausrichten
	Length:	Länge:
	Level	Stufe
	Levels	Tonwertkorrektur
	Lighten	Aufhellen
	Lightness	Helligkeit
	Lights	Helle
	Limits:	Grenzen:
	Linear Gradient	Linearer Verlauf
	Link layers	Ebenen verknüpfen
	Link width and height	Breite und Höhe koppeln
	Liquify is not open	Verflüssigen ist nicht geöffnet
	Load	Laden
	Load 3D LUT…	3D-LUT laden…
	Load Photoshop brushes (.abr)	Photoshop-Pinsel (.abr) laden
	Load channel as selection	Kanal als Auswahl laden
	Load…	Laden…
	Localized Color Clusters	Lokalisierte Farbcluster
	Lock	Sperren
	Lock all	Alles sperren
	Lock image pixels	Bildpixel sperren
	Lock layer	Ebene sperren
	Lock position	Position sperren
	Lock transparent pixels	Transparente Pixel sperren
	Lock:	Sperren:
	Logical Length:	Logische Länge:
	Logical Units:	Logische Einheiten:
	Luminance	Luminanz
	Luminance Detail	Luminanzdetails
	Magenta	Magenta
	Magenta  ·  Green	Magenta  ·  Grün
	Maintain aspect ratio	Seitenverhältnis beibehalten
	Marker Size	Markergröße
	Mask All	Alles maskieren
	Mask Options	Maskenoptionen
	Masking	Maskieren
	Master	Gesamt
	Matte	Mattierung
	Median:	Median:
	Menus	Menüs
	Mesh Size	Gitternetzgröße
	Metadata	Metadaten
	Metrics	Metrik
	Midpoint	Mittelpunkt
	Midtones	Mitteltöne
	Midtones from:	Mitteltöne von:
	Midtones to:	Mitteltöne bis:
	Minimum Depth	Minimale Tiefe
	Minimum Diameter	Minimaler Durchmesser
	Minimum Roundness	Minimale Rundung
	Mode:	Modus:
	Monochrome	Monochrom
	More Points	Mehr Punkte
	Move effect layer down	Effektebene nach unten verschieben
	Move effect layer up	Effektebene nach oben verschieben
	Move to	Verschieben nach
	Name	Name
	Name:	Name:
	Nearest Neighbor	Nächster Nachbar
	Nearest Neighbor (hard edges)	Nächster Nachbar (harte Kanten)
	New Size	Neue Größe
	New document…	Neues Dokument…
	New effect layer	Neue Effektebene
	New selection	Neue Auswahl
	Next frame	Nächster Frame
	Next note	Nächste Notiz
	No Color	Ohne Farbe
	No Color Management	Keine Farbverwaltung
	No Dither	Kein Dithering
	No author	Kein Autor
	No character style	Kein Zeichenformat
	No document	Kein Dokument
	No matching commands	Keine passenden Befehle
	No presets for the current tool.	Keine Vorgaben für das aktuelle Werkzeug.
	No presets of this type.	Keine Vorgaben dieses Typs.
	No properties	Keine Eigenschaften
	No tool presets.	Keine Werkzeugvorgaben.
	Noise Reduction	Rauschreduzierung
	Normal	Normal
	Not in Dictionary:	Nicht im Wörterbuch:
	OK	OK
	Offset	Versatz
	Only Web Colors	Nur Webfarben
	Opacity	Deckkraft
	Opacity Jitter	Deckkraftstreuung
	Opacity:	Deckkraft:
	Open a document to define variables.	Öffnen Sie ein Dokument, um Variablen zu definieren.
	Open a document to select a colour range.	Öffnen Sie ein Dokument, um einen Farbbereich auszuwählen.
	Open a document to use the timeline.	Öffnen Sie ein Dokument, um die Zeitleiste zu nutzen.
	Optical	Optisch
	Optimized	Optimiert
	Option-click to define a source point to clone from	Options-Klick definiert eine Klonquelle
	Original	Original
	Output Channel:	Ausgabekanal:
	Output Levels:	Ausgabe-Tonwerte:
	Output:	Ausgabe:
	Outside	Außen
	Overlay Color	Überlagerungsfarbe
	Overlay Opacity	Deckkraft der Überlagerung
	Overlay: Rule of Thirds	Overlay: Drittelregel
	Override Pressure	Druck überschreiben
	Override Rotation	Rotation überschreiben
	Override Tilt	Neigung überschreiben
	PRESET DETAILS	VORGABENDETAILS
	PSD	PSD
	Paint Overlay	Übermalung
	Panel locations are saved in the workspace. Keyboard shortcuts, menus and toolbar are optional.	Bedienfeldpositionen werden im Arbeitsbereich gespeichert. Tastaturkurzbefehle, Menüs und Werkzeugleiste sind optional.
	Paper	Papier
	Path	Pfad
	Pattern	Muster
	Pattern Size	Mustergröße
	Pause	Pause
	Percent	Prozent
	Perceptual	Perzeptiv
	Perspective Warp is not active	Perspektivische Verkrümmung ist nicht aktiv
	Perspective Warp: draw planes along the image's perspective, then switch to Warp	Perspektivische Verformung: zeichne Flächen entlang der Bildperspektive, wechsle dann zu Verformen
	Photo Filter	Fotofilter
	Local Image	Local Image
	Local Image Manages Colors	Local Image verwaltet die Farben
	Local Image — an open-source, native image editor written in Rust.	Local Image — ein nativer Open-Source-Bildeditor, geschrieben in Rust.
	Pin Depth:	Pin-Tiefe:
	Pixel Length:	Pixel-Länge:
	Pixels/Centimeter	Pixel/Zentimeter
	Pixels/Inch	Pixel/Zoll
	Pixels:	Pixel:
	Play	Wiedergeben
	Play selection	Auswahl wiedergeben
	Portrait	Hochformat
	Position	Position
	Position and Size	Position und Größe
	Posterize	Tontrennung
	Preserve Details	Details erhalten
	Preserve Luminosity	Luminanz erhalten
	Preset	Vorgabe
	Preset Type	Vorgabetyp
	Preset:	Vorgabe:
	Presets:	Vorgaben:
	Press keys…	Tasten drücken…
	Pressure	Druck
	Pressure for Opacity	Druck für Deckkraft
	Pressure for Size	Druck für Größe
	Prevent auto-nesting in and out of Artboards and Frames	Automatisches Verschachteln in und aus Zeichenflächen und Rahmen verhindern
	Preview	Vorschau
	Previous frame	Vorheriger Frame
	Previous note	Vorherige Notiz
	Print	Drucken
	Printer	Drucker
	Printer Manages Colors	Drucker verwaltet die Farben
	Printer Setup	Druckereinrichtung
	Printing Marks	Druckmarken
	Progressive	Progressiv
	Promote	Hochstufen
	Protect Detail	Details schützen
	Protect Foreground Color	Vordergrundfarbe schützen
	Protect Tones	Farbtöne schützen
	Proximity Match	Umgebungsabgleich
	Pulled String Mode	Fadenmodus
	Puppet Warp is not active	Puppet Warp ist nicht aktiv
	Purity	Reinheit
	Quality	Qualität
	Quick Actions	Schnellaktionen
	Quick Export As PNG	Schnellexport als PNG
	Radial Gradient	Radialer Verlauf
	Radius	Radius
	Radius:	Radius:
	Range:	Bereich:
	Rate	Rate
	Recently Used	Zuletzt verwendet
	Reconstruct	Rekonstruieren
	Record ● a sequence of edits, then play ▶ it on any document.	Zeichne ● eine Folge von Bearbeitungen auf und gebe sie ▶ auf jedem Dokument wieder.
	Red	Rot
	Redefine style by current selection	Stil anhand der aktuellen Auswahl neu definieren
	Reflected Gradient	Reflektierter Verlauf
	Registration Marks	Passmarken
	Regular	Regulär
	Relative	Relativ
	Relative Colorimetric	Relativ farbmetrisch
	Remove	Entfernen
	Remove All Pins	Alle Pins entfernen
	Remove Background	Hintergrund entfernen
	Remove Planes	Flächen entfernen
	Remove stop	Stopp entfernen
	Remove variable	Variable entfernen
	Rename	Umbenennen
	Rename Group…	Gruppe umbenennen…
	Rename Layer…	Ebene umbenennen…
	Rename Tool Preset…	Werkzeugvorgabe umbenennen…
	Rename…	Umbenennen…
	Resample	Neu berechnen
	Reset All to Defaults	Alles auf Standardwerte zurücksetzen
	Reset Section	Abschnitt zurücksetzen
	Reset Transform	Transformation zurücksetzen
	Reset to defaults	Auf Standardwerte zurücksetzen
	Resolution	Auflösung
	Resolution:	Auflösung:
	Restore All	Alle wiederherstellen
	Restore Defaults	Standardwerte wiederherstellen
	Restrictive (Web)	Restriktiv (Web)
	Right	Rechts
	Right align text	Text rechts ausrichten
	Rigid	Starr
	Rotate:	Drehen:
	Rotation	Drehung
	Roughness	Rauheit
	Roundness	Rundheit
	Roundness Jitter	Rundheitsschwankung
	Rulers & Grids	Lineale & Raster
	Sample All Layers	Alle Ebenen einbeziehen
	Sample:	Probe:
	Sampling: Background Swatch	Abtasten: Hintergrundfarbe
	Sampling: Continuous	Abtasten: Fortlaufend
	Sampling: Once	Abtasten: Einmal
	Saturate	Sättigen
	Saturation	Sättigung
	Saturation Jitter	Sättigungsschwankung
	Save HTML and Images	HTML und Bilder speichern
	Save as PDF	Als PDF speichern
	Save selection as channel	Auswahl als Kanal speichern
	Save…	Speichern…
	Scale to Fit Media	Auf Medienformat skalieren
	Scatter	Streuung
	Scratch disks	Arbeitsvolumes
	Search	Suchen
	Search commands	Befehle suchen
	Search commands, tools and panels…	Befehle, Werkzeuge und Bedienfelder suchen…
	Search fonts	Schriften suchen
	Select All	Alles auswählen
	Select Subject	Motiv auswählen
	Select a type layer or click into text to insert glyphs	Wähle eine Textebene aus oder klicke in den Text, um Glyphen einzufügen
	Select text to apply a character style	Wähle Text aus, um ein Zeichenformat anzuwenden
	Select:	Auswählen:
	Selections	Auswahlen
	Selective	Selektiv
	Selective Color	Selektive Farbkorrektur
	Send the selected pin backward	Ausgewählten Pin nach hinten senden
	Set additional smoothing options	Zusätzliche Glättungsoptionen festlegen
	Set background color	Hintergrundfarbe festlegen
	Set foreground color	Vordergrundfarbe festlegen
	Set painting symmetry options	Symmetrieoptionen für das Malen festlegen
	Set shape fill type	Fülltyp der Form festlegen
	Set shape stroke type	Konturtyp der Form festlegen
	Set the text color	Textfarbe festlegen
	Shadows	Tiefen
	Shape:	Form:
	Sharpening	Scharfzeichnung
	Shift	Shift
	Shortcut removed.	Kurzbefehl entfernt.
	Show All Menu Items	Alle Menüeinträge anzeigen
	Show Backdrop	Hintergrund anzeigen
	Show Guides	Hilfslinien anzeigen
	Show Mask	Maske anzeigen
	Show Mesh	Gitternetz anzeigen
	Show Overlay	Overlay anzeigen
	Show Transform Controls	Transformationssteuerung anzeigen
	Show or hide the Notes panel	Notiz-Bedienfeld ein- oder ausblenden
	Show:	Anzeigen:
	Sides	Seiten
	Sides:	Seiten:
	Size	Größe
	Size Jitter	Größenschwankung
	Size:	Größe:
	Slice Options…	Slice-Optionen…
	Slices From Guides	Slices aus Hilfslinien
	Slices are locked (View › Lock Slices)	Slices sind gesperrt (Ansicht › Slices sperren)
	Small Caps	Kapitälchen
	Smoothing	Glättung
	Space After	Abstand nach
	Space Before	Abstand vor
	Spacing	Abstand
	Spell check complete.	Rechtschreibprüfung abgeschlossen.
	Split:	Teilung:
	Star ratio	Sternverhältnis
	Stop playing/recording	Wiedergabe/Aufnahme stoppen
	Straighten	Begradigen
	Straighten Layer	Ebene begradigen
	Strength:	Stärke:
	Strikethrough	Durchgestrichen
	Stroke	Kontur
	Stroke Catch-up	Strich-Aufholen
	Stroke:	Kontur:
	Style	Stil
	Style Options	Stiloptionen
	Style Options…	Stiloptionen…
	Style: Normal	Stil: Normal
	Subtract from Sample	Von der Probe abziehen
	Subtract from selection  ({key})	Von Auswahl abziehen  ({key})
	Suggestions:	Vorschläge:
	Swap colours (X)	Farben tauschen (X)
	Swaps height and width	Tauscht Höhe und Breite
	Switch between free transform and warp modes	Zwischen freier Transformation und Verformen wechseln
	Switch theme	Design wechseln
	Temperature	Temperatur
	Tetrahedral	Tetraedrisch
	Text Position:	Textposition:
	Texture	Textur
	Texture Each Tip	Textur pro Spitze
	Threshold	Schwellenwert
	Threshold Level	Schwellenwertstufe
	Thumbnail size (smallest: list)	Miniaturbildgröße (kleinste: Liste)
	Tilt X	Neigung X
	Tilt Y	Neigung Y
	Tint	Tönung
	Toggle count group visibility	Sichtbarkeit der Zählergruppe umschalten
	Toggle text orientation	Textausrichtung umschalten
	Tolerance	Toleranz
	Tolerance:	Toleranz:
	Tone:	Ton:
	Toolbar	Werkzeugleiste
	Top	Oben
	Total:	Gesamt:
	Tracking	Laufweite
	Tracking (1/1000 em)	Laufweite (1/1000 em)
	Transparency	Transparenz
	Transparent	Transparent
	Trilinear	Trilinear
	Type Styles	Textformate
	Type:	Typ:
	Underline	Unterstrichen
	Untitled	Unbenannt
	Untitled-1	Unbenannt-1
	Update layer comp (visibility, position and appearance)	Ebenenkomposition aktualisieren (Sichtbarkeit, Position und Erscheinungsbild)
	Use Default	Standard verwenden
	Use Legacy	Legacy verwenden
	Use Measurement Scale	Messskala verwenden
	Use the embedded profile (instead of the working space)	Eingebettetes Profil verwenden (statt des Arbeitsfarbraums)
	Variables bind a layer's visibility, text or pixels to a named data slot.	Variablen binden Sichtbarkeit, Text oder Pixel einer Ebene an einen benannten Datenslot.
	Vertical scale	Vertikale Skalierung
	Vibrance	Dynamik
	View Options	Ansichtsoptionen
	Vignetting	Vignettierung
	Violet, Orange	Violett, Orange
	Visibility	Sichtbarkeit
	Visible	Sichtbar
	Warp:	Verformen:
	Web Snap	Web-Anpassung
	Weight	Strichstärke
	Weight:	Strichstärke:
	White	Weiß
	White Balance: As Shot	Weißabgleich: Wie Aufnahme
	Whites	Weiß
	Width	Breite
	Width:	Breite:
	Work Path	Arbeitspfad
	Yellow	Gelb
	Yellow  ·  Blue	Gelb  ·  Blau
	Zoom	Zoom
	Zoom in	Vergrößern
	Zoom out	Verkleinern
	command or shortcut	Befehl oder Kurzbefehl
	current	aktuell
	image file path	Bilddateipfad
	modified	geändert
	name	Name
	new	neu
	{name} options	{name} Optionen
	↑↓ navigate   {key} run   esc close	↑↓ Navigieren   {key} Ausführen   esc Schließen
	Version {version}	Version {version}
	New Document	Neues Dokument
	Error	Fehler
	Command	Befehl
	Adjustment layers have nothing to transform	Anpassungsebenen haben nichts zu transformieren
	Altitude	Höhenwinkel
	Android 1080p	Android 1080p
	Apple Watch 45mm	Apple Watch 45 mm
	Aqua	Aqua
	Art & Illustration	Kunst & Illustration
	ArtCraft	ArtCraft
	Background Eraser Tool	Hintergrund-Radiergummi-Werkzeug
	Bevel & Emboss	Abgeflachte Kante & Relief
	Blend Mode	Füllmethode
	Blues	Blautöne
	Blur Tool	Weichzeichner-Werkzeug
	Bold	Fett
	Brush	Pinsel
	Brush Pose	Pinselhaltung
	Brush Tip Shape	Pinselspitzenform
	Brush Tool	Pinsel-Werkzeug
	Build-up	Aufbau
	Burn Tool	Nachbelichter-Werkzeug
	Centimeters	Zentimeter
	Choke	Drosselung
	Classic	Klassisch
	Click to add text	Klicken, um Text hinzuzufügen
	Click to fill similar colours	Klicken, um ähnliche Farben zu füllen
	Clone Stamp Tool	Kopierstempel-Werkzeug
	Color Burn	Farbig nachbelichten
	Color Dodge	Farbig abwedeln
	Color Dynamics	Farbdynamik
	Color Overlay	Farbüberlagerung
	Comic Book	Comicbuch
	Conform	Anpassen
	Content-Aware Fill needs a selection on a pixel layer	Inhaltsbasiertes Füllen braucht eine Auswahl auf einer Pixelebene
	Could not transform: the layer is empty	Transformieren nicht möglich: Die Ebene ist leer
	Could not use Perspective Warp: the layer is empty	Perspektivisches Verformen nicht möglich: Die Ebene ist leer
	Could not use Puppet Warp: no opaque pixels	Puppet Warp nicht möglich: keine deckenden Pixel
	Could not use Puppet Warp: the layer is empty	Puppet Warp nicht möglich: Die Ebene ist leer
	Crop Tool	Freistellungswerkzeug
	Crosswise	Quer
	Current Tool	Aktuelles Werkzeug
	Custom Shape Tool	Werkzeug für benutzerdefinierte Formen
	Cyans	Cyantöne
	Default Photoshop Size	Standard-Photoshop-Größe
	Delete Workspace	Arbeitsbereich löschen
	Diamond	Raute
	Dimensions:	Abmessungen:
	Direction	Richtung
	Distance	Abstand
	Document Dimensions	Dokumentabmessungen
	Document Profile	Dokumentprofil
	Document Sizes	Dokumentgrößen
	Dodge Tool	Abwedler-Werkzeug
	Down	Nach unten
	Drag to draw a gradient	Ziehen, um einen Verlauf zu zeichnen
	Drag to move the active layer	Ziehen, um die aktive Ebene zu verschieben
	Drag to pan  ·  hold Space with any tool	Ziehen schwenkt  ·  Leertaste mit jedem Werkzeug gedrückt halten
	Drop Shadow	Schlagschatten
	Dual Brush	Doppelpinsel
	Edge	Kante
	Efficiency	Effizienz
	Efficiency: 100%	Effizienz: 100 %
	Ellipse Tool	Ellipsen-Werkzeug
	Elliptical Marquee Tool	Ellipsenauswahl-Werkzeug
	Emboss	Relief
	Eraser	Radiergummi
	Eraser Tool	Radiergummi-Werkzeug
	ExtraBold	Extrafett
	ExtraLight	Extraleicht
	Eyedropper Tool	Pipetten-Werkzeug
	Fade	Verblassen
	Fill Opacity	Füll-Deckkraft
	Film & Video	Film & Video
	From	Von
	General	Allgemein
	GitHub	GitHub
	Gradient Overlay	Verlaufsüberlagerung
	Gradient Tool	Verlaufs-Werkzeug
	Greens	Grüntöne
	Hand Tool	Hand-Werkzeug
	Hard	Hart
	Hard Mix	Hart mischen
	Healing Brush Tool	Reparaturpinsel-Werkzeug
	Highlights from:	Lichter von:
	History Brush Tool	Protokollpinsel-Werkzeug
	Horizontal Type Tool	Horizontales Text-Werkzeug
	Image Size:	Bildgröße:
	Inches	Zoll
	Indexed	Indiziert
	Initial Direction	Anfangsrichtung
	Inner Bevel	Abgeflachte Kante innen
	Inner Glow	Schein nach innen
	Inner Shadow	Innerer Schatten
	Lab	Lab
	Landscape, 10 x 8	Querformat, 10 x 8
	Landscape, 6 x 4	Querformat, 6 x 4
	Landscape, 7 x 5	Querformat, 7 x 5
	Lasso	Lasso
	Lasso Tool	Lasso-Werkzeug
	Layer Count	Ebenenzahl
	Layer Knocks Out Drop Shadow	Ebene stanzt den Schlagschatten aus
	Legal	Legal
	Letter	Letter
	Light	Light
	Line Tool	Linien-Werkzeug
	Linear	Linear
	Linear Burn	Linear nachbelichten
	Linear Height	Lineare Höhe
	Link with Layer	Mit Ebene verknüpfen
	Lorem Ipsum	Lorem Ipsum
	Magentas	Magentatöne
	Magic Eraser Tool	Magischer Radiergummi-Werkzeug
	Magic Wand Tool	Zauberstab-Werkzeug
	Marquee	Auswahlrahmen
	Mean:	Mittelwert:
	Measurement Scale	Messskala
	Measurement Scale Marker	Messskalen-Marker
	Millimeters	Millimeter
	Mobile	Mobil
	Move Tool	Verschieben-Werkzeug
	Multiply	Multiplizieren
	My Brushes	Meine Pinsel
	Neutrals	Neutrale
	New Workspace	Neuer Arbeitsbereich
	Note Tool	Notiz-Werkzeug
	Object Selection Tool	Objektauswahl-Werkzeug
	Off	Aus
	Open	Öffnen
	Orange	Orange
	Original Ratio	Originalverhältnis
	Out Of Gamut	Außerhalb des Farbumfangs
	Outer Bevel	Abgeflachte Kante außen
	Outer Glow	Schein nach außen
	Overlay	Überlagern
	Paint Bucket Tool	Fülleimer-Werkzeug
	Paints from the document's opening state	Malt aus dem Zustand beim Öffnen des Dokuments
	Path Selection Tool	Pfadauswahl-Werkzeug
	Direct Selection Tool	Direktauswahl-Werkzeug
	Pattern Overlay	Musterüberlagerung
	Pen Pressure	Stiftdruck
	Pen Tilt	Stiftneigung
	Pen Tool	Zeichenstift-Werkzeug
	Photo	Foto
	Local Image website	Local Image-Website
	Picas	Pica
	Pillow Emboss	Polsterrelief
	Pixel Replacement	Pixelersatz
	Pixels	Pixel
	Points	Punkte
	Polygon Tool	Polygon-Werkzeug
	Polygonal Lasso Tool	Polygon-Lasso-Werkzeug
	Portrait, 4 x 6	Hochformat, 4 x 6
	Portrait, 5 x 7	Hochformat, 5 x 7
	PostScript (72 points/inch)	PostScript (72 Punkte/Zoll)
	Postcard	Postkarte
	Poster	Poster
	Pro (Dark)	Pro (Dunkel)
	Pro (Medium Gray)	Pro (Mittelgrau)
	Protect Texture	Textur schützen
	Purple	Lila
	Quick Mask	Schnellmaske
	Quick Selection Tool	Schnellauswahl-Werkzeug
	Radial	Radial
	Rasterize Layer	Ebene rasterisieren
	Ratio	Verhältnis
	Recent	Zuletzt
	Rectangle Tool	Rechteck-Werkzeug
	Rectangular Marquee Tool	Rechteckauswahl-Werkzeug
	Reds	Rottöne
	Reflected	Reflektiert
	Sample: foreground colour	Abtasten: Vordergrundfarbe
	Sampled Colors	Aufgenommene Farben
	Satin	Satin
	Save Pixel Aspect Ratio	Pixel-Seitenverhältnis speichern
	Scattering	Streuung
	Scratch Sizes	Arbeitsspeichergröße
	Select Data Points	Datenpunkte auswählen
	Selection	Auswahl
	SemiBold	Halbfett
	Shadows up to:	Tiefen bis:
	Shape Dynamics	Formdynamik
	Sharpen Tool	Scharfzeichner-Werkzeug
	Show Extras Options	Extras-Optionen anzeigen
	Slice Select Tool	Slice-Auswahl-Werkzeug
	Slice Tool	Slice-Werkzeug
	Smart Filters	Smart-Filter
	Smudge Tool	Wischfinger-Werkzeug
	Soft	Weich
	Soften	Erweichen
	Source	Quelle
	Source: set	Quelle: gesetzt
	Sponge Tool	Schwamm-Werkzeug
	Spot Healing Brush Tool	Bereichsreparatur-Pinsel-Werkzeug
	Spread	Spreizung
	Square, 12 x 12	Quadrat, 12 x 12
	Square, 5 x 5	Quadrat, 5 x 5
	Std Dev:	Std.-Abw.:
	Studio (Dark)	Studio (Dunkel)
	Studio (Light)	Studio (Hell)
	Stylus Wheel	Stiftrad
	Subtract	Subtrahieren
	Tabloid	Tabloid
	Text Replacement	Textersatz
	Thin	Dünn
	Traditional (72.27 points/inch)	Traditionell (72,27 Punkte/Zoll)
	Transfer	Übertragung
	Triangle Tool	Dreieck-Werkzeug
	Unsaved changes	Ungespeicherte Änderungen
	Uses the foreground and background colours.	Nutzt die Vordergrund- und Hintergrundfarben.
	Web	Web
	Web Large	Web Groß
	Web Minimum	Web Minimum
	Web Most Common	Web Häufigste
	WebP (lossless)	WebP (verlustfrei)
	Wet Edges	Feuchte Kanten
	Yellows	Gelbtöne
	Zoom Tool	Zoom-Werkzeug
	{name} Properties	{name}-Eigenschaften
	Revert “{name}” to the last saved version? Your changes will be lost.	„{name}“ auf die zuletzt gespeicherte Version zurücksetzen? Ihre Änderungen gehen verloren.
	Do you want to save the changes you made to “{name}” before quitting?	Möchten Sie die an „{name}“ vorgenommenen Änderungen vor dem Beenden speichern?
	Do you want to save the changes you made to “{name}” before closing?	Möchten Sie die an „{name}“ vorgenommenen Änderungen vor dem Schließen speichern?
	Doc: {flat}/{layered}	Dok: {flat}/{layered}
	Scratch: {size}	Arbeitsvolume: {size}
	Untagged {mode}	Nicht getaggtes {mode}
	Invalid {mode} profile	Ungültiges {mode}-Profil
	Unnamed {mode} profile	Unbenanntes {mode}-Profil
	{w} px x {h} px ({ppi} ppi)	{w} px x {h} px ({ppi} ppi)
	Resolution: {dpi} pixels/inch	Auflösung: {dpi} Pixel/Zoll
	Doc: {w} × {h} px	Dok: {w} × {h} px
	Frame {current} / {total}	Frame {current} / {total}
	Count: {n}	Anzahl: {n}
	BLANK DOCUMENT PRESETS ({n})	LEERE DOKUMENTVORGABEN ({n})
	Constraints ({n})	Zwangsbedingungen ({n})
	Align {what}	{what} ausrichten
@plural	{n} Layer|{n} Layers	{n} Ebene|{n} Ebenen
@plural	{n} layer|{n} layers	{n} Ebene|{n} Ebenen
@plural	Group · {n} layer|Group · {n} layers	Gruppe · {n} Ebene|Gruppe · {n} Ebenen
	Additional plugins folder	Zusätzlicher Zusatzmodule-Ordner
	Adobe	Adobe
	Adobe rgb	Adobe RGB
	Allow agent control	Agentensteuerung erlauben
	Allow scripts to connect	Skriptverbindungen erlauben
	Always	Immer
	Always create smart objects when placing	Beim Platzieren immer Smartobjekte erstellen
	Animated zoom	Animierter Zoom
	Apply auto tone	Automatische Tonwertkorrektur anwenden
	Ask	Nachfragen
	Ask before saving layered tiff	Vor dem Speichern von mehrschichtigen TIFFs nachfragen
	Auto collapse icon panels	Symbol-Bedienfelder automatisch einklappen
	Auto show hidden panels	Ausgeblendete Bedienfelder automatisch anzeigen
	Auto show home screen	Startbildschirm automatisch anzeigen
	Autosave	Automatisches Speichern
	Autosave minutes	Autom. Speichern (Minuten)
	Beep when done	Signalton bei Fertigstellung
	Bicubic automatic	Bikubisch automatisch
	Bicubic sharper	Bikubisch schärfer
	Bicubic smoother	Bikubisch weicher
	Bit depth	Bittiefe
	Brush preview color	Pinselvorschau-Farbe
	Cache levels	Cache-Stufen
	Cache tile size	Cache-Kachelgröße
	Camera Raw Defaults	Camera-Raw-Standardeinstellungen
	Canvas border	Zeichenflächenrand
	Canvas color	Zeichenflächenfarbe
	Canvas custom color	Benutzerdefinierte Zeichenflächenfarbe
	Color picker	Farbwähler
	Color space	Farbraum
	Column width	Spaltenbreite
	Concise	Kompakt
	Control port	Steuerungsport
	Convert to srgb	In sRGB konvertieren
	Cursors	Cursor
	Custom dark	Benutzerdefiniert dunkel
	Custom light	Benutzerdefiniert hell
	Dark	Dunkel
	Dark gray	Dunkelgrau
	Dashed lines	Gestrichelte Linien
	Destination	Ziel
	Detailed	Detailliert
	Disks	Datenträger
	Display p3	Display P3
	Double click layer mask launches select and mask	Doppelklick auf Ebenenmaske öffnet Auswählen und maskieren
	Drop shadow	Schlagschatten
	Dynamic color sliders	Dynamische Farbregler
	East asian	Ostasiatisch
	Effect cache mb	Effekt-Cache (MB)
	Enable flick panning	Wischschwenken aktivieren
	Enable floating document window docking	Andocken schwebender Dokumentfenster aktivieren
	Enable narrow options bar	Schmale Optionsleiste aktivieren
	Enabled	Aktiviert
	Enhanced Controls	Erweiterte Bedienelemente
	Export clipboard	Zwischenablage exportieren
	Extra large	Extra groß
	File Handling	Dateiverarbeitung
	File path	Dateipfad
	Fill new type layers with placeholder	Neue Textebenen mit Platzhalter füllen
	Font preview	Schriftvorschau
	Full size tip	Spitze in voller Größe
	Gamut warning color	Farbumfang-Warnfarbe
	Gamut warning opacity	Deckkraft der Farbumfang-Warnung
	Generator enabled	Generator aktiviert
	Gif	GIF
	Glossy	Glänzend
	Grid color	Rasterfarbe
	Grid colors	Rasterfarben
	Grid size	Rastergröße
	Grid style	Rasterstil
	Grid unit	Rastereinheit
	Gridline every	Rasterlinie alle
	Guide color	Hilfslinienfarbe
	Guide style	Hilfslinienstil
	Guides, Grid & Slices	Hilfslinien, Raster & Slices
	Gutter	Steg
	History Log	Verlaufsprotokoll
	History states	Protokollschritte
	Ignore exif profile tag	EXIF-Profil-Tag ignorieren
	Image interpolation	Bildinterpolation
	Image previews	Bildvorschauen
	Integrations	Integrationen
	Interface	Benutzeroberfläche
	Jpeg quality	JPEG-Qualität
	Jpg	JPG
	Language	Sprache
	Large tabs	Große Registerkarten
	Legacy compositing	Legacy-Compositing
	Light gray	Hellgrau
	Line	Linie
	Lines	Linien
	Lossless	Verlustfrei
	Lowercase extension	Dateinamenserweiterung in Kleinschreibung
	Maximize psd compatibility	PSD-Kompatibilität maximieren
	Medium gray	Mittelgrau
	Memory usage mb	Speichernutzung (MB)
	Missing glyph protection	Schutz vor fehlenden Glyphen
	Modern	Modern
	Nearest neighbor	Nächster Nachbar
	Never	Nie
	Normal tip	Normale Spitze
	Open as smart object	Als Smartobjekt öffnen
	Open documents as tabs	Dokumente als Registerkarten öffnen
	Overscroll	Überscrollen
	Performance	Leistung
	Png	PNG
	Point size	Punktgröße
	Precise	Präzise
	Preserve details	Details erhalten
	Print resolution	Druckauflösung
	Pro	Pro
	Pro medium	Pro mittel
	Pro photo	ProPhoto
	Quick export format	Schnellexport-Format
	Quick export location	Schnellexport-Ziel
	Recent file count	Anzahl zuletzt geöffneter Dateien
	Recent files	Zuletzt geöffnete Dateien
	Recent fonts	Zuletzt verwendete Schriften
	Recover on launch	Beim Start wiederherstellen
	Remember workspace changes	Arbeitsbereichsänderungen merken
	Resize image during place	Bildgröße beim Platzieren anpassen
	Rotate view with trackpad	Ansicht mit Trackpad drehen
	Same folder	Gleicher Ordner
	Save in background	Im Hintergrund speichern
	Scratch Disks	Arbeitsvolumes
	Screen	Bildschirm
	Screen resolution	Bildschirmauflösung
	Scrubby slider acceleration	Ziehregler-Beschleunigung
	Sessions only	Nur Sitzungen
	Sharpen for	Schärfen für
	Show channels in color	Kanäle in Farbe anzeigen
	Show crosshair in brush tip	Fadenkreuz in der Pinselspitze anzeigen
	Show extension panels	Erweiterungsbedienfelder anzeigen
	Show font names in english	Schriftnamen auf Englisch anzeigen
	Show menu colors	Menüfarben anzeigen
	Show only crosshair while painting	Beim Malen nur Fadenkreuz zeigen
	Show slice numbers	Slice-Nummern anzeigen
	Show tooltips	Tooltips anzeigen
	Show bounding box when dragging layer	Begrenzungsrahmen beim Ziehen einer Ebene anzeigen
	Show transformation values	Transformationswerte anzeigen
	Slice color	Slice-Farbe
	Smart guide color	Smart-Hilfslinienfarbe
	Smart quotes	Typografische Anführungszeichen
	Snap vector tools and transforms to pixel grid	Vektorwerkzeuge und Transformationen am Pixelraster ausrichten
	Srgb	sRGB
	Standard	Standard
	Studio	Studio
	Studio light	Studio hell
	Subdivisions	Unterteilungen
	System	System
	Text engine	Text-Engine
	Text file	Textdatei
	Tiny	Winzig
	Touch gestures	Touch-Gesten
	Transparency & Gamut	Transparenz & Farbumfang
	Type units	Texteinheiten
	UI font size	UI-Schriftgröße
	UI scale	UI-Skalierung
	Units & Rulers	Einheiten & Lineale
	Use additional plugins folder	Zusätzlichen Plug-in-Ordner verwenden
	Use esc to commit	Esc zum Übernehmen verwenden
	Use gpu	GPU verwenden
	Use legacy free transform	Freies Transformieren (Legacy) verwenden
	Use shift key for tool switch	Umschalttaste für Werkzeugwechsel verwenden
	Vary round brush hardness on hud	Härte des Rundpinsels im HUD ändern
	Webp	WebP
	World ready	World Ready
	Zoom clicked point to center	Angeklickten Punkt zentrieren
	Zoom resizes windows	Zoom passt Fenstergröße an
	Zoom with scroll wheel	Zoomen mit Mausrad
	Zoom with trackpad pinch	Zoomen mit Trackpad-Aufziehen
	Pass Through	Durchreichen
	Dissolve	Sprenkeln
	Darker Color	Dunklere Farbe
	Linear Dodge (Add)	Linear abwedeln (Hinzufügen)
	Lighter Color	Hellere Farbe
	Soft Light	Weiches Licht
	Hard Light	Hartes Licht
	Vivid Light	Deutliches Licht
	Linear Light	Lineares Licht
	Pin Light	Lichtpunkt
	Exclusion	Ausschluss
	Divide	Dividieren
	Luminosity	Luminanz
@plural	{n} sample|{n} samples	{n} Probe|{n} Proben
	{added}, {removed} subtracted	{added}, {removed} abgezogen
	Adjustment Preview	Anpassungsvorschau
	Airbrush: keeps depositing paint while the pointer rests.	Airbrush: legt weiter Farbe ab, solange der Zeiger ruht.
	Angle:	Winkel:
	Blend If	Fusionieren wenn
	Close Tab Group	Registerkartengruppe schließen
	Collapse	Einklappen
	Collapse All Groups	Alle Gruppen einklappen
	Collapse Panel Group	Bedienfeldgruppe einklappen
	Collapse group  ({key}-click: all groups)	Gruppe einklappen  ({key}-Klick: alle Gruppen)
	Create new brush from the current settings	Neuen Pinsel aus den aktuellen Einstellungen erstellen
	Create new brush from these settings	Neuen Pinsel aus diesen Einstellungen erstellen
	Delete brush	Pinsel löschen
	Drag the arrow to set the angle, the dots to set the roundness	Ziehe den Pfeil für den Winkel, die Punkte für die Rundung
	Expand	Ausklappen
	Expand Panel Group	Bedienfeldgruppe ausklappen
	Expand group  ({key}-click: all groups)	Gruppe ausklappen  ({key}-Klick: alle Gruppen)
	Fade steps	Verblassen-Schritte
	Hide the layer's effects  ({key}-click: all layers)	Effekte der Ebene ausblenden  ({key}-Klick: alle Ebenen)
	Import Brushes… (.abr)	Pinsel importieren… (.abr)
	Move Group Down	Gruppe nach unten
	Move Group Up	Gruppe nach oben
	Reset the brush to the defaults	Pinsel auf Standardwerte zurücksetzen
	Restore original size	Originalgröße wiederherstellen
	Roundness:	Rundung:
	Search Brushes	Pinsel suchen
	Show the layer's effects  ({key}-click: all layers)	Effekte der Ebene anzeigen  ({key}-Klick: alle Ebenen)
	Brush picker	Pinsel-Auswahl
	Erase	Radieren
	Right click with painting tools	Rechtsklick mit Malwerkzeugen
	System Info…	Systeminformationen…
	System Info	Systeminformationen
	More panels	Weitere Bedienfelder
	These settings aren't available in Local Image yet.	Diese Einstellungen gibt es in Local Image noch nicht.
	Graphics	Grafik
	Reset GPU Backend	GPU-Backend zurücksetzen
	Applies at next launch.	Wird beim nächsten Start angewendet.
	Click to sample the foreground colour  ·  {key}-click for background	Klicken nimmt die Vordergrundfarbe auf  ·  {key}-Klick für den Hintergrund
	{key}-click to set the source	{key}-Klick setzt die Quelle
	{key} to subtract	{key} zum Abziehen
	Clone source {n} ({key}-click with Clone Stamp to set)	Klonquelle {n} ({key}-Klick mit dem Kopierstempel zum Setzen)
	Source: not set ({key}-click with Clone Stamp)	Quelle: nicht gesetzt ({key}-Klick mit dem Kopierstempel)
	Pixel Layer	Pixelebene
	Type Layer	Textebene
	Shape Layer	Formebene
	Group Layer	Gruppenebene
	Fill Layer	Füllungsebene
	Smart Object Layer	Smart-Objekt-Ebene
	Create Warped Text	Verkrümmten Text erstellen
	Rasterize Smart Object	Smart-Objekt rasterisieren
	Rasterize Fill Content	Füllinhalt rasterisieren
	Unlock: picking a preset replaces these settings	Entsperren: das Wählen einer Vorgabe ersetzt diese Einstellungen
	Lock: keep these settings when picking another preset	Sperren: diese Einstellungen beim Wählen einer anderen Vorgabe behalten
	Diameter:	Durchmesser:
	Hardness:	Härte:
	No brush presets	Keine Pinselvorgaben
	Toggle the Brush Settings panel  (F5)	Pinseleinstellungen-Bedienfeld umschalten  (F5)
	Create new brush preset from the current settings	Neue Pinselvorgabe aus den aktuellen Einstellungen erstellen
	Brush Settings…  (F5): every option of this brush	Pinseleinstellungen…  (F5): jede Option dieses Pinsels
	Rename Brush…	Pinsel umbenennen…
	Delete Brush	Pinsel löschen
	Group name	Gruppenname
	Brush name	Pinselname
	Grid view	Rasteransicht
	List view	Listenansicht
	Off: the speed of the pointer sets the spacing	Aus: die Zeigergeschwindigkeit setzt den Abstand
	Tilt Scale	Neigungsskala
	Brush Projection	Pinselprojektion
	Apply the pen's tilt and rotation to the tip shape	Neigung und Drehung des Stifts auf die Spitzenform anwenden
	Mixer Brush	Mischer-Pinsel
	Mixer Brush Tool	Mischer-Pinsel-Werkzeug
	Wet	Feucht
	Mix	Mischen
	Wetness Jitter	Feuchtigkeitsschwankung
	Mix Jitter	Mischschwankung
	Show the layer mask as an overlay	Ebenenmaske als Overlay anzeigen
	Toggle visibility	Sichtbarkeit umschalten
	Unlink the mask from the layer	Maskenverknüpfung mit der Ebene lösen
	Link the mask to the layer	Maske mit der Ebene verknüpfen
	Gradient	Verlauf
	Gradient Options	Verlaufsoptionen
	Align with layer	An Ebene ausrichten
	Reset Alignment	Ausrichtung zurücksetzen
	Centre the gradient (offset 0, 0)	Verlauf zentrieren (Versatz 0, 0)
	The current gradient (pick one in Window › Gradients)	Der aktuelle Verlauf (wähle einen unter Fenster › Verläufe)
	Select a type layer to edit its character and paragraph settings.	Wähle eine Textebene, um ihre Zeichen- und Absatzeinstellungen zu bearbeiten.
	Text color	Textfarbe
	Type Options	Textoptionen
	Anti-aliasing method	Kantenglättungsmethode
	Horizontal type	Horizontaler Text
	Vertical type	Vertikaler Text
	Fill path with foreground color	Pfad mit Vordergrundfarbe füllen
	Stroke path with brush	Pfad mit Pinsel nachziehen
	Load path as a selection	Pfad als Auswahl laden
	Make work path from selection	Arbeitspfad aus Auswahl erzeugen
	Add vector mask	Vektormaske hinzufügen
	Create new path	Neuen Pfad erstellen
	Delete path	Pfad löschen
	Delete vector mask	Vektormaske löschen
	CPU (no GPU acceleration)	CPU (keine GPU-Beschleunigung)
	DirectX 12	DirectX 12
	GPU backend	GPU-Backend
	Metal	Metal
	OpenGL	OpenGL
	Use tablet pressure	Tablettdruck verwenden
	Vulkan	Vulkan
	Alt-click to define a source point to clone from	Alt-Klick legt einen Quellpunkt zum Klonen fest
	No path to make a selection from: draw one with the Pen tool or select one in the Paths panel.	Es ist kein Pfad zum Erstellen einer Auswahl vorhanden: Zeichnen Sie einen mit dem Zeichenstift-Werkzeug oder wählen Sie einen im Pfade-Bedienfeld aus.
	Cancel opening	Öffnen abbrechen
	Cancelled opening {name}	Öffnen von {name} abgebrochen
	Cancelled {label}	{label} abgebrochen
	Esc to cancel	Esc zum Abbrechen
	Opening {name}	Öffnen von {name}
	Opening {name}…	Öffnen von {name}…
	Opening…	Öffnen…
	Reading…	Lesen…
	Working…	Arbeiten…
	Color Range	Farbbereich
	Adaptive Wide Angle	Adaptives Weitwinkel
	Chalk & Charcoal	Kreide & Kohle
	Charcoal	Kohle
	Chrome	Chrom
	Conté Crayon	Conté-Kreide
	Graphic Pen	Grafikstift
	Halftone Pattern	Halbtonmuster
	Note Paper	Notizpapier
	Photocopy	Fotokopie
	Plaster	Gips
	Reticulation	Netzbildung
	Stamp	Stempel
	Torn Edges	Gerissene Kanten
	Water Paper	Wasserpapier
	Move	Verschieben
	Pencil	Bleistift
	Clone Stamp	Kopierstempel
	Dodge	Abwedeln
	Burn	Nachbelichten
	Quick Selection	Schnellauswahl
	History Brush	Protokollpinsel
	Color Replacement	Farbersatz
	New Group	Neue Gruppe
	Layer Comp	Ebenenkomposition
	Alpha	Alpha
	Make	Erzeugen
	Model	Modell
	F	F
	Artist	Künstler
	Spot Color	Schmuckfarbe
	Roman	Roman
	Bold Italic	Fett Kursiv
	Justification	Blocksatz
	Symbols	Symbole
	Punctuation	Zeichensetzung
	Make Work Path	Arbeitspfad erzeugen
	Make Selection	Auswahl erzeugen
	Fill Path	Pfad füllen
	Stroke Path	Pfad nachziehen
	Delete Path	Pfad löschen
	W	B
	H	H
	Ruler	Lineal
	New Layer Comp	Neue Ebenenkomposition
	Duplicate Layer Comp	Ebenenkomposition duplizieren
	Rename Layer Comp	Ebenenkomposition umbenennen
	Apply Layer Comp	Ebenenkomposition anwenden
	Update Layer Comp	Ebenenkomposition aktualisieren
	Method	Methode
	Author	Autor
	Software	Software
	Pencil Tool	Bleistift-Werkzeug
	Pixel	Pixel
	Adjustment	Anpassung
	Drag (lasso) or click points (polygonal) · {add} add · {sub} subtract	Ziehen (Lasso) oder Punkte klicken (polygonal) · {add} hinzufügen · {sub} abziehen
	Drag a crop box · drag inside to move · edges resize ({ratio} ratio, {centre} centre) · Space moves while drawing · {commit} commits · Esc cancels	Freistellrahmen ziehen · innen ziehen verschiebt · Kanten skalieren ({ratio} Verhältnis, {centre} zentriert) · Leertaste verschiebt beim Zeichnen · {commit} übernimmt · Esc bricht ab
	{mode} Color · {bits} bit	{mode}-Farbe · {bits} Bit
	Scrubby Zoom	Schleppzoom
	Auto Erase	Automatisch löschen
	Color Adaptation	Farbanpassung
	Preserve Transparency	Transparenz erhalten
	New Style…	Neuer Stil…
	shortcut	Kurzbefehl
	Saved	Gespeichert
	Arc	Bogen
	Arch	Gewölbe
	Bulge	Ausbauchung
	Shell Lower	Untere Muschel
	Shell Upper	Obere Muschel
	Flag	Flagge
	Fish	Fisch
	Wave	Welle
	Rise	Anstieg
	Inflate	Aufblasen
	Twist	Verdrehen
	Squeeze	Zusammendrücken
	Mask	Maske
	Channel	Kanal
	Rectangle	Rechteck
	New Channel	Neuer Kanal
	Save Selection	Auswahl speichern
	Load Selection	Auswahl laden
@id	edit.purge.undo	Rückgängig
	Rendering Mode	Rendering-Modus
	Automatic (recommended)	Automatisch (empfohlen)
	CPU / Compatibility	CPU / Kompatibilität
	Automatic uses GPU acceleration when available and falls back to CPU rendering on errors.	Automatisch nutzt GPU-Beschleunigung, wenn verfügbar, und fällt bei Fehlern auf CPU-Rendering zurück.
	Switched to CPU rendering	Auf CPU-Rendering umgeschaltet
	GPU acceleration could not continue. Your documents are unchanged.	GPU-Beschleunigung konnte nicht fortgesetzt werden. Ihre Dokumente sind unverändert.
	Local Image is using the CPU image compositor. The window may still use your graphics adapter.	Local Image nutzt den CPU-Bildkompositor. Das Fenster kann weiterhin Ihren Grafikadapter verwenden.
	Retry GPU requires a restart. Save your work first.	GPU erneut versuchen erfordert einen Neustart. Speichern Sie zuerst Ihre Arbeit.
	Keep Using CPU	CPU weiter verwenden
	Retry GPU	GPU erneut versuchen
	Advanced	Erweitert
	GPU Backend	GPU-Backend
	Details	Details
	Rendering mode	Rendering-Modus
	Freeze Lasso: drag to freeze an area, Alt-drag to thaw it (L)	Einfrier-Lasso: ziehen friert einen Bereich ein, Alt-Ziehen taut ihn auf (L)
	3 x 3	3 x 3
	4 x 4	4 x 4
	5 x 5	5 x 5
	Camera Raw Filter ({layer})	Camera-Raw-Filter ({layer})
	Edit Type	Text bearbeiten
	Grid:	Raster:
	Highlight Clipping Warning (O)	Lichter-Beschneidungswarnung (O)
	Lasso around an area, then drag the selection	Lasso um einen Bereich ziehen, dann die Auswahl verschieben
	Patch:	Korrektur:
	Shadow Clipping Warning (U)	Tiefen-Beschneidungswarnung (U)
	Show Lab Color Readouts	Lab-Farbwerte anzeigen
	Show Red at 3 o'clock	Rote Markierung bei 3 Uhr anzeigen
	Show Selected Region	Ausgewählten Bereich anzeigen
	Show Skin Tone Indicator	Hautton-Indikator anzeigen
	Show Vectorscope	Vektorskop anzeigen
	Tone Histogram	Tonwerthistogramm
	75%	75 %
	125%	125 %
	150%	150 %
	175%	175 %
	250%	250 %
	300%	300 %
	No patterns	Keine Muster
	Enable {name}	{name} aktivieren
	Hold Alt while drawing for straight segments	Beim Zeichnen Alt gedrückt halten für gerade Segmente
	Drag or click polygon points · hold Alt during lasso for straight segments · {add} add · {sub} before drawing subtracts	Ziehen oder Polygonpunkte klicken · Alt während des Lassos halten für gerade Segmente · {add} hinzufügen · {sub} vor dem Zeichnen zieht ab
	Extend	Erweitern
	Structure:	Struktur:
	Content-Aware Move Tool	Inhaltsbasiertes Verschieben-Werkzeug
	TIFF Options	TIFF-Optionen
	Including layers will increase file size.	Das Einbeziehen von Ebenen vergrößert die Datei.
	Discard Layers and Save a Copy	Ebenen verwerfen und Kopie speichern
	Don't show again	Nicht mehr anzeigen
	Save failed: {error}	Speichern fehlgeschlagen: {error}
	Save cancelled	Speichern abgebrochen

# Layer Style dialog: style presets and per-effect defaults
	Style {name} saved	Stil {name} gespeichert
	Make Default	Als Standard festlegen
	Reset to Default	Auf Standard zurücksetzen
	Couldn't place {name}: {error}	{name} konnte nicht platziert werden: {error}
	Full-resolution preview unavailable	Vorschau in voller Auflösung nicht verfügbar
	Magnetic Lasso Tool	Magnetisches Lasso-Werkzeug
	Frequency	Frequenz
	Use tablet pressure to change pen width	Tablettdruck zum Ändern der Stiftbreite verwenden
# About ▸ Contributors / Models (credits, craftrules standards/contributors.md)
	About	Über
	Contributors	Mitwirkende
	Models	Modelle
	Sort	Sortieren
	Username	Benutzername
	Display name	Anzeigename
	Real name	Echter Name
	Reverse the order	Reihenfolge umkehren
	Grab bag	Wundertüte
	Table	Tabelle
	Name (A–Z)	Name (A–Z)
	Merged PRs	Gemergte PRs
	Commits	Commits
	Lines added	Hinzugefügte Zeilen
	Lines deleted	Gelöschte Zeilen
	Line delta	Zeilensaldo
	Binary assets added	Hinzugefügte Binärdateien
	Binary assets removed	Entfernte Binärdateien
	First commit	Erster Commit
	First	Erster
	Last commit	Letzter Commit
	Last	Letzter
	Contributors: {contributors} · Commits: {commits}	Mitwirkende: {contributors} · Commits: {commits}
	No contributor data was built into this copy.	In diese Kopie wurden keine Mitwirkendendaten eingebaut.
	No model credits were built into this copy.	In diese Kopie wurden keine Modellnennungen eingebaut.
	Company	Firma
	Version	Version
	% of all commits	% aller Commits
	Lines +/−	Zeilen +/−
	@{login}: {prs} PRs, {commits} commits, +{added} / −{deleted} lines (Δ {delta}), +{binAdded} / −{binDeleted} binary assets, {first} – {last}	@{login}: {prs} PRs, {commits} Commits, +{added} / −{deleted} Zeilen (Δ {delta}), +{binAdded} / −{binDeleted} Binärdateien, {first} – {last}
# local-image: AI, Library and V2 strings
	AI Enhance (SeedVR2)…	KI-Verbesserung (SeedVR2)…
	AI Models & GPU…	KI-Modelle und GPU…
	AI Remove Selection	Auswahl mit KI entfernen
	Automatic	Automatisch
	Bicubic Sharper (reduction)	Bikubisch schärfer (Reduzierung)
	Bicubic Smoother (enlargement)	Bikubisch glatter (Vergrößerung)
	Browse, rate and organise your photos	Fotos durchsuchen, bewerten und ordnen
	Layers, retouching and AI tools	Ebenen, Retusche und KI-Werkzeuge
	Contextual Task Bar	Kontextbezogene Taskleiste
	Describe an image to create…	Beschreiben Sie das gewünschte Bild…
	Edit photos, catalogue them, and create with local AI.	Fotos bearbeiten, katalogisieren und mit lokaler KI gestalten.
	Filmstrip	Filmstreifen
	Generate Background (AI)…	Hintergrund erzeugen (KI)…
	Generative Fill (AI)…	Generatives Füllen (KI)…
	Get Models…	Modelle holen…
	Local AI…	Lokale KI…
	Model Browser…	Modell-Browser…
	New from Prompt…	Neu aus Beschreibung…
	No AI model is installed yet.	Es ist noch kein KI-Modell installiert.
	Open Folder…	Ordner öffnen…
	PhotoCraft and LightCraft (ArtCraft)	PhotoCraft und LightCraft (ArtCraft)
	Remove Background (AI)	Hintergrund entfernen (KI)
	Remove Backgrounds (AI)…	Hintergründe entfernen (KI)…
	Set Up AI…	KI einrichten…
	Subject (AI)	Motiv (KI)
	The AI engine isn't running.	Die KI-Engine läuft nicht.
	Contextual task bar	Kontextbezogene Taskleiste
	Tool presets	Werkzeugvorgaben
	Paint only when the string is pulled taut	Nur malen, wenn die Schnur gespannt ist
	Keep painting toward the pointer while it pauses	Weiter zum Zeiger hin malen, während er ruht
	Finish the stroke where the pointer was released	Den Strich dort beenden, wo der Zeiger losgelassen wurde
	Less smoothing when zoomed in, more when zoomed out	Weniger Glättung beim Einzoomen, mehr beim Auszoomen
	Diagonal	Diagonal
	Along the Work Path	Entlang des Arbeitspfads
	Mirror across the current path (draw it with the Pen tool first)	Am aktuellen Pfad spiegeln (zuerst mit dem Zeichenstift zeichnen)
	Symmetry Off	Symmetrie aus
	Click to restore this snapshot	Klicken, um diesen Schnappschuss wiederherzustellen
	Delete Snapshot	Schnappschuss löschen
	Set the overlay options for the Crop tool	Überlagerungsoptionen für das Freistellungswerkzeug festlegen
	Rule of Thirds	Drittel-Regel
	Triangle	Dreieck
	Golden Ratio	Goldener Schnitt
	Frequency Separation…	Frequenztrennung…
	Perspective Crop Tool	Perspektivisches Freistellungswerkzeug
	Drag a frame, then drag its corners onto the edges of the object to straighten	Rahmen aufziehen, dann seine Ecken an die Kanten des Objekts ziehen, um es zu begradigen
	Behind	Dahinter
	Add a layer mask that shows only this area	Eine Ebenenmaske hinzufügen, die nur diesen Bereich zeigt
	Describe what to generate (optional)	Beschreiben, was erzeugt werden soll (optional)
	Generative Fill: regenerate the selection from your description	Generative Füllung: erzeugt die Auswahl nach Ihrer Beschreibung neu
	Contextual Task Bar hidden — Window › Contextual Task Bar shows it again.	Kontextbezogene Taskleiste ausgeblendet – Fenster › Kontextbezogene Taskleiste blendet sie wieder ein.
	AI Remove isn't ready: {why}	KI-Entfernen ist nicht bereit: {why}
	Generative Fill	Generative Füllung
	Remove what's inside with AI (on its own layer)	Inhalt mit KI entfernen (auf eigener Ebene)
	Turn the path into a selection	Pfad in Auswahl umwandeln
	Back	Zurück
	Regenerate the area from a description	Bereich nach einer Beschreibung neu erzeugen
	Hide Contextual Task Bar	Kontextbezogene Taskleiste ausblenden
	More	Mehr
	Click a red pupil	Klicken Sie auf eine rote Pupille
	Click the first point or press {key} to close · {del} removes a point · Esc cancels	Klicken Sie auf den ersten Punkt oder drücken Sie {key} zum Schließen · {del} entfernt einen Punkt · Esc bricht ab
	Click, then move along an edge · click to fasten a point · {alt}-click for a straight segment · double-click to close	Klicken Sie und fahren Sie an einer Kante entlang · Klicken Sie, um einen Ankerpunkt zu setzen · {alt}-Klick für ein gerades Segment · Doppelklick schließt
	Darken Amount	Verdunkelungsbetrag
	Follows only edges this close to the pointer ([ and ] change it)	Folgt nur Kanten in diesem Abstand zum Zeiger ([ und ] ändern ihn)
	Higher values follow only edges that contrast sharply with their surroundings	Höhere Werte folgen nur Kanten mit starkem Kontrast zur Umgebung
	How often fastening points are placed by themselves	Wie oft Ankerpunkte automatisch gesetzt werden
	Pupil Size	Pupillengröße
	Sample Size	Aufnahmebereich
	Straighten: tilt the frame to level a horizon	Begradigen: Rahmen neigen, um einen Horizont auszurichten
	+ Add	+ Hinzufügen
	1 file to download ({size}), verified by SHA-256:	1 Datei zum Herunterladen ({size}), per SHA-256 geprüft:
	A copy in the Edited folder (originals untouched)	Eine Kopie im Ordner „Edited“ (Originale bleiben unverändert)
	A new image from a description and optional reference images	Ein neues Bild aus einer Beschreibung und optionalen Referenzbildern
	ACCOUNTS (OPTIONAL)	KONTEN (OPTIONAL)
	AI	KI
	AI ENGINE	KI-ENGINE
	AI Enhance	KI-Verbesserung
	AI off	KI aus
	AI ready{gpu}	KI bereit{gpu}
	AI starting…	KI startet…
	AI · no models	KI · keine Modelle
	API key	API-Schlüssel
	Accept the licence on the publisher's page first	Akzeptieren Sie zuerst die Lizenz auf der Seite des Anbieters
	Add Background ▾	Hintergrund hinzufügen ▾
	Add Folder…	Ordner hinzufügen…
	Add Images…	Bilder hinzufügen…
	Add Key…	Schlüssel hinzufügen…
	Add a LoRA	LoRA hinzufügen
	Add an image file	Bilddatei hinzufügen
	Add the current image	Aktuelles Bild hinzufügen
	Add your {provider} API key in Local AI › Cloud to use it.	Fügen Sie Ihren {provider}-API-Schlüssel unter Lokale KI › Cloud hinzu, um es zu verwenden.
	Add your {provider} API key in Local AI › Cloud.	Fügen Sie Ihren {provider}-API-Schlüssel unter Lokale KI › Cloud hinzu.
	Added “{name}” to the model list (basic controls)	„{name}“ zur Modellliste hinzugefügt (einfache Steuerung)
	Address:	Adresse:
	Already installed: {names}	Bereits installiert: {names}
	Apply Edit	Bearbeitung anwenden
	Ask each time (Save As)	Jedes Mal fragen (Speichern unter)
	Avoid… (negative prompt)	Vermeiden… (negativer Prompt)
	BROWSE	DURCHSUCHEN
	Background:	Hintergrund:
	Basic controls	Einfache Steuerung
	Browse Models…	Modelle durchsuchen…
	CLOUD (OPTIONAL)	CLOUD (OPTIONAL)
	CLOUD · YOUR API KEY	CLOUD · IHR API-SCHLÜSSEL
	CUSTOM WORKFLOWS	EIGENE WORKFLOWS
	Cancelled	Abgebrochen
	Change the open image from an instruction (edit models), or restyle it	Das geöffnete Bild per Anweisung ändern (Bearbeitungsmodelle) oder neu gestalten
	Change…	Ändern…
	Check again	Erneut prüfen
	Checking for profile updates…	Suche nach Profil-Updates…
	Checking models…	Modelle werden geprüft…
	Checking the files’ sizes and checksums…	Dateigrößen und Prüfsummen werden geprüft…
	Choose Folder…	Ordner auswählen…
	Choose a model	Modell auswählen
	Choose a model to refine with.	Wählen Sie ein Modell zum Verfeinern.
	Choose the model folder	Modellordner auswählen
	Choose your ComfyUI folder	ComfyUI-Ordner auswählen
	Civitai API key:	Civitai-API-Schlüssel:
	Click Remove Background first; then drag to erase or restore parts of the cutout.	Klicken Sie zuerst auf „Hintergrund entfernen“; ziehen Sie dann, um Teile der Freistellung zu radieren oder wiederherzustellen.
	ComfyUI at {host} — click for Local AI settings	ComfyUI auf {host} — klicken Sie für die Einstellungen der lokalen KI
	ComfyUI installation found.	ComfyUI-Installation gefunden.
	ComfyUI is not running at {host}	ComfyUI läuft nicht auf {host}
	ComfyUI workflow	ComfyUI-Workflow
	Connected to ComfyUI at {host}	Mit ComfyUI auf {host} verbunden
	Copy Prompt	Prompt kopieren
	Could not open {name}: {error}	{name} konnte nicht geöffnet werden: {error}
	Could not save settings: {error}	Einstellungen konnten nicht gespeichert werden: {error}
	Couldn't save: {error}	Speichern fehlgeschlagen: {error}
	Couldn't update profiles: {error}	Profile konnten nicht aktualisiert werden: {error}
	Cuts out the subject of each image with Qwen Image 2.1 and saves PNGs. Originals are never changed.	Stellt das Motiv jedes Bildes mit Qwen Image 2.1 frei und speichert PNGs. Die Originale werden nie verändert.
	Delete from Library	Aus der Bibliothek löschen
	Describe details to add (optional)…	Beschreiben Sie Details, die hinzukommen sollen (optional)…
	Describe the change, e.g. “make it golden hour”…	Beschreiben Sie die Änderung, z. B. „Machen Sie es zur goldenen Stunde“…
	Describe the empty scene behind your subject	Beschreiben Sie die leere Szene hinter Ihrem Motiv
	Describe the image (optional)…	Beschreiben Sie das Bild (optional)…
	Describe the image you want it to become…	Beschreiben Sie das Bild, das daraus werden soll…
	Describe what should appear in the selection	Beschreiben Sie, was in der Auswahl erscheinen soll
	Describe what you want first.	Beschreiben Sie zuerst, was Sie möchten.
	Detect	Erkennen
	Double-click to open	Zum Öffnen doppelklicken
	Download	Herunterladen
	Download size	Downloadgröße
	Downloads are checked against the publisher's size and SHA-256, and ComfyUI's model list is refreshed after each install.	Downloads werden mit Größe und SHA-256 des Anbieters abgeglichen, und die Modellliste von ComfyUI wird nach jeder Installation aktualisiert.
	Draft → Refine: generate with this model, then resample the draft with another (e.g. a fast draft refined by a detailed model)	Entwurf → Verfeinern: mit diesem Modell generieren und den Entwurf dann mit einem anderen neu berechnen (z. B. ein schneller Entwurf, verfeinert von einem detaillierten Modell)
	Engine:	Engine:
	Enhance	Verbessern
	Enhances detail and enlarges the image with SeedVR2. The result opens as a new document.	Verbessert Details und vergrößert das Bild mit SeedVR2. Das Ergebnis wird als neues Dokument geöffnet.
	Enlarge	Vergrößern
	Enlarge first	Zuerst vergrößern
	Enlarge the open image and add detail, tile by tile	Das geöffnete Bild Kachel für Kachel vergrößern und Details hinzufügen
	Everything it needs is already installed.	Alles Nötige ist bereits installiert.
	FAMILIES	FAMILIEN
	Fetch the latest family profiles (new models, settings) from Local Image's repository	Die neuesten Familienprofile (neue Modelle, Einstellungen) aus dem Repository von Local Image abrufen
	Files present	Dateien vorhanden
	Files present — restart ComfyUI	Dateien vorhanden — ComfyUI neu starten
	Fill Selection	Auswahl füllen
	Filmstrip options	Filmstreifen-Optionen
	Find LoRAs…	LoRAs finden…
	Find, compare and install models and LoRAs for any family	Modelle und LoRAs für jede Familie finden, vergleichen und installieren
	Fits your GPU memory	Passt in Ihren GPU-Speicher
	Found {n} installation(s).	{n} Installation(en) gefunden.
	Free GPU Memory	GPU-Speicher freigeben
	GPU MEMORY GUIDE	GPU-SPEICHER-LEITFADEN
	Generate (AI)…	Generieren (KI)…
	Generate Background	Hintergrund generieren
	Generate {n}	{n} generieren
	Generated images are kept here.	Generierte Bilder werden hier aufbewahrt.
	Generated {name} · seed {seed}	{name} generiert · Seed {seed}
	Generation failed: {error}	Generierung fehlgeschlagen: {error}
	Get Template	Vorlage holen
	Get a key	Schlüssel holen
	Get models…	Modelle holen…
	Guidance	Guidance
	Hide the filmstrip (Window › Filmstrip)	Filmstreifen ausblenden (Fenster › Filmstreifen)
	How much may change: 100 % regenerates, lower keeps more of the image	Wie viel sich ändern darf: 100 % erzeugt neu, weniger behält mehr vom Bild
	Hugging Face token:	Hugging-Face-Token:
	I have read and accept the licence	Ich habe die Lizenz gelesen und akzeptiere sie
	Images	Bilder
	Images per run (1–4)	Bilder pro Durchlauf (1–4)
	Image…	Bild…
	Import ComfyUI Workflow	ComfyUI-Workflow importieren
	Import Workflow…	Workflow importieren…
	Imported the workflow “{name}”.	Workflow „{name}“ importiert.
	In use	In Verwendung
	Install	Installieren
	Install failed	Installation fehlgeschlagen
	Install {name}	{name} installieren
	Installation:	Installation:
	Installed	Installiert
	Keep	Behalten
	Keep… (optional)	Behalten… (optional)
	Licence	Lizenz
	Licence gate	Lizenzpflichtig
	Licence: see its page	Lizenz: siehe Seite
	Loading catalogues…	Kataloge werden geladen…
	Local AI	Lokale KI
	Local AI is off — click to set it up	Lokale KI ist aus — zum Einrichten klicken
	Local Image doesn't know this family yet: it runs through the official template with prompt, seed and size only	Local Image kennt diese Familie noch nicht: Sie läuft über die offizielle Vorlage nur mit Prompt, Seed und Größe
	Local Image doesn't know this model family yet: it will appear in the model list as a custom workflow with basic controls (prompt, seed, size).	Local Image kennt diese Modellfamilie noch nicht: Sie erscheint in der Modellliste als eigener Workflow mit einfacher Steuerung (Prompt, Seed, Größe).
	MODELS	MODELLE
	Make a selection first	Erstellen Sie zuerst eine Auswahl
	Make a selection to fill.	Erstellen Sie eine Auswahl zum Füllen.
	Model Browser	Modell-Browser
	Model default	Modellstandard
	Model folder:	Modellordner:
	Model profiles are up to date	Modellprofile sind aktuell
	Model:	Modell:
	Models unloaded.	Modelle entladen.
	My preset {n}	Meine Vorgabe {n}
	Newest	Neueste
	Next image ({key})	Nächstes Bild ({key})
	No ComfyUI installation found in the usual places.	An den üblichen Orten wurde keine ComfyUI-Installation gefunden.
	No ComfyUI installation found. Choose its folder in Local AI, or install ComfyUI first.	Keine ComfyUI-Installation gefunden. Wählen Sie ihren Ordner unter Lokale KI oder installieren Sie zuerst ComfyUI.
	No LoRAs for this model family are installed (Find LoRAs…)	Für diese Modellfamilie sind keine LoRAs installiert (LoRAs finden…)
	No compatible LoRAs installed.	Keine kompatiblen LoRAs installiert.
	No matches. Try another family, source or search.	Keine Treffer. Versuchen Sie eine andere Familie, Quelle oder Suche.
	Not chosen — detected automatically	Nicht gewählt — wird automatisch erkannt
	Not enough space in {folder} ({free} free).	Nicht genug Platz in {folder} ({free} frei).
	Not installed: {reason}	Nicht installiert: {reason}
	Not stated: check the model's page before use	Nicht angegeben: Prüfen Sie vor der Nutzung die Seite des Modells
	Nothing installed yet. Pick a model from Trending or a family.	Noch nichts installiert. Wählen Sie ein Modell unter „Angesagt“ oder in einer Familie.
	Nothing matches.	Keine Treffer.
	Only .safetensors and .gguf files with a published size and SHA-256 are installed.	Installiert werden nur .safetensors- und .gguf-Dateien mit veröffentlichter Größe und SHA-256.
	Open Folder	Ordner öffnen
	Open Its Page	Seite öffnen
	Open an image first	Öffnen Sie zuerst ein Bild
	Open an image first.	Öffnen Sie zuerst ein Bild.
	Open an image from the filmstrip's folder first.	Öffnen Sie zuerst ein Bild aus dem Ordner des Filmstreifens.
	Open its page	Seite öffnen
	Paint over a distraction; it's removed when you release	Malen Sie über ein störendes Element; es wird beim Loslassen entfernt
	Place as Layer	Als Ebene platzieren
	Port:	Port:
	Precision	Genauigkeit
	Preset name	Name der Vorgabe
	Previous image ({key})	Vorheriges Bild ({key})
	Qwen Compact	Qwen kompakt
	Qwen Full	Qwen voll
	RESULTS	ERGEBNISSE
	Read the licence	Lizenz lesen
	Ready	Bereit
	Recreate	Neu erstellen
	References · {n}/{max}	Referenzen · {n}/{max}
	Refine	Verfeinern
	Refine model: {why}	Verfeinerungsmodell: {why}
	Refine strength	Verfeinerungsstärke
	Refine with	Verfeinern mit
	Refine:	Verfeinern:
	Refresh	Aktualisieren
	Regenerate the selection (Photoshop's Generative Fill)	Die Auswahl neu generieren (wie Photoshops Generatives Füllen)
	Remove Backgrounds	Hintergründe entfernen
	Remove Selection	Auswahl entfernen
	Request Access…	Zugang anfordern…
	Resample the open image at a chosen strength (img2img)	Das geöffnete Bild mit gewählter Stärke neu berechnen (img2img)
	Results appear here and are saved to the Library.	Ergebnisse erscheinen hier und werden in der Bibliothek gespeichert.
	Retry	Erneut versuchen
	Review in Library: see this folder in the Library's grid to compare and rate	In der Bibliothek prüfen: diesen Ordner im Raster der Bibliothek ansehen, vergleichen und bewerten
	Rough GPU memory to run it	Ungefährer GPU-Speicherbedarf
	Rough GPU memory to run it: more than your GPU has	Ungefährer GPU-Speicherbedarf: mehr, als deine GPU hat
	Running {name}	{name} läuft
	Runs on {provider}'s servers: your prompt and images are sent there.	Läuft auf den Servern von {provider}: Dein Prompt und deine Bilder werden dorthin gesendet.
	Runs on {provider}: your prompt and images are sent there, billed to your key.	Läuft bei {provider}: Dein Prompt und deine Bilder werden dorthin gesendet und über deinen Schlüssel abgerechnet.
	SELECTION MODELS (CPU)	AUSWAHLMODELLE (CPU)
	Save & Next	Speichern & weiter
	Save & Next saves to	Speichern & weiter speichert in
	Save Preset	Vorgabe speichern
	Save a copy in the Edited folder and open the next one ({key})	Eine Kopie im Ordner „Edited“ speichern und das nächste öffnen ({key})
	Save these settings as a preset	Diese Einstellungen als Vorgabe speichern
	Save this image (Save As) and open the next one ({key})	Dieses Bild speichern (Speichern unter) und das nächste öffnen ({key})
	Save this image over the original and open the next one ({key})	Dieses Bild über das Original speichern und das nächste öffnen ({key})
	Save to:	Speichern in:
	Saved {name}	{name} gespeichert
	Search LoRAs	LoRAs suchen
	Search models	Modelle suchen
	Search prompts	Prompts durchsuchen
	See each model's page	Siehe die Seite des jeweiligen Modells
	Select Subject, Remove Background (Quick) and Object Selection clicks use the best one installed. No GPU or ComfyUI needed.	„Motiv auswählen“, „Hintergrund entfernen (schnell)“ und Klicks der Objektauswahl nutzen das beste installierte Modell. Keine GPU und kein ComfyUI nötig.
	Sent as {size}	Gesendet als {size}
	Set up AI…	KI einrichten…
	Show the folder when opening a photo	Beim Öffnen eines Fotos den Ordner anzeigen
	Start AI Engine	KI-Engine starten
	Start the AI engine first: Local Image checks what ComfyUI already has. ({error})	Starte zuerst die KI-Engine: Local Image prüft, was ComfyUI bereits hat. ({error})
	Start the AI engine to see your GPU's memory; showing what fits 8 GB.	Starte die KI-Engine, um den Speicher deiner GPU zu sehen; angezeigt wird, was in 8 GB passt.
	Starting ComfyUI… (the first start can take a minute)	ComfyUI wird gestartet… (der erste Start kann eine Minute dauern)
	Starting image · {n}/{max}	Ausgangsbild · {n}/{max}
	Starting {name}…	{name} wird gestartet…
	Steps	Schritte
	Stopped	Gestoppt
	Styles (LoRA) · {n}/{max}	Stile (LoRA) · {n}/{max}
	That file is not a ComfyUI workflow (JSON).	Diese Datei ist kein ComfyUI-Workflow (JSON).
	That folder has no ComfyUI (main.py and a Python environment).	Dieser Ordner enthält kein ComfyUI (main.py und eine Python-Umgebung).
	That was the first image in the folder.	Das war das erste Bild im Ordner.
	That was the last image in the folder.	Das war das letzte Bild im Ordner.
	The AI engine (ComfyUI) is not running.	Die KI-Engine (ComfyUI) läuft nicht.
	The AI engine is starting…	Die KI-Engine startet…
	The author doesn't allow commercial use.	Der Autor erlaubt keine kommerzielle Nutzung.
	The model isn't ready.	Das Modell ist nicht bereit.
	The original file	Die Originaldatei
	The publisher asks you to accept its licence on its page first; add a Hugging Face token in Local AI settings.	Der Anbieter verlangt, dass du zuerst seine Lizenz auf seiner Seite akzeptierst; füge in den Einstellungen von Local AI ein Hugging-Face-Token hinzu.
	The workflow has no nodes titled li:prompt, li:image, li:mask, li:seed or li:output, so Local Image can't fill it in. Rename the nodes in ComfyUI and export again.	Der Workflow hat keine Knoten mit den Titeln li:prompt, li:image, li:mask, li:seed oder li:output, daher kann Local Image ihn nicht befüllen. Benenne die Knoten in ComfyUI um und exportiere erneut.
	Tokens let the Model Browser download gated or sign-in-only models. They're sent only to their own site.	Mit Tokens kann der Modell-Browser zugangsbeschränkte oder anmeldepflichtige Modelle herunterladen. Sie werden nur an die jeweilige Website gesendet.
	Transparent PNG	Transparentes PNG
	Transparent background	Transparenter Hintergrund
	Trending	Angesagt
	Trending this week	Diese Woche angesagt
	Unknown family	Unbekannte Familie
	Update Model Profiles	Modellprofile aktualisieren
	Updated 1 model profile: {names}	1 Modellprofil aktualisiert: {names}
	Updated {n} model profiles: {names}	{n} Modellprofile aktualisiert: {names}
	Upscale	Hochskalieren
	Upscale {scale}×	{scale}× hochskalieren
	Use	Verwenden
	Use as Reference	Als Referenz verwenden
	Variation strength	Variationsstärke
	Waiting	Wartet
	What should appear in the selection…	Was soll in der Auswahl erscheinen…
	With your own API key, Generate can also use cloud models (they appear under Cloud in the model picker). Your prompt and images then go from this computer to that provider and are billed to your account; nothing else is sent anywhere.	Mit deinem eigenen API-Schlüssel kann „Generieren“ auch Cloud-Modelle nutzen (sie erscheinen unter „Cloud“ in der Modellauswahl). Dein Prompt und deine Bilder gehen dann von diesem Computer an diesen Anbieter und werden deinem Konto berechnet; sonst wird nichts gesendet.
	Works on my GPU	Läuft auf meiner GPU
	a “cutouts” folder beside each image	ein Ordner „cutouts“ neben jedem Bild
	just now	gerade eben
	new each time	jedes Mal neu
	seed {seed}	Seed {seed}
	{author} · {n} downloads	{author} · {n} Downloads
	{best_for} · {size} · {gb} GB GPU	{best_for} · {size} · {gb} GB GPU
	{done} of {total}	{done} von {total}
	{licence} · non-commercial	{licence} · nicht kommerziell
	{model} creates, edits and fills; choose a local model to refine or upscale.	{model} erstellt, bearbeitet und füllt; wähle zum Verfeinern oder Hochskalieren ein lokales Modell.
	{mode} with {model}	{mode} mit {model}
	{name} (family unknown)	{name} (Familie unbekannt)
	{name} · Custom workflow	{name} · Eigener Workflow
	{name} · edited copy saved	{name} · bearbeitete Kopie gespeichert
	{name} · {gb} GB GPU memory	{name} · {gb} GB GPU-Speicher
	{name} — click to remove	{name} — zum Entfernen klicken
	{n} LoRAs	{n} LoRAs
	{n} days ago	vor {n} Tagen
	{n} downloads	{n} Downloads
	{n} edited	{n} bearbeitet
	{n} files to download ({size}), verified by SHA-256:	{n} Dateien zum Herunterladen ({size}), per SHA-256 geprüft:
	{n} h ago	vor {n} Std.
	{n} images	{n} Bilder
	{n} images in {folder}	{n} Bilder in {folder}
	{n} min ago	vor {n} Min.
	{n} models	{n} Modelle
	{n} refs	{n} Referenzen
	{size} · runs on the CPU · {licence}	{size} · läuft auf der CPU · {licence}
	{source}: offline, showing results from {when}	{source}: offline, Ergebnisse von {when}
	{source}: the catalogue couldn't be read	{source}: Der Katalog konnte nicht gelesen werden
	{why} Qwen Image 2.1 runs these.	{why} Qwen Image 2.1 führt diese aus.
	Choose…	Auswählen…
	Stop	Stoppen
	Seed	Seed
	Solid Color	Volltonfarbe
	Strength	Stärke
	Qwen AI · Compact	Qwen KI · kompakt
	Qwen AI · Full	Qwen KI · voll
	Standard (CPU)	Standard (CPU)
	Templates	Vorlagen
	Community	Community
ai	Restore	Wiederherstellen
ai	Sampler	Sampler
ai	New	Neu
	Filmstrip shows folder	Filmstreifen zeigt den Ordner
	Save and next saves to	„Speichern und weiter“ speichert in
	Develop	Entwickeln
	Compositing	Compositing
	Develop photos: light, colour, detail, masks, AI selections and removal	Fotos entwickeln: Licht, Farbe, Details, Masken, KI-Auswahl und -Entfernen
	Layers, retouching, compositing and every AI tool	Ebenen, Retusche, Compositing und alle KI-Werkzeuge
	Develop…	Entwickeln…
	Open the Library to develop this layer	Öffne die Bibliothek, um diese Ebene zu entwickeln
	The active layer isn't a Develop layer	Die aktive Ebene ist keine Entwicklungsebene
	Updated from Develop	Aus „Entwickeln“ aktualisiert
	{name} · Develop layer (double-click it to return to Develop)	{name} · Entwicklungsebene (Doppelklick führt zurück zu „Entwickeln“)
	A merged copy on top, as a Smart Object with a Camera Raw Filter.	Eine zusammengefügte Kopie obenauf, als Smart-Objekt mit einem Camera-Raw-Filter.
	Apply Destructively	Destruktiv anwenden
	As a Smart Object the filter stays editable: double-click it in the Layers panel to change it.	Als Smart-Objekt bleibt der Filter bearbeitbar: Doppelklicke im Ebenenbedienfeld darauf, um ihn zu ändern.
	Camera Raw Filter	Camera-Raw-Filter
	Camera Raw Filter applied	Camera-Raw-Filter angewendet
	Camera Raw Filter cancelled	Camera-Raw-Filter abgebrochen
	Composite	Komposition
	Convert	Konvertieren
	Convert to Smart Object to keep it editable?	In ein Smart-Objekt konvertieren, damit es bearbeitbar bleibt?
	Develop a Layered Document	Dokument mit Ebenen entwickeln
	Develop the composite (live)	Komposition entwickeln (live)
	Don't ask again	Nicht mehr fragen
	Just switch	Nur wechseln
	Merge visible to a new layer and develop	Sichtbare auf neue Ebene zusammenfügen und entwickeln
	Show the Library's Develop module.	Das Entwickeln-Modul der Bibliothek anzeigen.
	The visible layers become a Smart Object (still editable inside) with a Camera Raw Filter.	Die sichtbaren Ebenen werden zu einem Smart-Objekt (innen weiter bearbeitbar) mit einem Camera-Raw-Filter.
	This document has no Develop layer. How should Develop work on it?	Dieses Dokument hat keine Entwicklungsebene. Wie soll „Entwickeln“ damit arbeiten?
	Pen pressure curve	Stiftdruck-Kurve
	Paste Seamless	Nahtlos einfügen
	Cage	Käfig
	Seamless	Nahtlos
	Blend the cloned pixels into their surroundings	Die geklonten Pixel nahtlos in die Umgebung einblenden
	Subject Assist	Motivhilfe
	Guide the selection with the installed selection model	Die Auswahl mit dem installierten Auswahlmodell führen
	Firm	Fest
	Input pressure → brush pressure	Stiftdruck → Pinseldruck
	Green Coordinates	Green-Koordinaten
	Mean Value Coordinates	Mittelwertkoordinaten
	Reset Cage	Käfig zurücksetzen
	Close Cage	Käfig schließen
	Commit Cage ({key})	Käfig übernehmen ({key})
	Drag the cage's points to deform	Ziehen Sie die Käfigpunkte, um zu verformen
	Click to draw a cage around the content; click the first point or press Enter to close it	Klicken Sie, um einen Käfig um den Inhalt zu zeichnen; schließen Sie ihn mit einem Klick auf den ersten Punkt oder mit der Eingabetaste
	The cage can't cross itself	Der Käfig darf sich nicht selbst kreuzen
	A cage needs at least three points	Ein Käfig braucht mindestens drei Punkte
	The cage is closed: drag its points	Der Käfig ist geschlossen: Ziehen Sie seine Punkte
	Cage is not active	Käfig ist nicht aktiv
	Could not use Cage: the layer is empty	Käfig nicht möglich: Die Ebene ist leer
	Index	Index
	Browse LoRAs for this model family	LoRAs für diese Modellfamilie durchsuchen
	Browse LoRAs…	LoRAs durchsuchen…
	Choose another model…	Anderes Modell wählen…
	Couldn't remove {name}: {error}	{name} konnte nicht entfernt werden: {error}
	Find LoRAs (styles) for the chosen model's family	LoRAs (Stile) für die Familie des gewählten Modells finden
	Kept because other installed models use them: {files}	Behalten, weil andere installierte Modelle sie nutzen: {files}
	List only the official upscalers (SeedVR2)	Nur die offiziellen Hochskalierer anzeigen (SeedVR2)
	Move to Trash	In den Papierkorb
	None of its files are in the model folder.	Keine seiner Dateien liegt im Modellordner.
	ON-DEVICE MODELS (CPU)	MODELLE AUF DEM GERÄT (CPU)
	Official upscalers only	Nur offizielle Hochskalierer
	Recommended	Empfohlen
	Remove (deletes the files)	Entfernen (löscht die Dateien)
	Remove (moves the files to the Trash)	Entfernen (verschiebt die Dateien in den Papierkorb)
	Remove {name}?	{name} entfernen?
	Removed {name} ({size} freed)	{name} entfernt ({size} freigegeben)
	Stop generation	Generierung stoppen
	Stopped generation	Generierung gestoppt
	This frees {size}. The files are deleted permanently.	Das gibt {size} frei. Die Dateien werden endgültig gelöscht.
	This frees {size}. The files go to the Trash, so you can restore them from there.	Das gibt {size} frei. Die Dateien kommen in den Papierkorb und lassen sich dort wiederherstellen.
	Unload AI models from GPU memory (the AI engine is off)	KI-Modelle aus dem GPU-Speicher entladen (die KI-Engine ist aus)
	Unload AI models from GPU memory	KI-Modelle aus dem GPU-Speicher entladen
	Unloading AI models…	KI-Modelle werden entladen…
	Upscale with any image model instead: enlarge, then add detail with img2img	Stattdessen mit einem beliebigen Bildmodell hochskalieren: vergrößern, dann per img2img Details ergänzen
	kept {files}	behalten: {files}
	using {name}	verwendet {name}
	{n} of {total} installed	{n} von {total} installiert
	{size} download · runs on the CPU · {licence}	{size} Download · läuft auf der CPU · {licence}
	Small models that run on this computer's processor: no ComfyUI or GPU needed, quick downloads, and your photos never leave the computer. Each group powers different tools, and the best model installed in a group is the one used.	Kleine Modelle, die auf dem Prozessor dieses Computers laufen: kein ComfyUI und keine GPU nötig, schnelle Downloads, und Ihre Fotos verlassen den Computer nie. Jede Gruppe versorgt andere Werkzeuge; verwendet wird jeweils das beste installierte Modell der Gruppe.
	Subject & Background	Motiv & Hintergrund
# Selected-item context bars and live shapes
	AI Fill	KI-Füllung
	Add a vector mask from the path	Vektormaske aus dem Pfad hinzufügen
	Bottom-left corner radius	Radius der unteren linken Ecke
	Bottom-right corner radius	Radius der unteren rechten Ecke
	Content-Aware Fill	Inhaltsbasierte Füllung
	Corners	Ecken
	Create another variation using this layer's prompt and a new seed	Weitere Variation mit dem Prompt dieser Ebene und einem neuen Startwert erstellen
	Describe what to generate, or leave empty to fill from the surroundings	Gewünschtes Ergebnis beschreiben oder für eine Füllung aus der Umgebung leer lassen
	Edit Path	Pfad bearbeiten
	Edit Text	Text bearbeiten
	Edit the shape's anchors and handles	Ankerpunkte und Griffe der Form bearbeiten
	Edit this photo's develop settings	Entwicklungseinstellungen dieses Fotos bearbeiten
	Fill the path's area from the image around it	Pfadbereich aus dem umgebenden Bild füllen
	Fill the selection from the image around it	Auswahl aus dem umgebenden Bild füllen
	Generate this area again from its surroundings	Diesen Bereich erneut aus der Umgebung erzeugen
	Generate “{prompt}” again with a new seed	„{prompt}“ mit neuem Startwert erneut erzeugen
	Generative Fill: regenerate the area from your description (empty: from its surroundings)	Generative Füllung: Bereich aus der Beschreibung neu erzeugen (leer: aus der Umgebung)
	Generative Fill: regenerate the path's area from a description	Generative Füllung: Pfadbereich aus einer Beschreibung neu erzeugen
	L	L
	Line weight	Linienstärke
	Mask out the background with AI	Hintergrund mit KI maskieren
	Number of sides	Anzahl der Seiten
	Open in Develop	In Entwickeln öffnen
	Open the Smart Object's contents	Inhalt des Smartobjekts öffnen
	Regenerate	Erneut erzeugen
	Select the main subject with AI	Hauptmotiv mit KI auswählen
	Set radius of all corners	Radius aller Ecken einstellen
	Set shape stroke width	Konturstärke der Form einstellen
	Set the font size	Schriftgröße einstellen
	This layer has no generation model to repeat	Diese Ebene hat kein Modell zum erneuten Erzeugen
	This layer has no generation settings to repeat	Diese Ebene hat keine Einstellungen zum erneuten Erzeugen
	This layer's generation model is unavailable	Das Erzeugungsmodell dieser Ebene ist nicht verfügbar
	Top-left corner radius	Radius der oberen linken Ecke
	Top-right corner radius	Radius der oberen rechten Ecke
	Turn the shape into pixels	Form in Pixel umwandeln
	Variations	Variationen
	Close panel	Panel schließen
	Dock Panel	Panel andocken
	Float Panel Group	Panelgruppe lösen
	Save and Return to Library	Sichern und zur Bibliothek zurückkehren
	Added your new Develop edits as layer {name}	Ihre neuen Bearbeitungen im Entwickeln-Modul wurden als Ebene {name} hinzugefügt
	Open the Library to save into it	Öffnen Sie die Bibliothek, um darin zu sichern
	The layers below are unchanged; hide or delete the new layer to go back.	Die darunterliegenden Ebenen sind unverändert; blenden Sie die neue Ebene aus oder löschen Sie sie, um zurückzugehen.
# Attributions page (li-attributions)
	Attributions	Quellennachweise
	Search attributions…	Quellennachweise durchsuchen…
	No matches.	Keine Treffer.
	Show licence text	Lizenztext anzeigen
	Smart Sort (scenes)	Smart Sort (Szenen)
	Recognises what a photo shows (speakers, audience, details…) so Smart Sort can put it in the right folder. Runs on the CPU; photos never leave this computer.	Erkennt den Inhalt eines Fotos (Redner, Publikum, Details…), damit Smart Sort es im richtigen Ordner ablegen kann. Läuft auf der CPU; Fotos bleiben auf diesem Computer.
	Recognises scenes from your descriptions for Smart Sort. A fast local model for speakers, audiences, details and other categories you choose. Downloads include its text model and tokenizer.	Erkennt Szenen anhand Ihrer Beschreibungen für Smart Sort. Ein schnelles lokales Modell für Redner, Publikum, Details und andere gewählte Kategorien. Der Download enthält auch Textmodell und Tokenizer.
	Finds the main subject of a photo. Used by Select › Subject, Remove Background (Quick), the Object Selection tool's click mode, and the Library's Subject and Background masks.	Findet das Hauptmotiv eines Fotos. Verwendet von Auswahl › Motiv, Hintergrund entfernen (Schnell), dem Klick-Modus des Objektauswahl-Werkzeugs sowie den Motiv- und Hintergrundmasken der Bibliothek.
	Finds the sky. Used by Select › Sky and the Library's sky masks.	Findet den Himmel. Verwendet von Auswahl › Himmel und den Himmelsmasken der Bibliothek.
	Estimates how far away each part of a photo is. Used by the Library's depth masks (e.g. to darken or blur the background, or pick the foreground by distance).	Schätzt, wie weit jeder Teil eines Fotos entfernt ist. Verwendet von den Tiefenmasken der Bibliothek (z. B. um den Hintergrund abzudunkeln oder zu verwischen oder den Vordergrund nach Entfernung zu wählen).
	Finds the subject with the finest edges (hair, fur, thin details). The best quality for Select Subject and Remove Background; takes a second or two per photo.	Findet das Motiv mit den feinsten Kanten (Haare, Fell, dünne Details). Beste Qualität für Motiv auswählen und Hintergrund entfernen; braucht ein bis zwei Sekunden pro Foto.
	Clean edges between near and far, good on most photos. Takes a few seconds per photo.	Saubere Kanten zwischen nah und fern, gut für die meisten Fotos. Braucht einige Sekunden pro Foto.
	Custom: {name}	Eigenes: {name}
	Use official model	Offizielles Modell verwenden
	Your own model, run on the CPU instead of the official one.	Ihr eigenes Modell, auf dem Prozessor ausgeführt statt des offiziellen.
	{name} · {size} download · runs on the CPU · {licence}	{name} · {size} Download · läuft auf dem Prozessor · {licence}
	Custom model…	Eigenes Modell…
	Pick any .onnx model that does this. It is copied into the models folder and used instead of the official one.	Wählen Sie ein beliebiges .onnx-Modell für diese Aufgabe. Es wird in den Modellordner kopiert und statt des offiziellen verwendet.
	Input style:	Eingabestil:
	IS-Net style	IS-Net-Stil
	U²-Net / ImageNet style	U²-Net-/ImageNet-Stil
	Sky class:	Himmelsklasse:
	Only used when the model gives one map per class (ADE20K: 2).	Wird nur verwendet, wenn das Modell eine Karte pro Klasse liefert (ADE20K: 2).
	Testing the model…	Modell wird getestet…
	Choose an ONNX file…	ONNX-Datei wählen…
	That model can't be used: {error}	Dieses Modell kann nicht verwendet werden: {error}
	Choose an ONNX model	ONNX-Modell wählen
	ONNX model	ONNX-Modell
	Remove old models ({size})	Alte Modelle entfernen ({size})
	Moves the models the app no longer uses (U²-Net, TinySkyNet, MiDaS) to the Trash.	Verschiebt die Modelle, die die App nicht mehr verwendet (U²-Net, TinySkyNet, MiDaS), in den Papierkorb.
	the old models	die alten Modelle
	Small models that run on this computer's processor: no ComfyUI or GPU needed, quick downloads, and your photos never leave the computer. Each function has one recommended model; you can use your own ONNX model instead.	Kleine Modelle, die auf dem Prozessor dieses Computers laufen: kein ComfyUI und keine GPU nötig, schnelle Downloads und Ihre Fotos verlassen den Computer nie. Jede Funktion hat ein empfohlenes Modell; stattdessen können Sie ein eigenes ONNX-Modell verwenden.
	Choose an ONNX model (a file ending in .onnx)	ONNX-Modell auswählen (Datei mit Endung .onnx)
	Not a depth model: it must output one depth map	Kein Tiefenmodell: Es muss eine Tiefenkarte ausgeben
	Not a sky model	Kein Himmelsmodell
	Not a sky model: its output {shape} should be 1 map or one map per class	Kein Himmelsmodell: Die Ausgabe {shape} sollte 1 Karte oder eine Karte pro Klasse sein
	Not a subject model: it must output one foreground map	Kein Motivmodell: Es muss eine Vordergrundkarte ausgeben
	The model has no input	Das Modell hat keine Eingabe
	The model's input has {channels} channels; an RGB image (3) is needed	Die Eingabe des Modells hat {channels} Kanäle; ein RGB-Bild (3) wird benötigt
	The model's input is {height}×{width}; a square input (or a flexible size) is needed	Die Eingabe des Modells ist {height}×{width}; eine quadratische Eingabe (oder eine flexible Größe) wird benötigt
	The model's input must be an image (batch × 3 × height × width)	Die Eingabe des Modells muss ein Bild sein (Batch × 3 × Höhe × Breite)
	The sky class {class} is out of range: this model has {classes} classes (0 to {max})	Die Himmelsklasse {class} liegt außerhalb des Bereichs: Dieses Modell hat {classes} Klassen (0 bis {max})
	{path} isn't a file	{path} ist keine Datei
	Custom models are not supported for this function	Benutzerdefinierte Modelle werden für diese Funktion nicht unterstützt
	Moves the selected layers or the selection.	Verschiebt die ausgewählten Ebenen oder die Auswahl.
	Drag to move; hold {shift} to keep to one axis.	Ziehen, um zu verschieben; {shift} gedrückt halten, um auf einer Achse zu bleiben.
	{alt}-drag to move a copy.	Mit {alt} ziehen, um eine Kopie zu verschieben.
	{cmd}-click picks the layer under the pointer (it switches Auto-Select for that click).	{cmd}-Klick wählt die Ebene unter dem Zeiger aus (aktiviert für diesen Klick die automatische Auswahl).
	Arrow keys nudge by 1 pixel, {shift}+arrow by 10.	Pfeiltasten verschieben um 1 Pixel, {shift}+Pfeil um 10.
	Selects a rectangular area.	Wählt einen rechteckigen Bereich aus.
	Drag to select; {shift}-drag adds to the selection, {alt}-drag subtracts.	Ziehen, um auszuwählen; {shift}-Ziehen fügt der Auswahl hinzu, {alt}-Ziehen subtrahiert.
	Hold {shift} and {alt} together to intersect.	{shift} und {alt} zusammen gedrückt halten, um die Schnittmenge zu bilden.
	Selects an oval or circular area.	Wählt einen ovalen oder kreisförmigen Bereich aus.
	Selects by drawing a freehand outline.	Wählt durch Zeichnen einer Freihandumrandung aus.
	Drag to draw; release to close the outline.	Ziehen, um zu zeichnen; loslassen, um die Umrandung zu schließen.
	Hold {alt} while drawing for straight segments; let go to go freehand again.	{alt} beim Zeichnen gedrückt halten für gerade Segmente; loslassen, um wieder freihändig zu zeichnen.
	Hold {shift} before you start to add, {alt} to subtract.	{shift} vor dem Start gedrückt halten, um hinzuzufügen, {alt} zum Subtrahieren.
	Selects with a straight-sided outline.	Wählt mit einer geradlinigen Umrandung aus.
	Click to place each corner.	Klicken, um jede Ecke zu setzen.
	Click the first point, or double-click, to close the shape.	Klicken Sie auf den ersten Punkt oder doppelklicken Sie, um die Form zu schließen.
	Hold {shift} for the first click to add, {alt} to subtract.	Halten Sie {shift} beim ersten Klick gedrückt, um hinzuzufügen, {alt} zum Subtrahieren.
	Selects by following the edge of an object.	Wählt durch Verfolgen der Kante eines Objekts aus.
	Click to start, then move along the edge; click to fasten a point.	Klicken, um zu beginnen, dann an der Kante entlang bewegen; klicken, um einen Punkt zu setzen.
	{alt}-click adds a straight segment; drag for freehand.	{alt}-Klick fügt ein gerades Segment hinzu; ziehen für Freihand.
	Double-click, or click the first point, to close the outline.	Doppelklicken oder auf den ersten Punkt klicken, um die Umrandung zu schließen.
	Selects an object with the local AI model.	Wählt ein Objekt mit dem lokalen KI-Modell aus.
	Click an object, or drag a box around it.	Klicken Sie auf ein Objekt oder ziehen Sie einen Rahmen darum.
	{shift} adds to the selection, {alt} subtracts.	{shift} fügt der Auswahl hinzu, {alt} subtrahiert.
	Paints a selection that grows out to the edges.	Malt eine Auswahl, die sich bis zu den Kanten ausdehnt.
	Drag over the area you want.	Ziehen Sie über den gewünschten Bereich.
	Hold {alt} while dragging to subtract.	Halten Sie {alt} beim Ziehen gedrückt, um zu subtrahieren.
	Selects pixels of a similar colour with one click.	Wählt Pixel ähnlicher Farbe mit einem Klick aus.
	Click a colour; Tolerance and Contiguous are in the options bar.	Klicken Sie auf eine Farbe; Toleranz und Benachbart befinden sich in der Optionsleiste.
	{shift}-click adds, {alt}-click subtracts, {shift}+{alt}-click intersects.	{shift}-Klick fügt hinzu, {alt}-Klick subtrahiert, {shift}+{alt}-Klick bildet die Schnittmenge.
	Trims the image to a rectangle.	Beschneidet das Bild auf ein Rechteck.
	Drag to draw the crop, then drag the handles to adjust.	Ziehen, um den Zuschnitt zu zeichnen, dann die Griffe zum Anpassen ziehen.
	Hold {shift} to keep the ratio and {alt} to resize from the centre.	Halten Sie {shift} gedrückt, um das Seitenverhältnis beizubehalten, und {alt}, um von der Mitte aus zu skalieren.
	Press Enter to apply, Esc to cancel.	Drücken Sie die Eingabetaste zum Anwenden, Esc zum Abbrechen.
	Crops to a four-cornered shape and straightens it, as for a photographed page or building.	Beschneidet auf eine viereckige Form und richtet sie gerade aus, z. B. für eine fotografierte Seite oder ein Gebäude.
	Divides the image into slices for web export.	Teilt das Bild für den Web-Export in Slices auf.
	Selects and adjusts existing slices.	Wählt vorhandene Slices aus und passt sie an.
	Samples a colour from the image.	Nimmt eine Farbe aus dem Bild auf.
	Click to set the foreground colour.	Klicken, um die Vordergrundfarbe festzulegen.
	{alt}-click sets the background colour.	{alt}-Klick legt die Hintergrundfarbe fest.
	Measures distances and angles on the image.	Misst Abstände und Winkel im Bild.
	Adds a text note to the document.	Fügt dem Dokument eine Textnotiz hinzu.
	Counts items in the image by clicking on each.	Zählt Elemente im Bild, indem Sie auf jedes klicken.
	Removes a blemish by blending in the pixels around it.	Entfernt einen Makel, indem die umliegenden Pixel überblendet werden.
	Paint over the spot.	Malen Sie über die Stelle.
	Hold {shift} for a straight line from the last stroke.	Halten Sie {shift} gedrückt für eine gerade Linie vom letzten Strich.
	Repairs an area using sampled pixels, matching light and texture.	Repariert einen Bereich mit aufgenommenen Pixeln und passt Licht und Textur an.
	{alt}-click to set the source point.	{alt}-Klick, um den Quellpunkt festzulegen.
	Then paint over the area to repair.	Malen Sie dann über den zu reparierenden Bereich.
	Repairs a selected area from another area.	Repariert einen ausgewählten Bereich mit einem anderen Bereich.
	Draw around the flaw, then drag the selection onto clean pixels.	Umkreisen Sie den Fehler und ziehen Sie die Auswahl dann auf saubere Pixel.
	Drag from inside an existing selection to move it.	Ziehen Sie aus dem Inneren einer bestehenden Auswahl, um sie zu verschieben.
	Moves a selected object and fills the gap it leaves.	Verschiebt ein ausgewähltes Objekt und füllt die entstehende Lücke.
	Draw around the object, then drag the selection to its new place.	Umkreisen Sie das Objekt und ziehen Sie die Auswahl dann an die neue Stelle.
	Removes red from the pupils in flash photos.	Entfernt rote Augen in Blitzlichtfotos.
	Click on the red pupil.	Klicken Sie auf die rote Pupille.
	Paints soft or hard strokes in the foreground colour.	Malt weiche oder harte Striche in der Vordergrundfarbe.
	Drag to paint; hold {shift} to keep a straight line.	Ziehen zum Malen; halten Sie {shift} gedrückt, um eine gerade Linie beizubehalten.
	{shift}-click draws a line from the end of the last stroke.	{shift}-Klick zeichnet eine Linie vom Ende des letzten Strichs.
	Hold {alt} to pick a colour from the image.	Halten Sie {alt} gedrückt, um eine Farbe aus dem Bild aufzunehmen.
	Paints hard-edged strokes.	Malt hartkantige Striche.
	Paints with colours that mix with the canvas, like wet paint.	Malt mit Farben, die sich mit der Leinwand mischen, wie nasse Farbe.
	Paints with pixels copied from another part of the image.	Malt mit Pixeln, die von einer anderen Stelle des Bildes kopiert wurden.
	Then paint where you want the copy.	Malen Sie dann an die Stelle, an der die Kopie erscheinen soll.
	Paints back an earlier state of the image.	Stellt einen früheren Zustand des Bildes wieder her.
	Erases pixels as you drag.	Löscht Pixel beim Ziehen.
	Drag to erase; hold {shift} to keep a straight line.	Ziehen zum Löschen; halten Sie {shift} gedrückt, um eine gerade Linie beizubehalten.
	Erases the background colour under the brush, keeping edges.	Löscht die Hintergrundfarbe unter dem Pinsel und behält Kanten bei.
	Drag along the edge of the subject.	Ziehen Sie entlang der Kante des Motivs.
	Erases all pixels of a similar colour with one click.	Löscht alle Pixel einer ähnlichen Farbe mit einem Klick.
	Click the colour to erase.	Klicken Sie auf die zu löschende Farbe.
	Fills with a blend between colours.	Füllt mit einem Verlauf zwischen Farben.
	Drag from where the blend starts to where it ends.	Ziehen Sie vom Anfang bis zum Ende des Verlaufs.
	Hold {shift} to snap the angle to 45 degrees.	Halten Sie {shift} gedrückt, um den Winkel auf 45 Grad zu rasten.
	Fills an area of similar colour with the foreground colour.	Füllt einen Bereich ähnlicher Farbe mit der Vordergrundfarbe.
	Click inside the area to fill.	Klicken Sie in den Bereich, um ihn zu füllen.
	Softens the pixels you paint over.	Weicht die Pixel, über die Sie malen, auf.
	Drag to blur; hold {shift} to keep a straight line.	Ziehen zum Weichzeichnen; halten Sie {shift} gedrückt, um eine gerade Linie beizubehalten.
	Sharpens the pixels you paint over.	Schärft die Pixel, über die Sie malen.
	Drag to sharpen; hold {shift} to keep a straight line.	Ziehen zum Schärfen; halten Sie {shift} gedrückt, um eine gerade Linie beizubehalten.
	Smears pixels in the direction you drag, like wet paint.	Verwischt Pixel in Ziehrichtung, wie nasse Farbe.
	Drag to smudge; hold {shift} to keep a straight line.	Ziehen zum Verwischen; halten Sie {shift} gedrückt, um eine gerade Linie beizubehalten.
	Lightens the areas you paint over.	Hellt die Bereiche auf, über die Sie malen.
	Drag to lighten; hold {shift} to keep a straight line.	Ziehen zum Aufhellen; halten Sie {shift} gedrückt, um eine gerade Linie beizubehalten.
	Darkens the areas you paint over.	Dunkelt die Bereiche ab, über die Sie malen.
	Drag to darken; hold {shift} to keep a straight line.	Ziehen zum Abdunkeln; halten Sie {shift} gedrückt, um eine gerade Linie beizubehalten.
	Raises or lowers the colour saturation where you paint.	Erhöht oder verringert die Farbsättigung, wo Sie malen.
	Drag to change saturation; hold {shift} to keep a straight line.	Ziehen, um die Sättigung zu ändern; halten Sie {shift} gedrückt, um eine gerade Linie beizubehalten.
	Draws precise paths and shapes with anchor points.	Zeichnet präzise Pfade und Formen mit Ankerpunkten.
	Click to add points; {alt} on an anchor turns it into a corner or smooth point.	Klicken, um Punkte hinzuzufügen; {alt} auf einem Anker macht ihn zu einem Eck- oder Übergangspunkt.
	Selects and moves whole paths.	Wählt ganze Pfade aus und verschiebt sie.
	Selects and edits individual anchor points and handles.	Wählt einzelne Ankerpunkte und Griffe aus und bearbeitet sie.
	Click an anchor or handle; drag a box to select several.	Klicken Sie auf einen Anker oder Griff; ziehen Sie einen Rahmen, um mehrere auszuwählen.
	{shift}-click toggles an anchor in the selection.	{shift}-Klick schaltet einen Anker in der Auswahl um.
	{alt}-drag a handle to move it on its own.	Ziehen Sie mit {alt} an einem Griff, um ihn einzeln zu bewegen.
	Adds text to the image.	Fügt Text zum Bild hinzu.
	Click to type a line of text.	Klicken, um eine Textzeile einzugeben.
	Drag to make a box for paragraph text.	Ziehen, um einen Rahmen für Absatztext zu erstellen.
	Adds text that runs top to bottom.	Fügt Text hinzu, der von oben nach unten verläuft.
	Draws rectangles as editable shape layers.	Zeichnet Rechtecke als bearbeitbare Formebenen.
	Draws ellipses and circles as editable shape layers.	Zeichnet Ellipsen und Kreise als bearbeitbare Formebenen.
	Draws triangles as editable shape layers.	Zeichnet Dreiecke als bearbeitbare Formebenen.
	Draws polygons with any number of sides.	Zeichnet Polygone mit beliebig vielen Seiten.
	Draws straight lines as editable shape layers.	Zeichnet gerade Linien als bearbeitbare Formebenen.
	Draws a shape chosen from the shape library.	Zeichnet eine Form aus der Formenbibliothek.
	Pans the view around the image.	Verschiebt die Ansicht im Bild.
	Drag to move the image.	Ziehen, um das Bild zu verschieben.
	Hold Space with any other tool to pan temporarily.	Halten Sie die Leertaste mit einem anderen Werkzeug gedrückt, um vorübergehend zu schwenken.
	Magnifies or reduces the view.	Vergrößert oder verkleinert die Ansicht.
	Click to zoom in, {alt}-click to zoom out.	Klicken zum Vergrößern, {alt}-Klick zum Verkleinern.
	Drag right to zoom in and left to zoom out, or drag a box when Scrubby Zoom is off.	Nach rechts ziehen zum Vergrößern und nach links zum Verkleinern, oder einen Rahmen ziehen, wenn Scrubby-Zoom deaktiviert ist.
	Removes distractions with the local AI model.	Entfernt störende Elemente mit dem lokalen KI-Modell.
	Paint over what you want gone.	Malen Sie über das, was entfernt werden soll.
	When you let go, the repair lands on its own layer.	Beim Loslassen landet die Reparatur auf einer eigenen Ebene.
	Cuts out the subject with the local AI model.	Schneidet das Motiv mit dem lokalen KI-Modell aus.
	Use Remove Background in the options bar to make the mask.	Verwenden Sie „Hintergrund entfernen“ in der Optionsleiste, um die Maske zu erstellen.
	Then paint to erase or restore parts of it; X swaps the two.	Malen Sie dann, um Teile davon zu löschen oder wiederherzustellen; X tauscht die beiden.
	Pushes pixels forward as you drag.	Schiebt Pixel beim Ziehen nach vorn.
	Drag across the area to push it along.	Ziehen Sie über den Bereich, um ihn mitzuschieben.
	Undoes warping where you paint.	Macht Verformungen rückgängig, wo Sie malen.
	Paint over a distorted area to restore it; hold still to keep restoring.	Über einen verzerrten Bereich malen, um ihn wiederherzustellen; gedrückt halten, um die Wiederherstellung fortzusetzen.
	Smooths out the distortion where you paint.	Glättet die Verzerrung dort, wo Sie malen.
	Paint over an area; hold still to keep smoothing.	Über einen Bereich malen; gedrückt halten, um weiter zu glätten.
	Spins pixels clockwise.	Dreht Pixel im Uhrzeigersinn.
	Click or hold still to keep twirling.	Klicken oder gedrückt halten, um das Drehen fortzusetzen.
	Spins pixels counterclockwise.	Dreht Pixel gegen den Uhrzeigersinn.
	Pulls pixels in toward the centre of the brush.	Zieht Pixel zur Mitte des Pinsels hin.
	Click or hold still to keep pinching.	Klicken oder gedrückt halten, um das Verkrümmen fortzusetzen.
	Pushes pixels out from the centre of the brush.	Drückt Pixel von der Mitte des Pinsels weg.
	Click or hold still to keep swelling.	Klicken oder gedrückt halten, um das Aufblasen fortzusetzen.
	Shifts pixels sideways as you drag.	Verschiebt Pixel beim Ziehen seitlich.
	Drag to move pixels to the left of your direction.	Ziehen, um Pixel links von Ihrer Zugrichtung zu verschieben.
	Protects areas from being warped.	Schützt Bereiche vor Verformung.
	Paint over the areas to protect.	Über die zu schützenden Bereiche malen.
	Removes protection from frozen areas.	Hebt den Schutz fixierter Bereiche auf.
	Paint over the frozen areas to release them.	Über die fixierten Bereiche malen, um sie freizugeben.
	Freezes an area you outline.	Fixiert einen Bereich, den Sie umreißen.
	Drag to freeze an outlined area.	Ziehen, um einen umrissenen Bereich zu fixieren.
	{alt}-drag to thaw it.	{alt}-Ziehen zum Auftauen.
	Changes the whole image at once.	Ändert das gesamte Bild auf einmal.
	Also in this group:	Auch in dieser Gruppe:
	How to use	Verwendung
	All Tools	Alle Werkzeuge
	Photographer	Fotograf
	Retouching	Retusche
	Tool Set	Werkzeugset
	Tool Sets	Werkzeugsets
	built-in	Integriert
	My Tools	Meine Werkzeuge
	Duplicate	Duplizieren
	Reset to All Tools	Auf alle Werkzeuge zurücksetzen
	Built-in sets can't be changed. Save a copy to choose your own tools.	Integrierte Sets können nicht geändert werden. Speichern Sie eine Kopie, um Ihre eigenen Werkzeuge auszuwählen.
	Save as New Set	Als neues Set speichern
	Tick the tools this set shows.	Aktivieren Sie die Werkzeuge, die dieses Set anzeigen soll.
	Tool tips	Werkzeugtipps
	Rich (name, shortcut and how to use)	Ausführlich (Name, Tastenkürzel und Verwendung)
	Simple (name and shortcut)	Einfach (Name und Tastenkürzel)
	Tool icons	Werkzeugsymbole
	Colour (default)	Farbe (Standard)

# Smart Sort face model bundle
	Faces	Gesichter
	Finds faces and recognises the same person across photos. Off until you turn it on in Smart Sort. Face data stays in your library.	Findet Gesichter und erkennt dieselbe Person auf mehreren Fotos. Inaktiv, bis Sie es in Smart Sort einschalten. Gesichtsdaten bleiben in Ihrer Bibliothek.
	Finds faces and their landmarks, ready to recognise the same person in other photos. Runs locally on the CPU.	Findet Gesichter und ihre Merkmale, um dieselbe Person auf anderen Fotos zu erkennen. Läuft lokal auf der CPU.
	Finds faces and groups photos of the same person for Smart Sort. Includes both face models; runs on the CPU with face data kept in your library.	Findet Gesichter und gruppiert Fotos derselben Person für Smart Sort. Enthält beide Gesichtsmodelle; läuft auf der CPU und speichert Gesichtsdaten in Ihrer Bibliothek.

# Tool tip and tool set completion (English fallback).
	Cancel Rename	Cancel Rename
	Choose Move or Extend in the options bar.	Choose Move or Extend in the options bar.
	Choose the active shape, work path or targeted vector mask.	Choose the active shape, work path or targeted vector mask.
	Click a slice to select it.	Click a slice to select it.
	Click each item to add a numbered marker.	Click each item to add a numbered marker.
	Click the first point to close, Enter to finish an open path.	Click the first point to close, Enter to finish an open path.
	Click the image to add a sampler, then drag its marker to move it.	Click the image to add a sampler, then drag its marker to move it.
	Click to add a note and edit its text in the Notes panel.	Click to add a note and edit its text in the Notes panel.
	Click to add corners; drag to create smooth handles.	Click to add corners; drag to create smooth handles.
	Click to switch between Fit and 100%; {alt}-click zooms out.	Click to switch between Fit and 100%; {alt}-click zooms out.
	Color Sampler Tool	Color Sampler Tool
	Double-click the image or tool button to fit the image.	Double-click the image or tool button to fit the image.
	Double-click the tool button to fit the image.	Double-click the tool button to fit the image.
	Drag a frame, then drag its four corners onto the subject.	Drag a frame, then drag its four corners onto the subject.
	Drag a note marker to move it.	Drag a note marker to move it.
	Drag a rectangle to create a slice.	Drag a rectangle to create a slice.
	Drag between the endpoints.	Drag between the endpoints.
	Drag between two points to measure.	Drag between two points to measure.
	Drag right to zoom in and left to zoom out; {cmd}-drag draws a zoom box.	Drag right to zoom in and left to zoom out; {cmd}-drag draws a zoom box.
	Drag the selected slice to move it.	Drag the selected slice to move it.
	Drag to draw; {shift} keeps equal width and height.	Drag to draw; {shift} keeps equal width and height.
	Drag to move its whole path.	Drag to move its whole path.
	Drag to move the image; hold Space to pan with another tool.	Drag to move the image; hold Space to pan with another tool.
	Hold {alt} to draw from the centre.	Hold {alt} to draw from the centre.
	Magnifies or reduces the Camera Raw preview.	Magnifies or reduces the Camera Raw preview.
	Paints back the document’s opening state.	Paints back the document’s opening state.
	Pans the Camera Raw preview.	Pans the Camera Raw preview.
	Places colour readouts on the Camera Raw preview.	Places colour readouts on the Camera Raw preview.
	Save Name	Save Name
	Set Pupil Size and Darken Amount in the options bar.	Set Pupil Size and Darken Amount in the options bar.
	Set Size and Pressure in Brush Tool Options.	Set Size and Pressure in Brush Tool Options.
	Set the brush size in the options bar before painting.	Set the brush size in the options bar before painting.
	Then paint to erase or restore parts of it; Swap Colors switches modes.	Then paint to erase or restore parts of it; Swap Colors switches modes.
	Up	Up
	Use Slice Select to move an existing slice.	Use Slice Select to move an existing slice.
	{alt}-click a marker to remove it.	{alt}-click a marker to remove it.
	{alt}-drag an endpoint to measure an angle.	{alt}-drag an endpoint to measure an angle.
	Hold {key} with any other tool to pan temporarily.	Hold {key} with any other tool to pan temporarily.
	Set Tolerance and Contiguous in the options bar.	Stelle Toleranz und Benachbart in der Optionsleiste ein.
	Choose Erase or Restore in the options bar, then paint to refine the mask.	Wähle in der Optionsleiste Löschen oder Wiederherstellen und male, um die Maske zu verfeinern.
	Tool Set Name	Name des Werkzeugsatzes
	You can also drag with the middle mouse button to pan.	Du kannst auch mit der mittleren Maustaste ziehen, um die Ansicht zu verschieben.
	10 fps	10 fps
	15 fps	15 fps
	24 fps	24 fps
	25 fps	25 fps
	30 fps	30 fps
	32-bit Preview Options	32-Bit-Vorschauoptionen
	3D	3D
	3D…	3D…
	ACES	ACES
	AI Integrations	KI-Integrationen
	Accented Edges	Akzentuierte Kanten
	Accurate	Genau
	Actual Color	Tatsächliche Farbe
	Add Noise	Rauschen hinzufügen
	Add Pins	Pins hinzufügen
	Add a mask  (from the selection; ⌥ inverts)	Maske hinzufügen  (aus Auswahl; ⌥ invertiert)
	Add to	Hinzufügen zu
	Add to selection  (⇧)	Zur Auswahl hinzufügen  (⇧)
	Adds grain to the soft edges of the brush tip.	Fügt den weichen Kanten der Pinselspitze Körnung hinzu.
	Adjust Interval For Loops	Intervall für Schleifen anpassen
	Adjustment Layer	Einstellungsebene
	Adobe Every-line Composer	Adobe Absatzkomponist
	Adobe PDF Presets…	Adobe-PDF-Vorgaben…
	Adobe RGB (1998)	Adobe RGB (1998)
	Adobe Single-line Composer	Adobe Einzelzeilenkomponist
	Advanced Blending	Erweiterte Füllmethoden
	Advanced Controls	Erweiterte Steuerung
	After (X)	Nachher (X)
	Airbrush: keeps painting while the pointer rests.	Airbrush: Baut Farbe auf, solange der Zeiger stillsteht.
	Alignment	Ausrichtung
	Alternates for Current Selection	Alternativen für aktuelle Auswahl
	Alternative	Alternative
	Ambience	Ambiente
	Ambient	Umgebungslicht
	Amplitude Max	Maximale Amplitude
	Amplitude Min	Minimale Amplitude
	Angled Strokes	Winkelstriche
	Anisotropic	Anisotrop
	Aperture	Blende
	Apple RGB	Apple RGB
	Apply Data Set	Datensatz anwenden
	Apply Image	Bildberechnung
	Arbitrary	Beliebig
	Area	Bereich
	Around Center	Um Mittelpunkt
	Arrangement	Anordnung
	Art History Brush	Kunstgeschichte-Pinsel
	Artboard from Group	Zeichenfläche aus Gruppe
	Artboard from Layers	Zeichenfläche aus Ebenen
	Artboards to Files	Zeichenflächen in Dateien
	Artboards to PDF	Zeichenflächen in PDF
	Artistic	Künstlerisch
	Ask Before Saving Saved Embedded	Vor dem Speichern von eingebetteten Inhalten fragen
	Ask When Pasting	Beim Einfügen fragen
	Aspect Ratio	Seitenverhältnis
	Assign Profile	Profil zuweisen
	At	Bei
	Audio	Audio
	Auto Clean Brush	Pinsel automatisch reinigen
	Auto Scale	Automatisch skalieren
	Auto-Align Layers	Ebenen automatisch ausrichten
	Auto-Blend Layers	Ebenen automatisch überblenden
	Auto-Hide	Automatisch ausblenden
	Auto-Leading	Automatischer Zeilenabstand
	Auto-leading %	Automatischer Zeilenabstand %
	Automatically Create First Snapshot	Ersten Schnappschuss automatisch erstellen
	Automatically Create New Snapshot When Saving	Beim Speichern automatisch neuen Schnappschuss erstellen
	Avoid Widows/Orphans	Hurenkinder und Schusterjungen vermeiden
	Background Level	Hintergrundwert
	Background from Layer	Hintergrund aus Ebene
	Bamboo	Bambus
	Bas Relief	Bassrelief
	Base Tree Type	Grundbaumtyp
	Baseline Shift	Grundlinienversatz
	Batch	Stapel
	Berries	Beeren
	Black Clip	Schwarz-Clipping
	Black Intensity	Schwarzintensität
	Blade Curvature	Klingenkrümmung
	Blast	Stoß
	Bleach Bypass	Bleach Bypass
	Blend	Mischen
	Blend RGB Colors Using Gamma 1.0	RGB-Farben mit Gamma 1,0 mischen
	Blocks	Blöcke
	Blue Yellow	Blau-Gelb
	Blur Angle	Weichzeichnungswinkel
	Border	Rand
	Border Thickness	Randstärke
	Bottom Left	Unten links
	Bottom Right	Unten rechts
	Box Blur	Box Weichzeichner
	Branches Color	Zweigfarbe
	Branches Height	Zweighöhe
	Branches Thickness	Zweigdicke
	Brick	Ziegel
	Bristle Detail	Borstendetail
	Browse	Durchsuchen
	Brush Detail	Pinseldetail
	Brush Size	Pinselgröße
	Brush Strokes	Pinselstriche
	Brush Tip	Pinselspitze
	Brush Type	Pinseltyp
	Burlap	Jute
	Byline	Verfasserzeile
	Byline Title	Titel der Verfasserzeile
	CIE RGB	CIE RGB
	CMYK:	CMYK:
	Calculations	Berechnungen
	Camera Calibration	Kamerakalibrierung
	Camera Data	Kameradaten
	Camera Make	Kamerahersteller
	Camera Model	Kameramodell
	Camera Raw	Camera Raw
	Candle Light	Kerzenlicht
	Canvas Size	Arbeitsfläche
	Canvas rotation	Drehung der Arbeitsfläche
	Caption	Beschriftung
	Caption Credits	Bildunterschrift-Credits
	Capture Comp	Aufnahme-Komposition
	Category	Kategorie
	Cell Size	Zellengröße
	Center X	Mitte X
	Center Y	Mitte Y
	Chalk Area	Kreidefläche
	Channel1	Kanal1
	Channel2	Kanal2
	Channel3	Kanal3
	Channel4	Kanal4
	Charcoal Area	Kohlefläche
	Charcoal Thickness	Kohlestärke
	Circle	Kreis
	Circularity	Rundheit
	City	Stadt
	Cleanliness	Sauberkeit
	Clear Amount	Löschbetrag
	Clear History	Verlauf löschen
	Click the first point or press ↵ to close · Esc cancels	Klicken Sie auf den ersten Punkt oder drücken Sie ↵ zum Schließen · Esc bricht ab
	Click to add a point · drag off or ⌘/Ctrl-click or Delete to remove	Klicken Sie, um einen Punkt hinzuzufügen · ziehen Sie weg oder ⌘/Strg-Klick oder Entf zum Entfernen
	Click to apply, ⌥-click to clear overrides, double-click for Style Options	Klicken zum Anwenden, ⌥-Klicken zum Löschen von Überschreibungen, Doppelklick für Stiloptionen
	Click to zoom in  ·  ⌥-click to zoom out	Klicken zum Vergrößern  ·  ⌥-Klicken zum Verkleinern
	Click: corner · Drag: smooth · Click first point: close · ↩ finish · Esc cancel	Klicken: Ecke · Ziehen: glatt · Ersten Punkt klicken: schließen · ↩ Fertig · Esc abbrechen
	Clipping Path	Beschneidungspfad
	Clone	Klonen
	Clumped	Klumpig
	Coarse Dots	Grobe Punkte
	Coerce to sRGB	In sRGB konvertieren
	Collapse group  (⌥-click: all groups)	Gruppe reduzieren  (⌥-Klicken: alle Gruppen)
	Color Decontaminate	Farbreinigung
	Color Halftone	Farbraster
	Color Lookup Tables	Farbsuchtabellen
	Color Management Policies	Farbmanagement-Richtlinien
	Color Noise Reduction	Farbrauschreduzierung
	Color Profile	Farbprofil
	Color Settings	Farbeinstellungen
	Color Table	Farbtabelle
	Color indicates	Farbe zeigt an
	ColorMatch RGB	ColorMatch RGB
	ColorSync	ColorSync
	Colored Pencil	Buntstift
	Columns	Spalten
	Commit Perspective Warp (↩)	Perspektivisches Verzerren übernehmen (↩)
	Commit Puppet Warp (↩)	Puppet Warp übernehmen (↩)
	Commit any current edits (⌘↩)	Aktuelle Bearbeitungen übernehmen (⌘↩)
	Commit current crop operation  (↵)	Aktuellen Zuschnitt übernehmen  (↵)
	Commit transform (↩)	Transformation übernehmen (↩)
	Commit warp (↩)	Verzerren übernehmen (↩)
	Compatibility	Kompatibilität
	Compose	Komponieren
	Condensed	Schmal
	Conditional Mode Change	Bedingter Moduswechsel
	Cone	Kegel
	Constraints	Einschränkungen
	Content-Aware Move	Inhaltsbasiertes Verschieben
	Contract	Kontrahieren
	Contrasty	Kontrastreich
	Convert Frames > Video Layers	Frames > Videoebenen konvertieren
	Convert to Grayscale	In Graustufen konvertieren
	Convert to Linked	In verknüpftes Objekt konvertieren
	Convert to Profile	In Profil konvertieren
	Cool	Kühl
	Cooling L B B	Kühlung L B B
	Cooling80	Kühlung80
	Cooling82	Kühlung82
	Copyright Info URL	URL der Copyright-Informationen
	Copyright Status	Copyright-Status
	Copyrighted	Urheberrechtlich geschützt
	Correct C A	CA korrigieren
	Correct Distortion	Verzeichnung korrigieren
	Correct Vignette	Vignettierung korrigieren
	Country	Land
	Crack Brightness	Risshelligkeit
	Crack Depth	Risstiefe
	Crack Spacing	Rissabstand
	Craquelure	Craquelure
	Create By	Erstellt von
	Create Date	Erstellungsdatum
	Create Multiple Picture Packages	Mehrere Bildpakete erstellen
	Create Plane	Ebene erstellen
	Create Snapshot	Schnappschuss erstellen
	Create a new layer  (⇧⌘N)	Neue Ebene erstellen  (⇧⌘N)
	Create new count group	Neue Zählgruppe erstellen
	Create new layer	Neue Ebene erstellen
	Create new set	Neuen Satz erstellen
	Credit	Bildnachweis
	Cross	Kreuz
	Cross Process	Cross Process
	Crosshatch	Kreuzschraffur
	Crystallize	Kristallisieren
	Current	Aktuell
	Current Time	Aktuelle Zeit
	Curve Darks	Kurve Tiefen
	Curve Highlights	Kurve Lichter
	Curve Lights	Kurve Lichter
	Curve Shadows	Kurve Schatten
	Curve Splits	Kurventeilungen
	Custom Branch Color	Benutzerdefinierte Zweigfarbe
	Custom Pixel Aspect Ratio	Benutzerdefiniertes Pixel-Seitenverhältnis
	Custom pattern	Benutzerdefiniertes Muster
	Cutout	Ausschnitt
	Daisies	Gänseblümchen
	Dark Intensity	Dunkle Intensität
	Dark Rough	Dunkel rau
	Dark Strokes	Dunkle Striche
	Darken Only	Nur abdunkeln
	Darkness	Dunkelheit
	Data	Daten
	Data Sets as Files	Datensätze als Dateien
	Date Created	Erstellungsdatum
	Date and Time	Datum und Uhrzeit
	DateTime Original	Aufnahmedatum
	Day For Night	Tag für Nacht
	De-Interlace	Zeilenentflechtung
	Deep Blue	Tiefblau
	Deep Emerald	Tiefes Smaragdgrün
	Deep Red	Tiefrot
	Deep Yellow	Tiefgelb
	Default Leaves	Standardblätter
	Defaults restored.	Standardeinstellungen wiederhergestellt.
	Define Brush Preset	Pinselvorgabe definieren
	Define Custom Shape	Benutzerdefinierte Form definieren
	Define Pattern	Muster definieren
	Definition	Definition
	Defringe	Farbsäume entfernen
	Delete Layer…	Ebene löschen…
	Delete Pins	Pins löschen
	Delete Preset…	Vorgabe löschen…
	Delete Smart Filters	Smartfilter löschen
	Depth Map	Tiefenkarte
	Depth Mode	Tiefenmodus
	Desaturate Monitor Colors By	Monitorfarben entsättigen um
	Detect Faces	Gesichter erkennen
	Diffuse	Diffundieren
	Diffuse Glow	Diffuses Leuchten
	Digits	Ziffern
	Direction Balance	Richtungsbalance
	Direction of Stroke	Strichrichtung
	Displace	Versetzen
	Distortion	Verzerrung
	Distribution	Verteilung
	Do you want to save you made to “{name}” before quitting?	Möchten Sie die an „{name}“ vorgenommenen Änderungen vor dem Beenden speichern?
	Document Size	Dokumentgröße
	Dodge/Burn	Abwedler/Nachbelichter
	Dot	Punkt
	Double Line	Doppellinie
	Draft	Entwurf
	Drag to move the layer	Ziehen, um die Ebene zu verschieben
	Dry Brush	Trockener Pinsel
	Duplicate Layer	Ebene duplizieren
	Duplicate Layers	Ebenen duplizieren
	Duplicate Path	Pfad duplizieren
	Duplicated selection name	Duplizierter Auswahlname
	Duplication	Duplizierung
	Duration	Dauer
	Dust & Scratches	Staub und Kratzer
	Dynamics	Dynamik
	EXIF	EXIF
	EXIF Version	EXIF-Version
	Edge Brightness	Kantenhelligkeit
	Edge Extension	Kantenerweiterung
	Edge Fidelity	Kantentreue
	Edge Intensity	Kantenintensität
	Edge Only	Nur Kanten
	Edge Simplicity	Kanteneinfachheit
	Edge Thickness	Kantenstärke
	Edge Width	Kantenbreite
	Edit Plane	Ebene bearbeiten
	Edit Toolbar	Werkzeugleiste anpassen
	Elevation	Erhebung
	Eliminate	Entfernen
	Email	E-Mail
	Embed profiles	Profile einbetten
	Enable Smart Filters	Smartfilter aktivieren
	Enable Timeline Quick Config	Schnellkonfiguration der Zeitleiste aktivieren
	End X	Ende X
	End Y	Ende Y
	Enlarged	Vergrößert
	Enter description…	Beschreibung eingeben…
	Error File	Fehlerdatei
	Errors	Fehler
	Even Fields	Gerade Halbbilder
	Expand All Groups	Alle Gruppen erweitern
	Expand group  (⌥-click: all groups)	Gruppe erweitern  (⌥-Klick: alle Gruppen)
	Export As	Exportieren als
	Export Contents	Inhalte exportieren
	Export Preferences	Exporteinstellungen
	Export/Import Presets	Vorgaben exportieren/importieren
	Exposure Program	Belichtungsprogramm
	Extensions	Erweiterungen
	Extra Bold	Extra Fett
	Extra Light	Extra Leicht
	Extrude	Extrudieren
	Faded Film	Verblasster Film
	Fast	Schnell
	Fiber Length	Faserlänge
	Fibers	Fasern
	Field Blur	Feldweichzeichnung
	File Info	Dateiinformationen
	File Naming	Dateibenennung
	Fill Light	Aufhellen
	Film Grain	Filmkörnung
	Filter Gallery	Filtergalerie
	Find and Replace Text	Text suchen und ersetzen
	Fine	Fein
	Fine Dots	Feine Punkte
	First Color Readout	Erste Farbanzeige
	First Line Indent	Einzug erste Zeile
	Fit Image	Bild einpassen
	Flame	Flamme
	Flame Bottom Alignment	Untere Flammenausrichtung
	Flame Lines	Flammenlinien
	Flame Shape	Flammenform
	Flame Style	Flammenstil
	Flame Type	Flammetyp
	Flash	Blitz
	Flat	Flach
	Flat Shading	Flache Schattierung
	Flatten Frames Into Clips	Frames zu Clips reduzieren
	Flatten Frames Into Layers	Frames zu Ebenen reduzieren
	Flower Color	Blütenfarbe
	Focal Distance	Fokusentfernung
	Focal Length35mm	Brennweite 35mm
	Focus	Fokus
	Focus Area	Fokusbereich
	Foreground Level	Vordergrundstufe
	Frame	Frame
	Frame Duration	Frame-Dauer
	Frame Sync	Frame-Synchronisierung
	Fresco	Fresko
	From Left	Von links
	From Right	Von rechts
	Frosted	Matiert
	Fuzziness	Farbtoleranz
	GPS	GPS
	Gamma	Gamma
	Gaussian	Gauß
	Gaussian Blur	Gaußscher Weichzeichner
	General Blend	Allgemeine Mischung
	General Brushes	Allgemeine Pinsel
	Generators	Generatoren
	Generic	Generisch
	Glass	Glas
	Global Light	Globales Licht
	Gloss	Glanz
	Glow Amount	Leuchtstärke
	Glow Brightness	Leuchthelligkeit
	Glow Size	Leuchtgröße
	Glowing Edges	Leuchtende Kanten
	Glyph	Glyphe
	Glyph Scaling	Glyphenskalierung
	Go to Layer	Zu Ebene wechseln
	Grade Balance	Farbabstufungsbalance
	Grade Blending	Farbabstufungsmischung
	Grade Global	Globale Farbabstufung
	Grade Highlights	Farbabstufung Lichter
	Grade Midtones	Farbabstufung Mitteltöne
	Grade Shadows	Farbabstufung Tiefen
	Grain Amount	Körnungsstärke
	Grain Roughness	Körnungsrauheit
	Grain Size	Körnungsgröße
	Grain Type	Körnungstyp
	Graininess	Körnigkeit
	Grainy Dots	Körnige Punkte
	Graphic and web	Grafik und Web
	Gray Value (Maximum)	Grauwert (Maximum)
	Gray Value (Mean)	Grauwert (Mittelwert)
	Gray Value (Median)	Grauwert (Median)
	Gray Value (Minimum)	Grauwert (Minimum)
	Gray:	Grau:
	Grayscale Slider	Graustufenregler
	Grid  (⌘')	Raster  (⌘')
	Group from Layers	Aus Ebenen gruppieren
	Group · {n} layer	Gruppe · {n} Ebenen
	Grout Width	Fugenbreite
	HDR Toning	HDR-Tonung
	HDTV (Rec. 709)	HDTV (Rec. 709)
	HSB Color	HSB-Farbe
	HSL/Grayscale	HSL/Graustufen
	Hand	Hand
	Hanging Punctuation	Hängende Interpunktion
	Heal	Reparieren
	Heal Auto	Automatisch reparieren
	Heal Color	Farbe reparieren
	Heal Off	Reparieren aus
	Heal On	Reparieren ein
	Healing	Reparatur
	Hearts	Herzen
	Heptagon	Siebeneck
	Hexagon	Sechseck
	Hide	Ausblenden
	Hide the layer's effects  (⌥-click: all layers)	Effekte der Ebene ausblenden  (⌥-Klick: alle Ebenen)
	High	Hoch
	High Pass	Hochpass
	Highlight	Lichter
	Highlight Amount	Lichterstärke
	Highlight Area	Lichterbereich
	Highlight Radius	Lichterradius
	Highlight Strength	Lichterintensität
	Highlight Tone	Lichterton
	Horizontal Only	Nur horizontal
	Hotspot	Hotspot
	Hsb	HSB
	Hsl	HSL
	Hsl Hue	HSL-Farbton
	Hsl Lum	HSL-Luminanz
	Hsl Sat	HSL-Sättigung
	Humidity	Luftfeuchtigkeit
	ISO	ISO
	ISO Speed	ISO-Empfindlichkeit
	Image Balance	Bildbalance
	Image Processor	Bildprozessor
	Import Brushes	Pinsel importieren
	Import…	Importieren…
	In	In
	In Black	Schwarzpunkt
	In White	Weißpunkt
	Include ICC Profile	ICC-Profil einbetten
	Industry Standard	Industriestandard
	Infinite	Unendlich
	Info Options…	Info-Optionen…
	Initial Direction of Stroke	Anfangsrichtung des Strichs
	Ink Outlines	Tintenkonturen
	Input Mode	Eingabemodus
	Install Plug-in	Plug-in installieren
	Integrated Density	Integrierte Dichte
	Intensity	Intensität
	Interpolation	Interpolation
	Interpret Footage	Footage interpretieren
	Intersect with	Überschneiden mit
	Intersect with selection  (⇧⌥)	Mit Auswahl überschneiden  (⇧⌥)
	Interval	Intervall
	Iris Blur	Irisweichzeichnung
	Ivy	Efeu
	Jag	Zacke
	Join the ArtCraft Discord	Dem ArtCraft-Discord beitreten
	Justify	Blocksatz
	Keep proportions	Proportionen beibehalten
	Keep view in sync	Ansicht synchron halten
	Keeps the current texture when switching presets.	Behält die aktuelle Textur beim Wechseln der Voreinstellungen bei.
	Kernel	Kernel
	Keywords	Schlüsselwörter
	Label	Beschriftung
	Last Modified	Zuletzt geändert
	Layer Comps to Files	Ebenenkompositionen in Dateien
	Layer Content Options	Optionen für Ebeneninhalte
	Layer From Background	Ebene aus Hintergrund
	Layer from Background	Ebene aus Hintergrund
	Layers to Files	Ebenen in Dateien
	Leaf Color	Blattfarbe
	Leaves Amount	Blättermenge
	Leaves Color	Blätterfarbe
	Leaves Size	Blättergröße
	Left Diagonal	Linke Diagonale
	Legacy	Veraltet
	Length	Länge
	Lens	Objektiv
	Lens Blur	Objektivunschärfe
	Lens Correction	Objektivkorrektur
	Lens Corrections	Objektivkorrekturen
	Lens Flare	Linsenreflexion
	Lens Info	Objektivinfo
	Letter Spacing	Zeichenabstand
	Level Based	Stufenbasiert
	Libraries	Bibliotheken
	Ligature	Ligatur
	Light Dark Balance	Licht-Dunkel-Balance
	Light Direction	Lichtrichtung
	Light Intensity	Lichtintensität
	Light Rough	Lichtrauheit
	Light Source	Lichtquelle
	Light Type	Lichttyp
	Light X	Licht X
	Light Y	Licht Y
	Light Z	Licht Z
	Lighten Grout	Fugen aufhellen
	Lighten Only	Nur aufhellen
	Lighting	Beleuchtung
	Lighting Effects	Beleuchtungseffekte
	Limit Playback	Wiedergabe begrenzen
	Liquify	Verflüssigen
	List	Liste
	Load 3D LUT	3D-LUT laden
	Load Files into Stack	Dateien in Stapel laden
	Localize Color Clusters	Farbcluster lokalisieren
	Location	Ort
	Lock Layers	Ebenen sperren
	Log Errors To File	Fehler in Datei protokollieren
	Long Lines	Lange Linien
	Long Strokes	Lange Striche
	Loop	Schleife
	Low	Niedrig
	Lower	Niedriger
	Lum	Lum
	Luminance Smoothness	Luminanzglättung
	Lut	LUT
	Mac Crisp	Mac Knackig
	Mac LCD	Mac LCD
	Mac OS	Mac OS
	Mac Sharp	Mac Scharf
	Mac Smooth	Mac Weich
	Mac Strong	Mac Stark
	Magnetic Lasso	Magnetisches Lasso
	Map Document	Dokument zuordnen
	Map Layer	Ebene zuordnen
	Map Path	Pfad zuordnen
	Margin	Rand
	Mask Incomplete Blocks	Unvollständige Blöcke maskieren
	Masked Areas	Maskierte Bereiche
	Match Color	Farbe angleichen
	Max Offset	Max. Versatz
	Max Radius	Max. Radius
	Measure	Messen
	Medium Dots	Mittlere Punkte
	Medium Lines	Mittlere Linien
	Medium Strokes	Mittlere Striche
	Merge to HDR Pro	Zu HDR Pro zusammenführen
	Metallic	Metallisch
	Metering Mode	Messmodus
	Mezzotint	Mezzotint
	Midtone	Mittelton
	Minimalistic	Minimalistisch
	Missing Profiles: Ask When Opening	Fehlende Profile: Beim Öffnen nachfragen
	Modify Date	Änderungsdatum
	Mono Contrast	Mono-Kontrast
	Monochromatic	Monochrom
	Mosaic	Mosaik
	Mosaic Tiles	Mosaikfliesen
	Motion Blur	Bewegungsunschärfe
	Mouse Controls	Maussteuerung
	Mouse Coordinates	Mauskoordinaten
	Movie Prime	Film Prime
	Multiple Flames Along Path	Mehrere Flammen entlang Pfad
	Multiple Flames One Direction	Mehrere Flammen eine Richtung
	Multiple Flames Path Directions	Mehrere Flammen Pfadrichtungen
	Multiple Flames Various Length	Mehrere Flammen unterschiedliche Länge
	NTSC (1953)	NTSC (1953)
	Neon Glow	Neonglühen
	Neutralize	Neutralisieren
	New Brush	Neuer Pinsel
	New Guide	Neue Hilfslinie
	New Guide Layout	Neues Hilfslinienlayout
	New Layer	Neue Ebene
	New Layer from Brush	Neue Ebene aus Pinsel
	New Layer…	Neue Ebene…
	New Path	Neuer Pfad
	New Selection	Neue Auswahl
	New Snapshot	Neuer Schnappschuss
	New Tool Preset	Neue Werkzeugvorgabe
	New Video Group	Neue Videogruppe
	New Video Layer	Neue Videoebene
	New Video Layer from File	Neue Videoebene aus Datei
	New channel only	Nur neuer Kanal
	New document	Neues Dokument
	New document…     ⌘N	Neues Dokument…     ⌘N
	Newspaper	Zeitungspapier
	No Layer Comps	Keine Ebenenkompositionen
	Noise Color	Farbrauschen
	Noise Color Detail	Farbrauschen-Details
	Noise Luminance	Luminanzrauschen
	Noise Luminance Detail	Luminanzrauschen-Details
	Nonlinear History	Nichtlineare Chronik
	Note tool	Notiz-Werkzeug
	Number Of Levels	Anzahl der Stufen
	Object Name / Title	Objektname / Titel
	Ocean Ripple	Ozeanwellen
	Octagon	Achteck
	Odd Fields	Ungerade Halbbilder
	Oil Paint	Ölfarbe
	One Flame Along Path	Eine Flamme entlang Pfad
	Opacity Mask	Deckkraftmaske
	Open As	Öffnen als
	Opening	Wird geöffnet
	Open…     ⌘O	Öffnen…     ⌘O
	Operation	Vorgang
	Out	Ausgang
	Out Black	Schwarzausgang
	Out From Center	Von der Mitte aus
	Out White	Weißausgang
	Oval	Oval
	Overlay Edge	Kantenüberlagerung
	Override Action "Save" Commands	Aktion "Speichern"-Befehle überschreiben
	PAL/SECAM	PAL/SECAM
	PDF Presentation…	PDF-Präsentation…
	Package	Paket
	Paint Daubs	Farbe auftragen
	Palette Knife	Palettemesser
	Panel Options…	Bedienfeldoptionen…
	Paper Brightness	Papierhelligkeit
	Parallel	Parallel
	Patch	Patch
	Patch Tool	Bereichsreparatur-Werkzeug
	Patchwork	Patchwork
	Path Blur	Pfadweichzeichnung
	Path to Illustrator…	Pfad an Illustrator…
	Path:	Pfad:
	Paths to Illustrator	Pfade an Illustrator
	Pattern Stamp	Musterstempel
	Pattern Type	Mustertyp
	Pen	Zeichenstift
	Pencil Width	Stiftbreite
	Pentagon	Fünfeck
	Perimeter	Umfang
	Perspective Crop	Perspektivisches Freistellungswerkzeug
	Phone	Telefon
	Photo (2 × 3 in)	Foto (2 × 3 Zoll)
	Photo (4 × 6 in)	Foto (4 × 6 Zoll)
	Photo (5 × 7 in)	Foto (5 × 7 Zoll)
	Photo (8 × 10 in)	Foto (8 × 10 Zoll)
	Photomerge	Photomerge
	Picture Frame	Bilderrahmen
	Picture Package…	Bildpaket…
	Pinch	Verbiegen
	Pins	Stecknadeln
	Place Embedded	Eingebettet platzieren
	Place Linked	Verknüpft platzieren
	Place Scale Marker	Skalierungsmarker platzieren
	Plane	Ebene
	Planes	Ebenen
	Plastic Wrap	Plastische Folie
	Play Once	Einmal abspielen
	Point	Punkt
	Point Curve	Punktkurve
	Point Curve Blue	Punktkurve Blau
	Point Curve Green	Punktkurve Grün
	Point Curve Red	Punktkurve Rot
	Pointed	Spitz
	Pointillize	Punktieren
	Polar Coordinates	Polarkoordinaten
	Polar To Rectangular	Polar zu rechteckig
	Pond Ripples	Teichwellen
	Poster Edges	Posterkanten
	Posterization	Posterisierung
	Preserve	Beibehalten
	Preset Manager	Vorgaben-Manager
	Preset Name:	Vorgabename:
	Press keys	Tasten drücken
	Prime105	Prime105
	Prime35	Prime35
	ProPhoto	ProPhoto
	ProPhoto RGB	ProPhoto RGB
	Profile	Profil
	Profile Mismatches: Ask When Opening	Profilkonflikte: Beim Öffnen fragen
	Province / State	Bundesland / Kanton
	Public Domain	Gemeinfrei
	Pyramids	Pyramiden
	Quick Sync	Quick Sync
	RGB	RGB
	RGB:	RGB:
	Radial Blur	Radialer Weichzeichner
	Radius X	Radius X
	Radius Y	Radius Y
	Random	Zufällig
	Randomize Length	Länge zufällig
	Randomize Shapes	Formen zufällig
	Raw Data	Raw-Daten
	Raw Defaults	Raw-Standardwerte
	Reading	Lesen
	Recent Items	Zuletzt verwendet
	Recovery	Wiederherstellung
	Rectangular To Polar	Rechteckig zu polar
	Red Cyan	Rot Cyan
	Red Eye	Rote Augen
	Reduce Color Noise	Farbrauschen reduzieren
	Reduce Noise	Rauschen reduzieren
	Reference point location	Position des Referenzpunkts
	Relief	Relief
	Relink to File	Mit Datei neu verknüpfen
	Remove Jpeg Artifact	JPEG-Artefakte entfernen
	Rename Brush	Pinsel umbenennen
	Rename Group	Gruppe umbenennen
	Rename Tool Preset	Werkzeugvorgabe umbenennen
	Render Video	Video rendern
	Repeat	Wiederholen
	Replace Color	Farbe ersetzen
	Replace Contents	Inhalt ersetzen
	Replace Footage	Footage ersetzen
	Report an Issue	Problem melden
	Reset	Zurücksetzen
	Resolve Missing Fonts	Fehlende Schriften auflösen
	Restore last viewed comp	Zuletzt betrachtete Komposition wiederherstellen
	Result	Ergebnis
	Rgb	Rgb
	Ridges	Grate
	Right Diagonal	Rechte Diagonale
	Ring	Ring
	Ripple	Wellen
	Ripple Magnitude	Wellenstärke
	Ripple Size	Wellengröße
	Roman Hanging Punctuation	Hängende Interpunktion (römisch)
	Rope	Seil
	Roses	Rosen
	Rotate Auto	Automatisch drehen
	Rotate Fixed	Fest drehen
	Rotate View	Ansicht drehen
	Rough Pastels	Grobes Pastell
	Row Order	Zeilenreihenfolge
	Ruler Units	Linealeinheiten
	Rulers  (⌘R)	Lineale  (⌘R)
	SMPTE C	SMPTE C
	Sampler	Farbaufnehmer
	Sandstone	Sandstein
	Sat	Sättigung
	Save As	Speichern unter
	Save Preset…	Vorgabe speichern…
	Save a Copy	Kopie speichern
	Save for Web (Legacy)	Für Web speichern (Legacy)
	Saved Multichannel	Gespeichertes Mehrkanal
	Scale Effects	Effekte skalieren
	Scale Factor	Skalierungsfaktor
	Scale Horizontally	Horizontal skalieren
	Scale Units	Skalierungseinheiten
	Scale Vertically	Vertikal skalieren
	Scaling	Skalierung
	Scallops	Muscheln
	Script Events Manager	Skriptereignisse-Manager
	Search commands (⌘K)	Befehle suchen (⌘K)
	Search commands, tools and panels	Befehle, Werkzeuge und Bedienfelder durchsuchen
	Second Color Readout	Zweiter Farbmesswert
	Select All Layers	Alle Ebenen auswählen
	Select Folder…	Ordner auswählen…
	Select Plane	Ebene auswählen
	Select Similar Colors	Ähnliche Farben auswählen
	Select and Mask	Auswählen und maskieren
	Selected Areas	Ausgewählte Bereiche
	Semi Bold	Halbfett
	Sepia	Sepia
	Set Measurement Scale	Messskala festlegen
	Set New Snapshot as Default	Neue Momentaufnahme als Standard festlegen
	Set Start Timecode…	Start-Timecode festlegen…
	Settings	Einstellungen
	Settings:	Einstellungen:
	Shadow	Schatten
	Shadow Amount	Schattenmenge
	Shadow Intensity	Schattenintensität
	Shadow Radius	Schattenradius
	Shadow Tone	Schattenton
	Shadows/Highlights	Tiefen/Lichter
	Shape Blur	Formweichzeichnung
	Sharpen Amount	Schärfungsstärke
	Sharpen Detail	Schärfungsdetails
	Sharpen Details	Schärfungsdetails
	Sharpen Masking	Schärfungsmaskierung
	Sharpen Radius	Schärfungsradius
	Sharpness	Schärfe
	Shear	Scherung
	Shine	Glanz
	Short Lines	Kurze Linien
	Short Strokes	Kurze Striche
	Show Guides  (⌘;)	Hilfslinien einblenden  (⌘;)
	Show New Snapshot Dialog by Default	Dialog „Neue Momentaufnahme“ standardmäßig anzeigen
	Show the layer's effects  (⌥-click: all layers)	Ebeneneffekte anzeigen  (⌥-Klick: alle Ebenen)
	Shutter Speed	Belichtungszeit
	Simple	Einfach
	Sine	Sinus
	Single Word Justification	Einzelwortausrichtung
	Sketch	Skizze
	Slice Options	Slice-Optionen
	Smart Blur	Intelligentes Weichzeichnen
	Smart Sharpen	Intelligentes Scharfzeichnen
	Smoothness	Glätte
	Smudge Stick	Wischstift
	Snapshot 1	Momentaufnahme 1
	Snapshots	Momentaufnahmen
	Snowflakes	Schneeflocken
	Softness	Weichheit
	Solid Front Faces	Volle Vorderflächen
	Source Layer	Quellebene
	Spacing:	Abstand:
	Sparkle	Glitzern
	Spatter	Spritzer
	Speckle	Sprenkel
	Speed	Geschwindigkeit
	Spherize	Sphärisch
	Spin	Drehen
	Spin Blur	Drehbewegungsunschärfe
	Split Toning	Teiltonung
	Split at Playhead	An Wiedergabeposition teilen
	Sponge	Schwamm
	Spot	Punkt
	Spot Channel	Sonderfarbenkanal
	Spot Healing	Bereichsreparatur
	Spot:	Sonderfarbe:
	Spray Radius	Sprühradius
	Sprayed Strokes	Gesprühte Striche
	Sprinkles	Streusel
	Square Size	Quadratgröße
	Squareness	Eckigkeit
	Stagger	Versatz
	Stained Glass	Glasmosaik
	Star	Stern
	Stars	Sterne
	Start X	Start X
	Start Y	Start Y
	Statistics	Statistik
	Status Information	Statusinformationen
	Step Backward	Schritt zurück
	Step Forward	Schritt vorwärts
	Stippled	Punktiert
	Stop For Errors	Bei Fehlern anhalten
	Stops	Stopps
	Stretch	Strecken
	Stroke Detail	Strichdetail
	Stroke Direction	Strichrichtung
	Stroke Length	Strichlänge
	Stroke Pressure	Strichdruck
	Stroke Size	Strichgröße
	Stroke Width	Strichbreite
	Strokes	Striche
	Stylization	Stilisierung
	Subject Distance	Motivabstand
	Subscript	Tiefgestellt
	Subtract from	Abziehen von
	Subtract from selection  (⌥)	Von Auswahl abziehen  (⌥)
	Sumi-e	Sumi-e
	Superscript	Hochgestellt
	Supplemental Categories	Zusätzliche Kategorien
	Surface Blur	Oberflächenweichzeichnung
	Taper	Verjüngung
	Target X	Ziel X
	Target Y	Ziel Y
	Teal Orange	Blaugrün/Orange
	Technology Previews	Technologievorschau
	Technology Previews…	Technologievorschau…
	Texture Coverage	Texturüberdeckung
	Texturizer	Texturisierer
	Thickness	Stärke
	Tile Size	Kachelgröße
	Tiles	Kacheln
	Tilt	Neigen
	Tilt-Shift	Tilt-Shift
	Time	Zeit
	Timecode	Timecode
	Timing	Timing
	Tint Color	Farbtonfarbe
	Tiny Lens	Winziges Objektiv
	To Center	Zur Mitte
	Toggle reference point	Referenzpunkt umschalten
	Tone Curve	Gradationskurve
	Tool	Werkzeug
	Toolbars	Werkzeugleisten
	Top Left	Oben links
	Top Right	Oben rechts
	Total Ink	Gesamtfarbauftrag
	Trace Contour	Konturen nachzeichnen
	Transition	Übergang
	Transmission Reference	Transmissionsreferenz
	Trap	Überfüllung
	Tree	Baum
	Trim	Trimmen
	Turbulent	Turbulent
	Twirl	Wirbel
	URLs	URLs
	Ultra Bold	Ultrafett
	Ultra Light	Ultralight
	Unaltered	Unverändert
	Uncoated CMYK	Ungestrichenes CMYK
	Undefined Areas	Nicht definierte Bereiche
	Underpainting	Untermalung
	Underwater	Unterwasser
	Uniform	Einheitlich
	Units	Einheiten
	Unix	Unix
	Unknown	Unbekannt
	Unsharp Mask	Unscharf maskieren
	Upper	Oberer
	Urgency	Dringlichkeit
	Use Custom Color	Benutzerdefinierte Farbe verwenden
	Use Selection In Source	Auswahl in Quelle verwenden
	Use Selection In Target	Auswahl in Ziel verwenden
	Uses the foreground and background colors.	Verwendet die Vordergrund- und Hintergrundfarbe.
	Vanishing Point	Fluchtpunkt
	Variable Data Sets	Variable Datensätze
	Vertical Only	Nur vertikal
	Vertical Type Tool	Vertikales Text-Werkzeug
	Video Frames to Layers	Videoframes in Ebenen
	View menu	Menü Ansicht
	Vignette Amount	Vignettenstärke
	Vignette Feather	Vignettenweichzeichnung
	Vignette Highlights	Vignettenlichter
	Vignette Midpoint	Vignettenmittelpunkt
	Vignette Roundness	Vignettenrundung
	Vignette Style	Vignettenstil
	Vine Color	Rankenfarbe
	Vine With Flowers	Ranke mit Blumen
	Vine With Leaves	Ranke mit Blättern
	Violent	Heftig
	Violet	Violett
	WIA Support	WIA-Unterstützung
	Wand	Zauberstab
	Warm	Warm
	Warming L B A	Warming L B A
	Warming81	Warming81
	Warming85	Warming85
	Warmth	Wärme
	Warp Text	Text verzerren
	Watercolor	Aquarell
	Watercolour look: lighter interior, darker rims.	Aquarell-Look: hellerer Innenbereich, dunklere Ränder.
	Wavelength Max	Maximale Wellenlänge
	Wavelength Min	Minimale Wellenlänge
	Waves	Wellen
	Web Color	Webfarbe
	Web Photo Gallery…	Web-Fotogalerie…
	White Clip	Weiß-Clipping
	White Intensity	Weißintensität
	White Is High	Weiß ist hoch
	Wide Blurry	Breit unscharf
	Wide Gamut RGB	Wide Gamut RGB
	Wide Sharp	Breit scharf
	Width and Height	Breite und Höhe
	Wind	Wind
	Word Spacing	Wortabstand
	Working	Arbeitet
	Working Gray Plate	Arbeits-Grau-Platte
	Working Space	Arbeitsfarbraum
	Working Spaces	Arbeitsfarbräume
	Wrap	Umbruch
	X	X
	Y	Y
	ZigZag	Zickzack
	Zigzag	Zickzack
	sRGB	sRGB
	sRGB IEC61966-2.1	sRGB IEC61966-2.1
	{zoom}%	{zoom}%
	↑↓ navigate   ↵ run   esc close	↑↓ navigieren   ↵ ausführen   esc schließen
	CPU mode	CPU-Modus
	GPU acceleration is off after a graphics failure.	GPU-Beschleunigung ist nach einem Grafikfehler deaktiviert.
	Recommended: {value}	Empfohlen: {value}
	Recommended: {min}–{max} (default {default})	Empfohlen: {min}–{max} (Standard: {default})
