# Spanish (es) catalog. Columns, separated by a TAB:  context <TAB> source <TAB> translation
#
#   context  empty                a plain UI string; `source` is the English text in the code
#            @plural              `source` is "one|other" (English forms); the translation lists
#                                 the language's forms separated by "|" (see `plural` in i18n/mod.rs)
#   escapes  \n  \t  \\  inside a column. `{name}` placeholders must appear in both columns.
#   lines starting with # and blank lines are ignored.
#
# Clean-room: every entry was written from the plain meaning of the English label using ordinary
# Spanish computing vocabulary (capa, pincel, selección, lienzo ...). No proprietary localisation
# resource, string table or product UI was consulted or copied; add entries the same way.
# Product and technology names (Local Image, ArtCraft, OpenType, CMYK, Lab ...) stay in Latin
# letters; the trailing "…" of dialog commands is kept.
	File	Archivo
	Edit	Edición
	Image	Imagen
	Layer	Capa
	Type	Texto
	Select	Selección
	Filter	Filtro
	View	Ver
	Window	Ventana
	Help	Ayuda
	(coming soon)	(próximamente)
	New…	Nuevo…
	New from Clipboard	Nuevo desde el portapapeles
	Open…	Abrir…
	Open As…	Abrir como…
	Open Recent	Abrir recientes
	Clear Recent Files	Vaciar archivos recientes
	Close	Cerrar
	Minimize	Minimizar
	Maximize	Maximizar
	Restore	Restaurar
	Close All	Cerrar todo
	Close Others	Cerrar otros
	Save	Guardar
	Save As…	Guardar como…
	Save a Copy…	Guardar una copia…
	Revert	Restaurar
	Export	Exportar
	Quick Export as PNG	Exportación rápida como PNG
	Export As…	Exportar como…
	Export Preferences…	Preferencias de exportación…
	Save for Web (Legacy)…	Guardar para web (heredado)…
	Artboards to Files…	Mesas de trabajo en archivos…
	Artboards to PDF…	Mesas de trabajo en PDF…
	Layers to Files…	Capas en archivos…
	Layer Comps to Files…	Composiciones de capa en archivos…
	Color Lookup Tables…	Tablas de búsqueda de color…
	Data Sets as Files…	Conjuntos de datos como archivos…
	Paths to Illustrator…	Trazados a Illustrator…
	Render Video…	Renderizar vídeo…
	Generate	Generar
	Image Assets	Recursos de imagen
	Place Embedded…	Colocar incrustado…
	Place Linked…	Colocar vinculado…
	Package…	Empaquetar…
	Automate	Automatizar
	Batch…	Lote…
	Create Droplet…	Crear gota…
	Crop and Straighten Photos	Recortar y enderezar fotos
	Contact Sheet II…	Hoja de contactos II…
	Conditional Mode Change…	Cambio de modo condicional…
	Fit Image…	Ajustar imagen…
	Lens Correction…	Corrección de lente…
	Merge to HDR Pro…	Combinar en HDR Pro…
	Photomerge…	Fotomontaje…
	Scripts	Secuencias de comandos
	Image Processor…	Procesador de imágenes…
	Delete All Empty Layers	Eliminar todas las capas vacías
	Flatten All Layer Effects	Acoplar todos los efectos de capa
	Flatten All Masks	Acoplar todas las máscaras
	Script Events Manager…	Administrador de eventos de secuencias de comandos…
	Import	Importar
	Browse…	Examinar…
	Reveal in Finder	Mostrar en Finder
	File Info…	Información del archivo…
	Print…	Imprimir…
	Print One Copy	Imprimir una copia
	Exit	Salir
	Undo	Deshacer
	Redo	Rehacer
	Toggle Last State	Alternar último estado
	Fade…	Desvanecer…
	Cut	Cortar
	Copy	Copiar
	Copy Merged	Copiar combinado
	Paste	Pegar
	Paste Special	Pegado especial
	Paste in Place	Pegar en el mismo lugar
	Paste Into	Pegar dentro
	Paste Outside	Pegar fuera
	Paste Lorem Ipsum	Pegar Lorem Ipsum
	Clear	Borrar
	Search…	Buscar…
	Check Spelling…	Comprobar ortografía…
	Find and Replace Text…	Buscar y reemplazar texto…
	Fill…	Rellenar…
	Stroke…	Contornear…
	Content-Aware Fill…	Relleno de contenido…
	Content-Aware Scale	Escalado según el contenido
	Puppet Warp	Deformación de clavos
	Perspective Warp	Deformación de perspectiva
	Free Transform	Transformación libre
	Free Transform a Copy	Transformación libre de una copia
	Transform	Transformar
	Again	Repetir
	Transform Again on a Copy	Duplicar y repetir la transformación
	Scale	Escalar
	Rotate	Rotar
	Skew	Sesgar
	Distort	Distorsionar
	Perspective	Perspectiva
	Warp	Deformar
	Flip Horizontal	Voltear horizontalmente
	Flip Vertical	Voltear verticalmente
	Rotate 180°	Rotar 180°
	Rotate 90° Clockwise	Rotar 90° a la derecha
	Rotate 90° Counter Clockwise	Rotar 90° a la izquierda
	180°	180°
	90° Clockwise	90° a la derecha
	90° Counter Clockwise	90° a la izquierda
	Arbitrary…	Ángulo libre…
	Auto-Align Layers…	Alinear capas automáticamente…
	Auto-Blend Layers…	Combinar capas automáticamente…
	Define Brush Preset…	Definir preajuste de pincel…
	Define Pattern…	Definir patrón…
	Define Custom Shape…	Definir forma personalizada…
	Purge	Vaciar
	Clipboard	Portapapeles
	Histories	Historiales
	Video Cache	Caché de vídeo
	All	Todo
	Presets	Preajustes
	Preset Manager…	Administrador de preajustes…
	Migrate Presets	Migrar preajustes
	Export/Import Presets…	Exportar/importar preajustes…
	Color Settings…	Configuración de color…
	Assign Profile…	Asignar perfil…
	Convert to Profile…	Convertir a perfil…
	Keyboard Shortcuts…	Métodos abreviados de teclado…
	Menus…	Menús…
	Toolbar…	Barra de herramientas…
	Preferences	Preferencias
	General…	General…
	Interface…	Interfaz…
	Workspace…	Espacio de trabajo…
	Tools…	Herramientas…
	History Log…	Registro de historial…
	File Handling…	Manejo de archivos…
	Export…	Exportación…
	Performance…	Rendimiento…
	Scratch Disks…	Discos de memoria virtual…
	Cursors…	Cursores…
	Transparency & Gamut…	Transparencia y gama…
	Units & Rulers…	Unidades y reglas…
	Guides, Grid & Slices…	Guías, cuadrícula y sectores…
	Plug-ins…	Complementos…
	Type…	Texto…
	Enhanced Controls…	Controles mejorados…
	Camera Raw…	Camera Raw…
	Raw Defaults…	Valores predeterminados de RAW…
	Integrations…	Integraciones…
	AI Integrations…	Integraciones de IA…
	Install Plug-in…	Instalar complemento…
	Language Options	Opciones de idioma
	Settings…	Configuración…
	Mode	Modo
	Bitmap	Mapa de bits
	Grayscale	Escala de grises
	Duotone	Duotono
	Indexed Color	Color indexado
	RGB Color	Color RGB
	CMYK Color	Color CMYK
	Lab Color	Color Lab
	Multichannel	Multicanal
	8 Bits/Channel	8 bits/canal
	8 bit	8 bits
	Integer	Entero
	16 Bits/Channel	16 bits/canal
	16 bit	16 bits
	32 Bits/Channel	32 bits/canal
	32 bit (float)	32 bits (flotante)
	Floating point	Punto flotante
	Color Table…	Tabla de colores…
	Bitmap…	Mapa de bits…
	Duotone…	Duotono…
	Indexed Color…	Color indexado…
	Adjustments	Ajustes
	Brightness/Contrast…	Brillo/contraste…
	Levels…	Niveles…
	Curves…	Curvas…
	Exposure…	Exposición…
	Vibrance…	Intensidad…
	Hue/Saturation…	Tono/Saturación…
	Color Balance…	Equilibrio de color…
	Black & White…	Blanco y negro…
	Photo Filter…	Filtro fotográfico…
	Channel Mixer…	Mezclador de canales…
	Color Lookup…	Búsqueda de color…
	Invert	Invertir
	Posterize…	Posterizar…
	Threshold…	Umbral…
	Gradient Map…	Mapa de degradado…
	Selective Color…	Color selectivo…
	Shadows/Highlights…	Sombras/iluminaciones…
	HDR Toning…	Tonalidad HDR…
	Desaturate	Desaturar
	Match Color…	Igualar color…
	Replace Color…	Reemplazar color…
	Equalize	Ecualizar
	Auto Tone	Tono automático
	Auto Contrast	Contraste automático
	Auto Color	Color automático
	Image Size…	Tamaño de imagen…
	Canvas Size…	Tamaño de lienzo…
	Image Rotation	Rotación de imagen
	Flip Canvas Horizontal	Voltear el lienzo horizontalmente
	Flip Canvas Vertical	Voltear el lienzo verticalmente
	Crop	Recortar
	Trim…	Recortar bordes…
	Reveal All	Mostrar todo
	Duplicate…	Duplicar…
	Apply Image…	Aplicar imagen…
	Calculations…	Cálculos…
	Variables	Variables
	Define…	Definir…
	Data Sets…	Conjuntos de datos…
	Apply Data Set…	Aplicar conjunto de datos…
	Variable Data Sets…	Conjuntos de datos variables…
	Trap…	Trapping…
	Analysis	Análisis
	Set Measurement Scale…	Establecer escala de medición…
	Select Data Points…	Seleccionar puntos de datos…
	Record Measurements	Registrar mediciones
	Ruler Tool	Herramienta Regla
	Count Tool	Herramienta Recuento
	Place Scale Marker…	Colocar marcador de escala…
	Custom…	Personalizado…
	New	Nuevo
	Layer…	Capa…
	Group…	Grupo…
	Group from Layers…	Grupo a partir de capas…
	Artboard…	Lienzo…
	Artboard from Group…	Mesa de trabajo a partir de grupo…
	Artboard from Layers…	Mesa de trabajo a partir de capas…
	Layer via Copy	Capa vía copia
	Layer via Cut	Capa vía corte
	Layer From Background…	Capa a partir del fondo…
	Layer from Background…	Capa a partir del fondo…
	New Shape Layer	Nueva capa de forma
	New Type Layer	Nueva capa de texto
	New Fill Layer	Nueva capa de relleno
	New Adjustment Layer	Nueva capa de ajuste
	New Layer Based Slice	Nuevo sector basado en capa
	New Smart Object via Copy	Nuevo objeto inteligente por copia
	New Blank Video Layer	Nueva capa de vídeo en blanco
	New Video Layer from File…	Nueva capa de vídeo desde archivo…
	Duplicate Layer…	Duplicar capa…
	Delete Layer	Eliminar capa
	Delete	Eliminar
	Rename Layer	Cambiar nombre de capa
	Create Layer	Crear capa
	Layer Style	Estilo de capa
	Blending Options…	Opciones de fusión…
	Bevel & Emboss…	Bisel y relieve…
	Use Global Light	Usar luz global
	Inner Shadow…	Sombra interior…
	Inner Glow…	Resplandor interior…
	Satin…	Satinado…
	Color Overlay…	Superposición de color…
	Gradient Overlay…	Superposición de degradado…
	Pattern Overlay…	Superposición de patrón…
	Outer Glow…	Resplandor exterior…
	Drop Shadow…	Sombra paralela…
	Copy Layer Style	Copiar estilo de capa
	Paste Layer Style	Pegar estilo de capa
	Clear Layer Style	Quitar estilo de capa
	Global Light…	Luz global…
	Hide All Effects	Ocultar todos los efectos
	Scale Effects…	Escalar efectos…
	Smart Filter	Filtro inteligente
	Convert for Smart Filters	Convertir para filtros inteligentes
	Clear Smart Filters	Quitar filtros inteligentes
	Disable Smart Filters	Desactivar filtros inteligentes
	Delete Filter Mask	Eliminar máscara de filtro
	Disable Filter Mask	Desactivar máscara de filtro
	Solid Color…	Color sólido…
	Gradient…	Degradado…
	Pattern…	Patrón…
	Layer Mask	Máscara de capa
	Vector Mask	Máscara vectorial
	Reveal Selection	Mostrar selección
	Hide Selection	Ocultar selección
	Hide All	Ocultar todo
	From Transparency	Desde transparencia
	Delete Vector Mask	Eliminar máscara vectorial
	Enable Layer Mask	Activar máscara de capa
	Disable Layer Mask	Desactivar máscara de capa
	Enable Vector Mask	Activar máscara vectorial
	Link Layer Mask	Vincular máscara de capa
	Unlink Layer Mask	Desvincular máscara de capa
	Link Vector Mask	Vincular máscara vectorial
	Add Vector Mask	Añadir máscara vectorial
	Vector Mask from Current Path	Máscara vectorial desde el trazado actual
	Create Clipping Mask	Crear máscara de recorte
	Release Clipping Mask	Liberar máscara de recorte
	Smart Objects	Objetos inteligentes
	Smart Object	Objeto inteligente
	Convert to Smart Object	Convertir en objeto inteligente
	Convert to Embedded	Convertir en incrustado
	Convert to Layers	Convertir en capas
	Convert to Linked…	Convertir en vinculado…
	Edit Contents	Editar contenido
	Replace Contents…	Reemplazar contenido…
	Relink to File…	Volver a vincular al archivo…
	Export Contents…	Exportar contenido…
	Update Modified Content	Actualizar contenido modificado
	Update All Modified Content	Actualizar todo el contenido modificado
	Stack Mode	Modo de apilamiento
	Entropy	Entropía
	Kurtosis	Curtosis
	Maximum	Máximo
	Mean	Media
	Median	Mediana
	Minimum	Mínimo
	Range	Rango
	Skewness	Asimetría
	Standard Deviation	Desviación estándar
	Summation	Suma
	Variance	Varianza
	Video Layers	Capas de vídeo
	Interpret Footage…	Interpretar metraje…
	Replace Footage…	Reemplazar metraje…
	Reload Frame	Recargar fotograma
	Show Altered Video	Mostrar vídeo alterado
	Restore Frame	Restaurar fotograma
	Restore All Frames	Restaurar todos los fotogramas
	Insert Blank Frame	Insertar fotograma en blanco
	Delete Frame	Eliminar fotograma
	Duplicate Frame	Duplicar fotograma
	Frame from Layers	Fotograma a partir de capas
	Video Frames to Layers…	Fotogramas de vídeo a capas…
	Rasterize	Rasterizar
	Rasterize Type	Rasterizar texto
	Rasterize Type Layer	Rasterizar capa de texto
	Rasterize Shape	Rasterizar forma
	New Guide Layout…	Nuevo diseño de guías…
	New Guides From Shape	Guías nuevas a partir de la forma
	Lock Layers…	Bloquear capas…
	Link Layers	Vincular capas
	Select Linked Layers	Seleccionar capas vinculadas
	Merge Layers	Combinar capas
	Merge Down	Combinar hacia abajo
	Merge Visible	Combinar visibles
	Stamp Visible	Estampar visibles
	Select Layer Above	Seleccionar la capa de arriba
	Select Layer Below	Seleccionar la capa de abajo
	Select Top Layer	Seleccionar la capa superior
	Select Bottom Layer	Seleccionar la capa inferior
	Add Layer Above to Selection	Añadir la capa de arriba a la selección
	Add Layer Below to Selection	Añadir la capa de abajo a la selección
	Stamp Down	Estampar hacia abajo
	Flatten Image	Acoplar imagen
	Matting	Matizado
	Color Decontaminate…	Descontaminar color…
	Remove Black Matte	Quitar mate negro
	Remove White Matte	Quitar mate blanco
	Defringe…	Eliminar halos…
	Group Layers	Agrupar capas
	Ungroup Layers	Desagrupar capas
	Hide Layers	Ocultar capas
	Arrange	Organizar
	Bring to Front	Traer al frente
	Bring Forward	Traer adelante
	Send Backward	Enviar atrás
	Send to Back	Enviar al fondo
	Reverse	Invertir
	Combine Shapes	Combinar formas
	Unite Shapes	Unir formas
	Subtract Front Shape	Restar la forma frontal
	Intersect Shape Areas	Intersecar áreas de formas
	Exclude Overlapping Shapes	Excluir formas superpuestas
	Merge Shape Components	Combinar componentes de formas
	Align	Alinear
	Top Edges	Bordes superiores
	Vertical Centers	Centros verticales
	Bottom Edges	Bordes inferiores
	Left Edges	Bordes izquierdos
	Horizontal Centers	Centros horizontales
	Right Edges	Bordes derechos
	Distribute	Distribuir
	Vertically	Verticalmente
	Horizontally	Horizontalmente
	Layer Edges	Bordes de capa
	Isolate Layers	Aislar capas
	Layer Content Options…	Opciones de contenido de capa…
	Fill Content	Contenido de relleno
	Deselect Layers	Deseleccionar capas
	Find Layers	Buscar capas
	Layer Comps	Composiciones de capa
	Layers	Capas
	All Layers	Todas las capas
	Hidden Layers	Capas ocultas
	Mask All Objects	Enmascarar todos los objetos
	Subject	Sujeto
	Sky	Cielo
	Panels	Paneles
	Character Panel	Panel Carácter
	Paragraph Panel	Panel Párrafo
	Character Styles Panel	Panel Estilos de carácter
	Paragraph Styles Panel	Panel Estilos de párrafo
	Glyphs Panel	Panel Glifos
	Anti-Alias	Suavizado
	Sharp	Nítido
	Crisp	Definido
	Strong	Fuerte
	Smooth	Suave
	Windows LCD	LCD de Windows
	Windows	Windows
	Orientation	Orientación
	Horizontal	Horizontal
	Vertical	Vertical
	OpenType	OpenType
	Standard Ligatures	Ligaduras estándar
	Contextual Alternates	Alternativas contextuales
	Discretionary Ligatures	Ligaduras discrecionales
	Swash	Rasgo
	Oldstyle	Cifras antiguas
	Stylistic Alternates	Alternativas estilísticas
	Titling Alternates	Alternativas para titulares
	Ornaments	Ornamentos
	Ordinals	Ordinales
	Fractions	Fracciones
	Create Work Path	Crear trazado de trabajo
	Convert to Shape	Convertir en forma
	Warp Text…	Deformar texto…
	Convert to Point Text	Convertir en texto de punto
	Convert to Paragraph Text	Convertir en texto de párrafo
	Default Features	Funciones predeterminadas
	East Asian Features	Funciones de Asia oriental
	Middle Eastern Features	Funciones de Oriente Medio
	Middle Eastern & South Asian Composer	Motor de composición de Oriente Medio y Asia meridional
	Update All Text Layers	Actualizar todas las capas de texto
	Replace All Missing Fonts	Reemplazar todas las fuentes que faltan
	Resolve Missing Fonts…	Resolver fuentes que faltan…
	Font Preview Size	Tamaño de vista previa de fuentes
	None	Ninguno
	Small	Pequeño
	Medium	Mediano
	Large	Grande
	Extra Large	Extra grande
	Huge	Enorme
	Load Default Type Styles	Cargar estilos de texto predeterminados
	Save Default Type Styles	Guardar estilos de texto predeterminados
	Deselect	Deseleccionar
	Reselect	Reseleccionar
	Inverse	Invertir
	Inverse Selection	Invertir selección
	Similar	Similar
	Color Range…	Gama de colores…
	Focus Area…	Área de enfoque…
	Select and Mask…	Selección y máscara…
	Modify	Modificar
	Border…	Contorno…
	Smooth…	Suavizar…
	Expand…	Expandir…
	Contract…	Contraer…
	Feather…	Desvanecer…
	Grow	Ampliar
	Transform Selection	Transformar selección
	Edit in Quick Mask Mode	Editar en modo de máscara rápida
	Load Selection…	Cargar selección…
	Save Selection…	Guardar selección…
	Match All	Igualar todo
	Last Filter	Último filtro
	Filter Gallery…	Galería de filtros…
	Adaptive Wide Angle…	Ángulo ancho adaptativo…
	Camera Raw Filter…	Filtro Camera Raw…
	Liquify…	Licuar…
	Vanishing Point…	Punto de fuga…
	Blur	Desenfocar
	Blur Gallery	Galería de desenfoque
	Field Blur…	Desenfoque de campo…
	Iris Blur…	Desenfoque de iris…
	Tilt-Shift…	Inclinación-desplazamiento…
	Path Blur…	Desenfoque de trazado…
	Spin Blur…	Desenfoque de giro…
	Blur More	Desenfocar más
	Box Blur…	Desenfoque de caja…
	Gaussian Blur…	Desenfoque gaussiano…
	Lens Blur…	Desenfoque de lente…
	Motion Blur…	Desenfoque de movimiento…
	Radial Blur…	Desenfoque radial…
	Shape Blur…	Desenfoque de forma…
	Smart Blur…	Desenfoque inteligente…
	Surface Blur…	Desenfoque de superficie…
	Average	Promedio
	Displace…	Desplazar…
	Pinch…	Pellizcar…
	Polar Coordinates…	Coordenadas polares…
	Ripple…	Ondulación…
	Shear…	Inclinar…
	Spherize…	Esferizar…
	Twirl…	Remolino…
	Wave…	Onda…
	ZigZag…	Zigzag…
	Noise	Ruido
	Add Noise…	Añadir ruido…
	Despeckle	Eliminar motas
	Dust & Scratches…	Polvo y arañazos…
	Median…	Mediana…
	Reduce Noise…	Reducir ruido…
	Pixelate	Pixelizar
	Color Halftone…	Semicolor…
	Crystallize…	Cristalizar…
	Facet	Faceta
	Fragment	Fragmento
	Mezzotint…	Mezzotinta…
	Mosaic…	Mosaico…
	Pointillize…	Puntillista…
	Render	Renderizar
	Clouds	Nubes
	Difference Clouds	Nubes de diferencia
	Fibers…	Fibras…
	Flame…	Llama…
	Lens Flare…	Destello de lente…
	Lighting Effects…	Efectos de iluminación…
	Relight…	Reiluminar…
	Picture Frame…	Marco de imagen…
	Tree…	Árbol…
	Sharpen	Enfocar
	Sharpen Edges	Enfocar bordes
	Sharpen More	Enfocar más
	Smart Sharpen…	Enfoque inteligente…
	Unsharp Mask…	Máscara de enfoque…
	High Pass…	Paso alto…
	Stylize	Estilizar
	Diffuse…	Difuminar…
	Emboss…	Relieve…
	Extrude…	Extruir…
	Find Edges	Detectar bordes
	Oil Paint…	Pintura al óleo…
	Solarize	Solarizar
	Tiles…	Teselas…
	Trace Contour…	Trazar contorno…
	Wind…	Viento…
	Video	Vídeo
	De-Interlace…	Desentrelazar…
	NTSC Colors	Colores NTSC
	Other	Otro
	Maximum…	Máximo…
	Minimum…	Mínimo…
	Offset…	Desplazamiento…
	Plug-ins	Complementos
	Proof Setup	Configuración de prueba
	Proof Colors	Colores de prueba
	Gamut Warning	Aviso de gama
	Working CMYK	CMYK de trabajo
	Working Cyan Plate	Placa cian de trabajo
	Working Magenta Plate	Placa magenta de trabajo
	Working Yellow Plate	Placa amarilla de trabajo
	Working Black Plate	Placa negra de trabajo
	Working CMY Plate	Placa CMY de trabajo
	Legacy Macintosh RGB	RGB heredado de Macintosh
	Internet Standard RGB	RGB estándar de Internet
	Monitor RGB	RGB del monitor
	Color Blindness — Protanopia-type	Daltonismo — tipo protanopia
	Color Blindness — Deuteranopia-type	Daltonismo — tipo deuteranopia
	Zoom In	Acercar
	Zoom Out	Alejar
	Fit on Screen	Encajar en pantalla
	Fit Layer(s) on Screen	Encajar capas en pantalla
	Fit Artboard on Screen	Encajar mesa de trabajo en pantalla
	100%	100%
	200%	200%
	75%	75%
	125%	125%
	150%	150%
	175%	175%
	250%	250%
	300%	300%
	Print Size	Tamaño de impresión
	Pixel Aspect Ratio	Relación de aspecto de píxel
	Pixel Aspect Ratio Correction	Corrección de la relación de aspecto de píxel
	Custom Pixel Aspect Ratio…	Relación de aspecto de píxel personalizada…
	Square	Cuadrado
	D1/DV NTSC (0.91)	D1/DV NTSC (0.91)
	D1/DV NTSC Widescreen (1.21)	D1/DV NTSC panorámico (1.21)
	D1/DV PAL (1.09)	D1/DV PAL (1.09)
	D1/DV PAL Widescreen (1.46)	D1/DV PAL panorámico (1.46)
	Anamorphic 2:1 (2)	Anamórfico 2:1 (2)
	HDV 1080/DVCPRO HD 720 (1.33)	HDV 1080/DVCPRO HD 720 (1.33)
	DVCPRO HD 1080/HDV 1080 (1.5)	DVCPRO HD 1080/HDV 1080 (1.5)
	32-bit Preview Options…	Opciones de vista previa de 32 bits…
	Screen Mode	Modo de pantalla
	Standard Screen Mode	Modo de pantalla estándar
	Full Screen Mode With Menu Bar	Modo de pantalla completa con barra de menús
	Full Screen Mode	Modo de pantalla completa
	Cycle Screen Mode	Cambiar de modo de pantalla
	Show	Mostrar
	Extras	Extras
	Selection Edges	Bordes de la selección
	Target Path	Trazado de destino
	Current Path	Trazado actual
	Grid	Cuadrícula
	Guides	Guías
	Canvas Guides	Guías del lienzo
	Artboard Guides	Guías de la mesa de trabajo
	Count	Recuento
	Smart Guides	Guías inteligentes
	Slices	Sectores
	Notes	Notas
	Pixel Grid	Cuadrícula de píxeles
	Pixel Art	Arte de píxeles
	Pixel Art Preview	Vista previa de arte de píxeles
	Pattern Preview	Vista previa de patrón
	Brush Preview	Vista previa del pincel
	Mesh	Malla
	Edit Pins	Editar alfileres
	Document Bounds	Límites del documento
	Show Extras Options…	Opciones de elementos extra…
	Rulers	Reglas
	Snap	Ajustar
	Snap To	Ajustar a
	Lock Guides	Bloquear guías
	Clear Guides	Borrar guías
	Clear Selected Artboard Guides	Borrar guías de la mesa de trabajo seleccionada
	Clear Canvas Guides	Borrar guías del lienzo
	New Guide…	Nueva guía…
	Lock Slices	Bloquear sectores
	Clear Slices	Borrar sectores
	Match Zoom	Igualar zoom
	Match Location	Igualar ubicación
	Match Rotation	Igualar rotación
	Cascade	Ventanas en cascada
	Tile	Mosaico
	Tile All Horizontally	Mosaico horizontal de todas
	Tile All Vertically	Mosaico vertical de todas
	2-up Horizontal	2 ventanas (horizontal)
	2-up Vertical	2 ventanas (vertical)
	3-up Horizontal	3 ventanas (horizontal)
	3-up Stacked	3 ventanas (apiladas)
	3-up Vertical	3 ventanas (vertical)
	4-up	4 ventanas
	6-up	6 ventanas
	Consolidate All to Tabs	Consolidar todo en pestañas
	Float in Window	Flotar en ventana
	Float All in Windows	Flotar todas en ventanas
	New Window for Document	Nueva ventana para el documento
	Workspace	Espacio de trabajo
	Essentials	Esenciales
	Graphic and Web	Gráficos y web
	Painting	Pintura
	Photography	Fotografía
	New Workspace…	Nuevo espacio de trabajo…
	Delete Workspace…	Eliminar espacio de trabajo…
	Reset Workspace	Restablecer espacio de trabajo
	Lock Workspace	Bloquear espacio de trabajo
	Theme	Tema
	Pro Theme	Tema Pro
	Pro Medium Gray Theme	Tema Pro (gris medio)
	Studio Theme	Tema Estudio
	Studio Light Theme	Tema Estudio (claro)
	Classic Theme	Tema Clásico
	Next Theme	Tema siguiente
	Actions	Acciones
	Brush Settings	Ajustes del pincel
	Brushes	Pinceles
	Channels	Canales
	Character	Carácter
	Character Styles	Estilos de carácter
	Clone Source	Origen de clonado
	Color	Color
	Glyphs	Glifos
	Gradients	Degradados
	Histogram	Histograma
	History	Historial
	Info	Información
	Measurement Log	Registro de mediciones
	Modifier Keys	Teclas modificadoras
	Navigator	Navegador
	Options	Opciones
	Paragraph	Párrafo
	Paragraph Styles	Estilos de párrafo
	Paths	Trazados
	Patterns	Patrones
	Properties	Propiedades
	Shapes	Formas
	Styles	Estilos
	Swatches	Muestras
	Timeline	Línea de tiempo
	Tool Presets	Preajustes de herramienta
	Tools	Herramientas
	About Local Image	Acerca de Local Image
	Local Image Website	Sitio web de Local Image
	Local Image on GitHub	Local Image en GitHub
	ArtCraft Website	Sitio web de ArtCraft
	Join the ArtCraft Discord…	Únete al Discord de ArtCraft…
	Report an Issue…	Informar de un problema…
	WIA Support…	Compatibilidad con WIA…
	Apply	Aplicar
	HSB/HSL	HSB/HSL
	Invert…	Invertir…
	Load Files into Stack…	Cargar archivos en una pila…
	Motion	Movimiento
	Notes…	Notas…
	Other…	Otro…
	Remove Warp Split	Quitar división de deformación
	Shape	Forma
	Split Warp Crosswise	Dividir deformación en cruz
	Split Warp Horizontally	Dividir deformación horizontalmente
	Split Warp Vertically	Dividir deformación verticalmente
	Statistics…	Estadísticas…
@plural	{n} item|{n} items	{n} elemento|{n} elementos
	Auto	Automático

# Dialogs and panels
	(print to the printer)	(imprimir en la impresora)
	+ Add variable	+ Añadir variable
	30 frames @ 30 fps	30 fotogramas @ 30 fps
	3D LUT File	Archivo LUT 3D
	Absolute	Absoluto
	Absolute Colorimetric	Colorimétrico absoluto
	Action	Acción
	Adaptive	Adaptativo
	Adaptive Wide Angle isn't open	Gran angular adaptativo no está abierto
	Add	Añadir
	Add Layer Mask	Añadir máscara de capa
	Add Stop	Añadir punto
	Add a layer style	Añadir un estilo de capa
	Add a mask  (from the selection; {key} inverts)	Añadir una máscara  (de la selección; {key} la invierte)
	Add an adjustment	Añadir un ajuste
	Add disk	Añadir disco
	Add space after paragraph	Añadir espacio después del párrafo
	Add space before paragraph	Añadir espacio antes del párrafo
	Add to Sample	Añadir a la muestra
	Add to selection  ({key})	Añadir a la selección  ({key})
	Adjust for Zoom	Ajustar según el zoom
	Adjustment visible	Ajuste visible
	Adobe RGB (1998) compatible	Compatible con Adobe RGB (1998)
	Align and Distribute	Alinear y distribuir
	Align and distribute	Alinear y distribuir
	Align horizontal centers	Alinear centros horizontales
	Align left edges	Alinear bordes izquierdos
	Align right edges	Alinear bordes derechos
	Aligned	Alineado
	All Caps	Todo en mayúsculas
	All Slices	Todos los sectores
	All User Slices	Todos los sectores de usuario
	All shortcuts reset to Photoshop defaults.	Se restablecieron todos los métodos abreviados a los valores predeterminados de Photoshop.
	Alt	Alt
	Always use pressure for opacity	Usar siempre la presión para la opacidad
	Always use pressure for size	Usar siempre la presión para el tamaño
	Amount	Cantidad
	Anchor:	Anclaje:
	Angle	Ángulo
	Angle Gradient	Degradado angular
	Angle Jitter	Variación de ángulo
	Answer the unsaved-changes prompt first	Responda primero al aviso de cambios sin guardar
	Anti-alias	Suavizado
	Appearance	Apariencia
	Appearance (Layer Style)	Apariencia (estilo de capa)
	Apply Layer Mask	Aplicar máscara de capa
	Apply Per Tip	Aplicar por punta
	Apply next selected layer comp	Aplicar la composición de capa seleccionada siguiente
	Apply previous selected layer comp	Aplicar la composición de capa seleccionada anterior
	Artboard	Lienzo
	Artboard Background Color	Color de fondo de la mesa de trabajo
	Assign working space	Asignar espacio de trabajo
	Author:	Autor:
	Auto Hide	Ocultar automáticamente
	Auto-Select:	Selección automática:
	Automatically level near-horizontal line segments	Nivelar automáticamente los segmentos casi horizontales
	Automatically straighten and level	Enderezar y nivelar automáticamente
	Automatically straighten near-vertical line segments	Enderezar automáticamente los segmentos casi verticales
	Background	Fondo
	Background Color	Color de fondo
	Background Contents	Contenido del fondo
	Balance	Balance
	Baseline	Línea base
	Baseline shift	Desplazamiento de línea base
	Basic	Básico
	Before (Y)	Antes (Y)
	Begin recording	Iniciar grabación
	Bend:	Curvatura:
	Bicubic	Bicúbica
	Bicubic (smooth gradients)	Bicúbica (degradados suaves)
	Bilinear	Bilineal
	Black	Negro
	Black & White	Blanco y negro
	Black Point Compensation	Compensación de punto negro
	Black, White	Negro, blanco
	Blacks	Negros
	Blending	Fusión
	Blending Options	Opciones de fusión
	Blue	Azules
	Blue, Red, Yellow	Azul, rojo, amarillo
	Both	Ambos
	Both Axes	Ambos ejes
	Bottom	Inferior
	Brightness	Brillo
	Brightness Jitter	Variación de brillo
	Brightness/Contrast	Brillo/contraste
	Bring the selected pin forward	Traer el pin seleccionado al frente
	Brush Preset picker	Selector de preajustes de pincel
	Brush Reconstruct Options	Opciones de reconstrucción del pincel
	Brush Tool Options	Opciones de la herramienta Pincel
	Cache Level:	Nivel de caché:
	Camera Raw isn't open	Camera Raw no está abierto
	Cancel	Cancelar
	Cancel (Esc)	Cancelar (Esc)
	Cancel any current edits (Esc)	Cancelar las ediciones actuales (Esc)
	Cancel current crop operation  (Esc)	Cancelar la operación de recorte actual  (Esc)
	Cancel transform (Esc)	Cancelar transformación (Esc)
	Cancel warp (Esc)	Cancelar deformación (Esc)
	Canvas	Lienzo
	Canvas extension color:	Color de extensión del lienzo:
	Capture	Capturar
	Capture the visibility, position and style of every layer with + below, then switch between versions.	Captura la visibilidad, posición y estilo de cada capa con el + de abajo, y cambia entre versiones.
	Catch-up on Stroke End	Poner al día al final del trazo
	Center	Centro
	Center Crop Marks	Marcas de corte centradas
	Center text	Centrar texto
	Change	Cambiar
	Change All	Cambiar todo
	Change Screen Mode  (F)	Cambiar modo de pantalla  (F)
	Change To:	Cambiar a:
	Channel Mixer	Mezclador de canales
	Channel:	Canal:
	Check All Layers	Comprobar todas las capas
	Check Spelling	Revisión ortográfica
	Clarity	Claridad
	Clear All	Borrar todo
	Clear Override	Quitar excepción
	Clear Samples	Borrar muestras
	Click sets foreground · right-click sets background	El clic establece el color frontal · el clic derecho establece el de fondo
	Click the first point or press {key} to close · Esc cancels	Haga clic en el primer punto o pulse {key} para cerrar · Esc cancela
	Click to add a point · drag off or {key}-click or Delete to remove	Clic para añadir un punto · arrastre fuera, {key}-clic o Delete para quitar
	Click to apply, {key}-click to clear overrides, double-click for Style Options	Clic para aplicar, {key}-clic para quitar excepciones, doble clic para Opciones de estilo
	Click to edit the gradient	Haga clic para editar el degradado
	Click to restore the current colour	Haga clic para restaurar el color actual
	Click to zoom in  ·  {key}-click to zoom out  ·  drag right/left to zoom in/out	Clic para acercar  ·  {key}-clic para alejar  ·  arrastre a la derecha/izquierda para acercar/alejar
	Click with the Note tool to add a note.	Haga clic con la herramienta Nota para añadir una nota.
	Click: corner · Drag: smooth · Click first point: close · {key} finish · Esc cancel	Clic: esquina · Arrastrar: suavizar · Clic en el primer punto: cerrar · {key}: terminar · Esc: cancelar
	Clip to layer below	Recortar a la capa inferior
	Clipped	Recortado
	Close Style Options	Cerrar opciones de estilo
	Cmd	Cmd
	Coated CMYK	CMYK para papel estucado
	Color & Swatches	Color y muestras
	Color Balance	Equilibrio de color
	Color Detail	Detalle de color
	Color Grading	Gradación de color
	Color Lookup	Búsqueda de color
	Color Management	Gestión de color
	Color Mixer	Mezclador de color
	Color Mode	Modo de color
	Color Priority	Prioridad de color
	Color Range preview	Vista previa de gama de colores
	Color:	Color:
	Colorize	Colorear
	Colors	Colores
	Commit Perspective Warp ({key})	Confirmar deformación en perspectiva ({key})
	Commit Puppet Warp ({key})	Confirmar deformación de títeres ({key})
	Commit any current edits ({key})	Confirmar las ediciones actuales ({key})
	Commit current crop operation  ({key})	Confirmar la operación de recorte actual  ({key})
	Commit transform ({key})	Confirmar transformación ({key})
	Commit warp ({key})	Confirmar deformación ({key})
	Constant	Constante
	Constrain proportions	Restringir proporciones
	Contact Sheet II	Hoja de contactos II
	Content-Aware	Según el contenido
	Contiguous	Contiguo
	Contrast	Contraste
	Control:	Control:
	Convert document's colors to the working space	Convertir los colores del documento al espacio de trabajo
	Convert to sRGB	Convertir a sRGB
	Copies	Copias
	Copper	Cobre
	Copyright	Derechos de autor
	Copyright and Contact Info	Derechos de autor e información de contacto
	Corner Crop Marks	Marcas de corte en las esquinas
	Corner radius	Radio de esquina
	Correction	Corrección
	Count Jitter	Variación de cantidad
	Create	Crear
	Create Droplet	Crear gota
	Create Texture	Crear textura
	Create Video Timeline	Crear línea de tiempo de vídeo
	Create a new count group	Crear un grupo de recuento nuevo
	Create a new document or open an existing file.	Cree un documento nuevo o abra un archivo existente.
	Create a new group	Crear un grupo nuevo
	Create a new layer	Crear una capa nueva
	Create new action	Crear una acción nueva
	Create new channel	Crear un canal nuevo
	Create new document from current state	Crear un documento nuevo a partir del estado actual
	Create new fill or adjustment layer	Crear una capa de relleno o de ajuste nueva
	Create new gradient	Crear un degradado nuevo
	Create new group	Crear un grupo nuevo
	Create new layer comp	Crear una composición de capa nueva
	Create new pattern from the selection	Crear un patrón nuevo a partir de la selección
	Create new shape from the current path	Crear una forma nueva a partir del trazado actual
	Create new snapshot	Crear una instantánea nueva
	Create new tool preset	Crear un preajuste de herramienta nuevo
	Crop Factor	Factor de recorte
	Ctrl	Ctrl
	Current & Below	Actual e inferiores
	Current Layer	Capa actual
	Current Size	Tamaño actual
	Current Tool Only	Solo la herramienta actual
	Curve	Curva
	Curves	Curvas
	Custom	Personalizado
	Custom Shapes	Formas personalizadas
	Cyan	Cian
	Cyan  ·  Red	Cian  ·  rojo
	Darken	Oscurecer
	Darks	Sombras
	Data Sets	Conjuntos de datos
	Default	Predeterminado
	Default colours (D)	Colores predeterminados (D)
	Default printer	Impresora predeterminada
	Default restored.	Se restauraron los valores predeterminados.
	Define	Definir
	Define at least one variable first.	Defina al menos una variable primero.
	Dehaze	Eliminar la niebla
	Delete Cropped Pixels	Eliminar píxeles recortados
	Delete Group	Eliminar grupo
	Delete Layer Mask	Eliminar máscara de capa
	Delete Layers	Eliminar capas
	Delete Shortcut	Eliminar atajo
	Delete Timeline	Eliminar línea de tiempo
	Delete Tool Preset	Eliminar preajuste de herramienta
	Delete count group	Eliminar grupo de recuento
	Delete current channel	Eliminar el canal actual
	Delete current state	Eliminar el estado actual
	Delete effect layer	Eliminar capa de efecto
	Delete layer	Eliminar capa
	Delete layer comp	Eliminar composición de capa
	Delete note	Eliminar nota
	Delete selected measurements	Eliminar las medidas seleccionadas
	Delete style	Eliminar estilo
	Delete tool preset	Eliminar preajuste de herramienta
	Density	Densidad
	Density:	Densidad:
	Depth	Profundidad
	Depth Jitter	Variación de profundidad
	Description	Descripción
	Deselect All	Deseleccionar todo
	Detail	Detalle
	Diamond Gradient	Degradado de diamante
	Difference	Diferencia
	Diffusion	Difusión
	Discard the embedded profile (don't color manage)	Descartar el perfil incrustado (no gestionar el color)
	Discontiguous	No contiguo
	Discord	Discord
	Dismiss	Descartar
	Display P3	Display P3
	Display Text	Texto de visualización
	Dither	Tramado
	Divide…	Dividir…
	Document	Documento
	Don't Save	No guardar
	No	No
	Yes	Sí
	Done	Hecho
	Dots	Puntos
	Drag a rectangle around the object	Arrastre un rectángulo alrededor del objeto
	Drag on the image to add a constraint; Shift for horizontal/vertical; right-click to delete.	Arrastre sobre la imagen para añadir una restricción; Mayús para horizontal/vertical; clic derecho para eliminar.
	Drag to move the active shape's path or the Work Path	Arrastre para mover el trazado de la forma activa o el Trazado de trabajo
	Click: select anchor · Drag: move anchor, handle or segment · {shift}-click: add · {alt}-click: whole subpath	Clic: seleccionar punto de ancla · Arrastrar: mover punto de ancla, manejador o segmento · {shift}-clic: añadir · {alt}-clic: subtrazado completo
	Draw with the Pen tool (P) or make a work path from a selection.	Dibuje con la herramienta Pluma (P) o cree un trazado de trabajo a partir de una selección.
	Drop an image or PSD anywhere to open it.	Suelte una imagen o un PSD en cualquier lugar para abrirlo.
	Native file drag-and-drop is unavailable	El arrastrar y soltar archivos de forma nativa no está disponible
	Native file drag-and-drop is not supported on Wayland yet. Use File › Open, or run Local Image under XWayland with `WAYLAND_DISPLAY= local-image`.	El arrastrar y soltar archivos de forma nativa aún no está disponible en Wayland. Use Archivo › Abrir o ejecute Local Image bajo XWayland con `WAYLAND_DISPLAY= local-image`.
	Duplicate Layers…	Duplicar capas…
	Duplicate style	Duplicar estilo
	Edit Toolbar…	Editar barra de herramientas…
	Use File › Open to open an image.	Use Archivo › Abrir para abrir una imagen.
	Edit in Quick Mask Mode  (Q)	Editar en modo de máscara rápida  (Q)
	Edit in Standard Mode  (Q)	Editar en modo estándar  (Q)
	Effects	Efectos
	Embed Color Profile	Incrustar perfil de color
	Embedded Profile Mismatch	El perfil incrustado no coincide
	Enable airbrush-style build-up effects	Activar efectos de acumulación tipo aerógrafo
	Enhance Edge	Mejorar borde
	Entire Font	Fuente completa
	Exact	Exacto
	Expansion:	Expansión:
	Export Presets	Exportar preajustes
	Export selected measurements (CSV)	Exportar las medidas seleccionadas (CSV)
	Exposure	Exposición
	Exposure and Gamma	Exposición y gamma
	Exposure:	Exposición:
	Eyedropper	Cuentagotas
	Factor:	Factor:
	Faux Bold	Negrita falsa
	Faux Italic	Cursiva falsa
	Feather	Calar
	Fewer Points	Menos puntos
	File Settings	Ajustes de archivo
	Fill	Relleno
	Fill:	Relleno:
	Filter for adjustment layers	Filtrar por capas de ajuste
	Filter for pixel layers	Filtrar por capas de píxeles
	Filter for shape layers	Filtrar por capas de forma
	Filter for smart objects	Filtrar por objetos inteligentes
	Filter for type layers	Filtrar por capas de texto
	Filter:	Filtro:
	Finger Painting	Pintura con el dedo
	Fisheye	Ojo de pez
	Fit	Encajar
	Fit Screen	Encajar en pantalla
	Fit in View	Encajar en la vista
	Fixed	Fijo
	Fixed Ratio	Relación fija
	Fixed Size	Tamaño fijo
	Flip	Voltear
	Flip X	Voltear X
	Flip X Jitter	Variación de volteo X
	Flip Y	Voltear Y
	Flip Y Jitter	Variación de volteo Y
	Flow	Flujo
	Flow Jitter	Variación de flujo
	Focal Length	Longitud focal
	Font	Fuente
	Font Size:	Tamaño de fuente:
	Font size	Tamaño de fuente
	Foreground	Frontal
	Foreground to Background	De frontal a fondo
	Foreground/Background Jitter	Variación frontal/fondo
	Format	Formato
	Frame from Layers…	Fotograma a partir de capas…
	Free	Libre
	Full Spherical	Esférico completo
	Fuzziness:	Tolerancia:
	GPU	GPU
	Gamma Correction	Corrección de gamma
	Gamma:	Gamma:
	Global	Global
	Glow Color	Color del resplandor
	Gradient Map	Mapa de degradado
	Grain	Grano
	Gray	Gris
	Gray Gamma 2.2	Gris gamma 2.2
	Green	Verdes
	Group	Grupo
	Hardness	Dureza
	Heart	Corazón
	Height	Altura
	Height:	Altura:
	Hide Auto Slices	Ocultar sectores automáticos
	Hide Properties	Ocultar propiedades
	Highlight Compression	Compresión de altas luces
	Highlight Priority	Prioridad de luces
	Highlights	Luces
	Home	Inicio
	Horizontal scale	Escala horizontal
	Hue	Tono
	Hue Jitter	Variación de tono
	Hue/Saturation	Tono/Saturación
	Hyphenate	Partir palabras con guiones
	Ignore	Ignorar
	Ignore All	Ignorar todo
	Image Size	Tamaño de imagen
	Import Brushes…	Importar pinceles…
	Import Photoshop brushes (.abr)	Importar pinceles de Photoshop (.abr)
	Import Presets	Importar preajustes
	Imported	Importado
	Indent First	Sangría de primera línea
	Indent Left	Sangría izquierda
	Indent Right	Sangría derecha
	Indent first line	Sangrar la primera línea
	Indent left margin	Sangrar el margen izquierdo
	Indent right margin	Sangrar el margen derecho
	Input:	Entrada:
	Inside	Interior
	Interlaced	Entrelazado
	Interpolation:	Interpolación:
	Intersect with selection  ({key})	Intersecar con la selección  ({key})
	Invert All	Invertir todo
	Invert has no settings.	Invertir no tiene ajustes.
	Italic	Cursiva
	Join us on Discord	Únete a nuestro Discord
	Justify all	Justificar todo
	Justify last centered	Justificar último centrado
	Justify last left	Justificar último a la izquierda
	Justify last right	Justificar último a la derecha
	Kerning	Interletraje
	Keyboard Shortcuts	Atajos de teclado
	Keyboard Shortcuts and Menus	Atajos de teclado y menús
	Kind	Tipo
	Label Size	Tamaño de las etiquetas
	Labels	Etiquetas
	Lanczos (sharp)	Lanczos (nítido)
	Landscape	Horizontal
	Last Document State	Último estado del documento
	Layout	Disposición
	Leading	Interlínea
	Leading (set to the font size × auto-leading when Auto)	Interlínea (al estar en Automático se iguala al tamaño de fuente × interlínea automática)
	Leave as is (don't color manage)	Dejar como está (no gestionar el color)
	Left	Izquierda
	Left align text	Alinear texto a la izquierda
	Length:	Longitud:
	Level	Nivel
	Levels	Niveles
	Lighten	Aclarar
	Lightness	Luminosidad
	Lights	Luces
	Limits:	Límites:
	Linear Gradient	Degradado lineal
	Link layers	Vincular capas
	Link width and height	Vincular ancho y alto
	Liquify is not open	Licuar no está abierto
	Load	Cargar
	Load 3D LUT…	Cargar LUT 3D…
	Load Photoshop brushes (.abr)	Cargar pinceles de Photoshop (.abr)
	Load channel as selection	Cargar el canal como selección
	Load…	Cargar…
	Localized Color Clusters	Agrupaciones de color localizadas
	Lock	Bloquear
	Lock all	Bloquear todo
	Lock image pixels	Bloquear píxeles de la imagen
	Lock layer	Bloquear capa
	Lock position	Bloquear posición
	Lock transparent pixels	Bloquear píxeles transparentes
	Lock:	Bloquear:
	Logical Length:	Longitud lógica:
	Logical Units:	Unidades lógicas:
	Luminance	Luminancia
	Luminance Detail	Detalle de luminancia
	Magenta	Magenta
	Magenta  ·  Green	Magenta  ·  verde
	Maintain aspect ratio	Mantener la relación de aspecto
	Marker Size	Tamaño del marcador
	Mask All	Enmascarar todo
	Mask Options	Opciones de máscara
	Masking	Enmascarado
	Master	General
	Matte	Matizado
	Median:	Mediana:
	Menus	Menús
	Mesh Size	Tamaño de la malla
	Metadata	Metadatos
	Metrics	Métricas
	Midpoint	Punto medio
	Midtones	Medios tonos
	Midtones from:	Medios tonos desde:
	Midtones to:	Medios tonos hasta:
	Minimum Depth	Profundidad mínima
	Minimum Diameter	Diámetro mínimo
	Minimum Roundness	Redondez mínima
	Mode:	Modo:
	Monochrome	Monocromo
	More Points	Más puntos
	Move effect layer down	Bajar la capa de efecto
	Move effect layer up	Subir la capa de efecto
	Move to	Mover a
	Name	Nombre
	Name:	Nombre:
	Nearest Neighbor	Vecino más próximo
	Nearest Neighbor (hard edges)	Vecino más próximo (bordes duros)
	New Size	Tamaño nuevo
	New document…	Documento nuevo…
	New effect layer	Capa de efecto nueva
	New selection	Selección nueva
	Next frame	Fotograma siguiente
	Next note	Nota siguiente
	No Color	Sin color
	No Color Management	Sin gestión de color
	No Dither	Sin tramado
	No author	Sin autor
	No character style	Sin estilo de carácter
	No document	Sin documento
	No matching commands	No hay comandos coincidentes
	No presets for the current tool.	No hay preajustes para la herramienta actual.
	No presets of this type.	No hay preajustes de este tipo.
	No properties	Sin propiedades
	No tool presets.	No hay preajustes de herramienta.
	Noise Reduction	Reducción de ruido
	Normal	Normal
	Not in Dictionary:	No está en el diccionario:
	OK	Aceptar
	Offset	Desplazamiento
	Only Web Colors	Solo colores web
	Opacity	Opacidad
	Opacity Jitter	Variación de opacidad
	Opacity:	Opacidad:
	Open a document to define variables.	Abra un documento para definir variables.
	Open a document to select a colour range.	Abra un documento para seleccionar una gama de colores.
	Open a document to use the timeline.	Abra un documento para usar la línea de tiempo.
	Optical	Óptico
	Optimized	Optimizado
	Option-click to define a source point to clone from	Option-clic para definir un punto de origen para clonar
	Original	Original
	Output Channel:	Canal de salida:
	Output Levels:	Niveles de salida:
	Output:	Salida:
	Outside	Exterior
	Overlay Color	Color de superposición
	Overlay Opacity	Opacidad de superposición
	Overlay: Rule of Thirds	Superposición: regla de los tercios
	Override Pressure	Anular presión
	Override Rotation	Anular rotación
	Override Tilt	Anular inclinación
	PRESET DETAILS	DETALLES DEL PREAJUSTE
	PSD	PSD
	Paint Overlay	Superposición de pintura
	Panel locations are saved in the workspace. Keyboard shortcuts, menus and toolbar are optional.	Las ubicaciones de los paneles se guardan en el espacio de trabajo. Los atajos de teclado, los menús y la barra de herramientas son opcionales.
	Paper	Papel
	Path	Trazado
	Pattern	Patrón
	Pattern Size	Tamaño del patrón
	Pause	Pausar
	Percent	Porcentaje
	Perceptual	Perceptual
	Perspective Warp is not active	La deformación en perspectiva no está activa
	Perspective Warp: draw planes along the image's perspective, then switch to Warp	Deformación en perspectiva: dibuje planos siguiendo la perspectiva de la imagen y luego cambie a Deformar
	Photo Filter	Filtro fotográfico
	Local Image	Local Image
	Local Image Manages Colors	Local Image gestiona el color
	Local Image — an open-source, native image editor written in Rust.	Local Image — un editor de imágenes nativo y de código abierto escrito en Rust.
	Pin Depth:	Profundidad del pin:
	Pixel Length:	Longitud en píxeles:
	Pixels/Centimeter	Píxeles/centímetro
	Pixels/Inch	Píxeles/pulgada
	Pixels:	Píxeles:
	Play	Reproducir
	Play selection	Reproducir selección
	Portrait	Vertical
	Position	Posición
	Position and Size	Posición y tamaño
	Posterize	Posterizar
	Preserve Details	Conservar detalles
	Preserve Luminosity	Conservar luminosidad
	Preset	Preajuste
	Preset Type	Tipo de preajuste
	Preset:	Preajuste:
	Presets:	Preajustes:
	Press keys…	Pulse las teclas…
	Pressure	Presión
	Pressure for Opacity	Presión para la opacidad
	Pressure for Size	Presión para el tamaño
	Prevent auto-nesting in and out of Artboards and Frames	Evitar el anidamiento automático dentro y fuera de mesas de trabajo y marcos
	Preview	Vista previa
	Previous frame	Fotograma anterior
	Previous note	Nota anterior
	Print	Imprimir
	Printer	Impresora
	Printer Manages Colors	La impresora gestiona el color
	Printer Setup	Configurar impresora
	Printing Marks	Marcas de impresión
	Progressive	Progresivo
	Promote	Ascender
	Protect Detail	Proteger detalles
	Protect Foreground Color	Proteger el color frontal
	Protect Tones	Proteger los tonos
	Proximity Match	Coincidencia por proximidad
	Pulled String Mode	Modo de cuerda tensada
	Puppet Warp is not active	La deformación de posición libre no está activa
	Purity	Pureza
	Quality	Calidad
	Quick Actions	Acciones rápidas
	Quick Export As PNG	Exportación rápida como PNG
	Radial Gradient	Degradado radial
	Radius	Radio
	Radius:	Radio:
	Range:	Intervalo:
	Rate	Velocidad
	Recently Used	Usados recientemente
	Reconstruct	Reconstruir
	Record ● a sequence of edits, then play ▶ it on any document.	Grabe ● una secuencia de ediciones y reprodúzcala ▶ en cualquier documento.
	Red	Rojos
	Redefine style by current selection	Redefinir el estilo con la selección actual
	Reflected Gradient	Degradado reflejado
	Registration Marks	Marcas de registro
	Regular	Normal
	Relative	Relativo
	Relative Colorimetric	Colorimétrico relativo
	Remove	Quitar
	Remove All Pins	Quitar todos los pines
	Remove Background	Quitar el fondo
	Remove Planes	Quitar los planos
	Remove stop	Quitar punto
	Remove variable	Quitar variable
	Rename	Cambiar nombre
	Rename Group…	Cambiar nombre del grupo…
	Rename Layer…	Cambiar nombre de la capa…
	Rename Tool Preset…	Cambiar nombre del preajuste…
	Rename…	Cambiar nombre…
	Resample	Remuestrear
	Reset All to Defaults	Restablecer todo a los valores predeterminados
	Reset Section	Restablecer sección
	Reset Transform	Restablecer transformación
	Reset to defaults	Restablecer a los valores predeterminados
	Resolution	Resolución
	Resolution:	Resolución:
	Restore All	Restaurar todo
	Restore Defaults	Restaurar valores predeterminados
	Restrictive (Web)	Restrictivo (web)
	Right	Derecha
	Right align text	Alinear texto a la derecha
	Rigid	Rígido
	Rotate:	Rotación:
	Rotation	Rotación
	Roughness	Rugosidad
	Roundness	Redondez
	Roundness Jitter	Variación de redondez
	Rulers & Grids	Reglas y rejillas
	Sample All Layers	Muestrear todas las capas
	Sample:	Muestra:
	Sampling: Background Swatch	Muestreo: muestra de fondo
	Sampling: Continuous	Muestreo: continuo
	Sampling: Once	Muestreo: una vez
	Saturate	Aumentar la saturación
	Saturation	Saturación
	Saturation Jitter	Variación de saturación
	Save HTML and Images	Guardar HTML e imágenes
	Save as PDF	Guardar como PDF
	Save selection as channel	Guardar la selección como canal
	Save…	Guardar…
	Scale to Fit Media	Escalar para ajustar al medio
	Scatter	Dispersión
	Scratch disks	Discos de memoria virtual
	Search	Buscar
	Search commands	Buscar comandos
	Search commands, tools and panels…	Buscar comandos, herramientas y paneles…
	Search fonts	Buscar fuentes
	Select All	Seleccionar todo
	Select Subject	Seleccionar sujeto
	Select a type layer or click into text to insert glyphs	Seleccione una capa de texto o haga clic en el texto para insertar glifos
	Select text to apply a character style	Seleccione texto para aplicar un estilo de carácter
	Select:	Selección:
	Selections	Selecciones
	Selective	Selectivo
	Selective Color	Color selectivo
	Send the selected pin backward	Enviar el pin seleccionado atrás
	Set additional smoothing options	Establecer opciones de suavizado adicionales
	Set background color	Establecer el color de fondo
	Set foreground color	Establecer el color frontal
	Set painting symmetry options	Establecer opciones de simetría de pintura
	Set shape fill type	Establecer el tipo de relleno de la forma
	Set shape stroke type	Establecer el tipo de trazo de la forma
	Set the text color	Establecer el color del texto
	Shadows	Sombras
	Shape:	Forma:
	Sharpening	Enfoque
	Shift	Mayús
	Shortcut removed.	Atajo eliminado.
	Show All Menu Items	Mostrar todos los elementos del menú
	Show Backdrop	Mostrar fondo
	Show Guides	Mostrar guías
	Show Mask	Mostrar máscara
	Show Mesh	Mostrar malla
	Show Overlay	Mostrar superposición
	Show Transform Controls	Mostrar controles de transformación
	Show or hide the Notes panel	Mostrar u ocultar el panel Notas
	Show:	Mostrar:
	Sides	Lados
	Sides:	Lados:
	Size	Tamaño
	Size Jitter	Variación de tamaño
	Size:	Tamaño:
	Slice Options…	Opciones de sector…
	Slices From Guides	Sectores a partir de guías
	Slices are locked (View › Lock Slices)	Los sectores están bloqueados (Ver › Bloquear sectores)
	Small Caps	Versalitas
	Smoothing	Suavizado
	Space After	Espacio después
	Space Before	Espacio antes
	Spacing	Espaciado
	Spell check complete.	Revisión ortográfica completada.
	Split:	División:
	Star ratio	Relación de la estrella
	Stop playing/recording	Detener reproducción/grabación
	Straighten	Enderezar
	Straighten Layer	Enderezar capa
	Strength:	Intensidad:
	Strikethrough	Tachado
	Stroke	Trazo
	Stroke Catch-up	Poner al día del trazo
	Stroke:	Trazo:
	Style	Estilo
	Style Options	Opciones de estilo
	Style Options…	Opciones de estilo…
	Style: Normal	Estilo: Normal
	Subtract from Sample	Restar de la muestra
	Subtract from selection  ({key})	Restar de la selección  ({key})
	Suggestions:	Sugerencias:
	Swap colours (X)	Intercambiar colores (X)
	Swaps height and width	Intercambia la altura y el ancho
	Switch between free transform and warp modes	Cambiar entre los modos de transformación libre y deformación
	Switch theme	Cambiar tema
	Temperature	Temperatura
	Tetrahedral	Tetraédrica
	Text Position:	Posición del texto:
	Texture	Textura
	Texture Each Tip	Textura por punta
	Threshold	Umbral
	Threshold Level	Nivel de umbral
	Thumbnail size (smallest: list)	Tamaño de miniatura (el más pequeño: lista)
	Tilt X	Inclinación X
	Tilt Y	Inclinación Y
	Tint	Tinte
	Toggle count group visibility	Alternar visibilidad del grupo de recuento
	Toggle text orientation	Alternar orientación del texto
	Tolerance	Tolerancia
	Tolerance:	Tolerancia:
	Tone:	Tono:
	Toolbar	Barra de herramientas
	Top	Superior
	Total:	Total:
	Tracking	Interletraje
	Tracking (1/1000 em)	Interletraje (1/1000 em)
	Transparency	Transparencia
	Transparent	Transparente
	Trilinear	Trilineal
	Type Styles	Estilos de texto
	Type:	Tipo:
	Underline	Subrayado
	Untitled	Sin título
	Untitled-1	Sin título-1
	Update layer comp (visibility, position and appearance)	Actualizar la composición de capa (visibilidad, posición y apariencia)
	Use Default	Usar el predeterminado
	Use Legacy	Usar la versión heredada
	Use Measurement Scale	Usar la escala de medición
	Use the embedded profile (instead of the working space)	Usar el perfil incrustado (en lugar del espacio de trabajo)
	Variables bind a layer's visibility, text or pixels to a named data slot.	Las variables vinculan la visibilidad, el texto o los píxeles de una capa a un espacio de datos con nombre.
	Vertical scale	Escala vertical
	Vibrance	Intensidad
	View Options	Opciones de visualización
	Vignetting	Viñeteo
	Violet, Orange	Violeta, naranja
	Visibility	Visibilidad
	Visible	Visible
	Warp:	Deformación:
	Web Snap	Ajuste a la web
	Weight	Peso
	Weight:	Peso:
	White	Blanco
	White Balance: As Shot	Balance de blancos: Como se tomó
	Whites	Blancos
	Width	Ancho
	Width:	Ancho:
	Work Path	Trazado de trabajo
	Yellow	Amarillo
	Yellow  ·  Blue	Amarillo  ·  azul
	Zoom	Zoom
	Zoom in	Acercar
	Zoom out	Alejar
	command or shortcut	comando o atajo
	current	actual
	image file path	ruta del archivo de imagen
	modified	modificado
	name	nombre
	new	nuevo
	{name} options	Opciones de {name}
	↑↓ navigate   {key} run   esc close	↑↓ navegar   {key} ejecutar   esc cerrar
	Version {version}	Versión {version}
	New Document	Documento nuevo
	Error	Error
	Command	Comando

# Tool names, brush and style option tables
	Adjustment layers have nothing to transform	Las capas de ajuste no tienen nada que transformar
	Altitude	Altitud
	Android 1080p	Android 1080p
	Apple Watch 45mm	Apple Watch 45mm
	Aqua	Aqua
	Art & Illustration	Arte e ilustración
	ArtCraft	ArtCraft
	Background Eraser Tool	Herramienta Borrador de fondos
	Bevel & Emboss	Bisel y relieve
	Blend Mode	Modo de fusión
	Blues	Azules
	Blur Tool	Herramienta Desenfocar
	Bold	Negrita
	Brush	Pincel
	Brush Pose	Postura del pincel
	Brush Tip Shape	Forma de la punta del pincel
	Brush Tool	Herramienta Pincel
	Build-up	Acumulación
	Burn Tool	Herramienta Subexponer
	Centimeters	Centímetros
	Choke	Estrangular
	Classic	Clásico
	Click to add text	Haga clic para añadir texto
	Click to fill similar colours	Haga clic para rellenar colores similares
	Clone Stamp Tool	Herramienta Tampón de clonar
	Color Burn	Sobreexponer color
	Color Dodge	Aclarar color
	Color Dynamics	Dinámica de color
	Color Overlay	Superposición de color
	Comic Book	Cómic
	Conform	Conformar
	Content-Aware Fill needs a selection on a pixel layer	El relleno según contenido necesita una selección en una capa de píxeles
	Couldn't place {name}: {error}	No se pudo colocar {name}: {error}
	Could not transform: the layer is empty	No se pudo transformar: la capa está vacía
	Could not use Perspective Warp: the layer is empty	No se pudo usar la deformación en perspectiva: la capa está vacía
	Could not use Puppet Warp: no opaque pixels	No se pudo usar la deformación de marioneta: no hay píxeles opacos
	Could not use Puppet Warp: the layer is empty	No se pudo usar la deformación de marioneta: la capa está vacía
	Crop Tool	Herramienta Recortar
	Crosswise	En cruz
	Current Tool	Herramienta actual
	Custom Shape Tool	Herramienta Forma personalizada
	Cyans	Cianes
	Default Photoshop Size	Tamaño predeterminado de Photoshop
	Delete Workspace	Eliminar espacio de trabajo
	Diamond	Diamante
	Dimensions:	Dimensiones:
	Direction	Dirección
	Distance	Distancia
	Document Dimensions	Dimensiones del documento
	Document Profile	Perfil del documento
	Document Sizes	Tamaños del documento
	Dodge Tool	Herramienta Sobreexponer
	Down	Abajo
	Drag to draw a gradient	Arrastre para dibujar un degradado
	Drag to move the active layer	Arrastre para mover la capa activa
	Drag to pan  ·  hold Space with any tool	Arrastre para desplazar  ·  mantenga pulsado Espacio con cualquier herramienta
	Drop Shadow	Sombra paralela
	Dual Brush	Pincel dual
	Edge	Borde
	Efficiency	Eficiencia
	Efficiency: 100%	Eficiencia: 100%
	Ellipse Tool	Herramienta Elipse
	Elliptical Marquee Tool	Herramienta Marco elíptico
	Emboss	Relieve
	Eraser	Borrador
	Eraser Tool	Herramienta Borrador
	ExtraBold	Extra negrita
	ExtraLight	Extra fina
	Eyedropper Tool	Herramienta Cuentagotas
	Fade	Desvanecer
	Fill Opacity	Opacidad del relleno
	Film & Video	Película y vídeo
	From	Desde
	General	General
	GitHub	GitHub
	Gradient Overlay	Superposición de degradado
	Gradient Tool	Herramienta Degradado
	Greens	Verdes
	Hand Tool	Herramienta Mano
	Hard	Duro
	Hard Mix	Mezcla dura
	Healing Brush Tool	Herramienta Pincel corrector
	Highlights from:	Luces desde:
	History Brush Tool	Herramienta Pincel de historia
	Horizontal Type Tool	Herramienta Texto horizontal
	Image Size:	Tamaño de imagen:
	Inches	Pulgadas
	Indexed	Indexado
	Initial Direction	Dirección inicial
	Inner Bevel	Bisel interior
	Inner Glow	Resplandor interior
	Inner Shadow	Sombra interior
	Lab	Lab
	Landscape, 10 x 8	Horizontal, 10 x 8
	Landscape, 6 x 4	Horizontal, 6 x 4
	Landscape, 7 x 5	Horizontal, 7 x 5
	Lasso	Lazo
	Lasso Tool	Herramienta Lazo
	Layer Count	Número de capas
	Layer Knocks Out Drop Shadow	La capa elimina la sombra paralela
	Legal	Legal
	Letter	Carta
	Light	Fina
	Line Tool	Herramienta Línea
	Linear	Lineal
	Linear Burn	Subexponer lineal
	Linear Height	Altura lineal
	Link with Layer	Vincular con la capa
	Lorem Ipsum	Lorem Ipsum
	Magentas	Magentas
	Magic Eraser Tool	Herramienta Borrador mágico
	Magic Wand Tool	Herramienta Varita mágica
	Marquee	Marco de selección
	Mean:	Media:
	Measurement Scale	Escala de medición
	Measurement Scale Marker	Marcador de escala de medición
	Millimeters	Milímetros
	Mobile	Móvil
	Move Tool	Herramienta Mover
	Multiply	Multiplicar
	My Brushes	Mis pinceles
	Neutrals	Neutros
	New Workspace	Espacio de trabajo nuevo
	Note Tool	Herramienta Nota
	Object Selection Tool	Herramienta Selección de objetos
	Off	Desactivado
	Open	Abrir
	Orange	Naranja
	Original Ratio	Relación original
	Out Of Gamut	Fuera de gama
	Outer Bevel	Bisel exterior
	Outer Glow	Resplandor exterior
	Overlay	Superponer
	Paint Bucket Tool	Herramienta Bote de pintura
	Paints from the document's opening state	Pinta a partir del estado en que se abrió el documento.
	Path Selection Tool	Herramienta Selección de trazado
	Direct Selection Tool	Herramienta Selección directa
	Pattern Overlay	Superposición de patrón
	Pen Pressure	Presión del lápiz
	Pen Tilt	Inclinación del lápiz
	Pen Tool	Herramienta Pluma
	Photo	Fotografía
	Local Image website	Sitio web de Local Image
	Picas	Picas
	Pillow Emboss	Relieve almohadillado
	Pixel Replacement	Sustitución de píxeles
	Pixels	Píxeles
	Points	Puntos
	Polygon Tool	Herramienta Polígono
	Polygonal Lasso Tool	Herramienta Lazo poligonal
	Portrait, 4 x 6	Vertical, 4 x 6
	Portrait, 5 x 7	Vertical, 5 x 7
	PostScript (72 points/inch)	PostScript (72 puntos/pulgada)
	Postcard	Postal
	Poster	Póster
	Pro (Dark)	Pro (oscuro)
	Pro (Medium Gray)	Pro (gris medio)
	Protect Texture	Proteger textura
	Purple	Morado
	Quick Mask	Máscara rápida
	Quick Selection Tool	Herramienta Selección rápida
	Radial	Radial
	Rasterize Layer	Rasterizar capa
	Ratio	Relación
	Recent	Reciente
	Rectangle Tool	Herramienta Rectángulo
	Rectangular Marquee Tool	Herramienta Marco rectangular
	Reds	Rojos
	Reflected	Reflejado
	Sample: foreground colour	Muestra: color frontal
	Sampled Colors	Colores muestreados
	Satin	Satinado
	Save Pixel Aspect Ratio	Guardar relación de aspecto de píxel
	Scattering	Dispersión
	Scratch Sizes	Tamaños de disco virtual
	Select Data Points	Seleccionar puntos de datos
	Selection	Selección
	SemiBold	Seminegrita
	Shadows up to:	Sombras hasta:
	Shape Dynamics	Dinámica de forma
	Sharpen Tool	Herramienta Enfocar
	Show Extras Options	Opciones de Extras
	Slice Select Tool	Herramienta Selección de secciones
	Slice Tool	Herramienta Sección
	Smart Filters	Filtros inteligentes
	Smudge Tool	Herramienta Dedo
	Soft	Suave
	Soften	Suavizar
	Source	Origen
	Source: set	Origen: establecido
	Sponge Tool	Herramienta Esponja
	Spot Healing Brush Tool	Herramienta Pincel corrector puntual
	Spread	Extensión
	Square, 12 x 12	Cuadrado, 12 x 12
	Square, 5 x 5	Cuadrado, 5 x 5
	Std Dev:	Desv. estándar:
	Studio (Dark)	Estudio (oscuro)
	Studio (Light)	Estudio (claro)
	Stylus Wheel	Rueda del lápiz
	Subtract	Restar
	Tabloid	Tabloide
	Text Replacement	Sustitución de texto
	Thin	Fino
	Traditional (72.27 points/inch)	Tradicional (72,27 puntos/pulgada)
	Transfer	Transferencia
	Triangle Tool	Herramienta Triángulo
	Unsaved changes	Cambios sin guardar
	Uses the foreground and background colours.	Usa los colores frontal y de fondo.
	Web	Web
	Web Large	Web (grande)
	Web Minimum	Web (mínimo)
	Web Most Common	Web (el más común)
	WebP (lossless)	WebP (sin pérdida)
	Wet Edges	Bordes húmedos
	Yellows	Amarillos
	Zoom Tool	Herramienta Zoom
	{name} Properties	Propiedades de {name}

# Templates with placeholders
	Revert “{name}” to the last saved version? Your changes will be lost.	¿Quiere revertir “{name}” a la última versión guardada? Se perderán los cambios.
	Do you want to save the changes you made to “{name}” before quitting?	¿Quiere guardar los cambios que ha hecho en “{name}” antes de salir?
	Do you want to save the changes you made to “{name}” before closing?	¿Quiere guardar los cambios que ha hecho en “{name}” antes de cerrar?
	Doc: {flat}/{layered}	Doc: {flat}/{layered}
	Scratch: {size}	Memoria virtual: {size}
	Untagged {mode}	Sin etiquetar {mode}
	Invalid {mode} profile	Perfil {mode} no válido
	Unnamed {mode} profile	Perfil {mode} sin nombre
	{w} px x {h} px ({ppi} ppi)	{w} px × {h} px ({ppi} ppi)
	Resolution: {dpi} pixels/inch	Resolución: {dpi} píxeles/pulgada
	Doc: {w} × {h} px	Doc: {w} × {h} px
	Frame {current} / {total}	Fotograma {current} / {total}
	Count: {n}	Recuento: {n}
	BLANK DOCUMENT PRESETS ({n})	PREAJUSTES DE DOCUMENTO EN BLANCO ({n})
	Constraints ({n})	Restricciones ({n})
	Align {what}	Alinear {what}
@plural	{n} Layer|{n} Layers	{n} capa|{n} capas
@plural	{n} layer|{n} layers	{n} capa|{n} capas
@plural	Group · {n} layer|Group · {n} layers	Grupo · {n} capa|Grupo · {n} capas

# Preferences (labels are generated from the setting names)
	Additional plugins folder	Carpeta adicional de complementos
	Adobe	Adobe
	Adobe rgb	Adobe RGB
	Allow agent control	Permitir el control por parte de agentes
	Allow scripts to connect	Permitir que los scripts se conecten
	Always	Siempre
	Always create smart objects when placing	Crear siempre objetos inteligentes al colocar
	Animated zoom	Zoom animado
	Apply auto tone	Aplicar el tono automático
	Ask	Preguntar
	Ask before saving layered tiff	Preguntar antes de guardar un TIFF con capas
	Auto collapse icon panels	Contraer automáticamente los paneles de iconos
	Auto show hidden panels	Mostrar automáticamente los paneles ocultos
	Auto show home screen	Mostrar automáticamente la pantalla de inicio
	Autosave	Guardado automático
	Autosave minutes	Minutos entre guardados automáticos
	Beep when done	Sonar al terminar
	Bicubic automatic	Bicúbica automática
	Bicubic sharper	Bicúbica más enfocada
	Bicubic smoother	Bicúbica más suave
	Bit depth	Profundidad de bits
	Brush preview color	Color de vista previa del pincel
	Cache levels	Niveles de caché
	Cache tile size	Tamaño de tesela de caché
	Camera Raw Defaults	Valores predeterminados de Camera Raw
	Canvas border	Borde del lienzo
	Canvas color	Color del lienzo
	Canvas custom color	Color personalizado del lienzo
	Color picker	Selector de color
	Color space	Espacio de color
	Column width	Ancho de columna
	Concise	Conciso
	Control port	Puerto de control
	Convert to srgb	Convertir a sRGB
	Cursors	Cursores
	Custom dark	Personalizado (oscuro)
	Custom light	Personalizado (claro)
	Dark	Oscuro
	Dark gray	Gris oscuro
	Dashed lines	Líneas discontinuas
	Destination	Destino
	Detailed	Detallado
	Disks	Discos
	Display p3	Display P3
	Double click layer mask launches select and mask	El doble clic en la máscara de capa abre Selección y máscara
	Drop shadow	Sombra paralela
	Dynamic color sliders	Deslizadores de color dinámicos
	East asian	Asia oriental
	Effect cache mb	Caché de efectos (MB)
	Enable flick panning	Activar el desplazamiento con gesto
	Enable floating document window docking	Acoplar las ventanas de documento flotantes
	Enable narrow options bar	Barra de opciones estrecha
	Enabled	Activado
	Enhanced Controls	Controles mejorados
	Export clipboard	Exportar el portapapeles
	Extra large	Extra grande
	File Handling	Manejo de archivos
	File path	Ruta del archivo
	Fill new type layers with placeholder	Rellenar las capas de texto nuevas con texto de marcador
	Font preview	Vista previa de fuentes
	Full size tip	Punta a tamaño real
	Gamut warning color	Color de advertencia de gama
	Gamut warning opacity	Opacidad de advertencia de gama
	Generator enabled	Generador activado
	Gif	GIF
	Glossy	Brillante
	Grid color	Color de la cuadrícula
	Grid colors	Colores de la cuadrícula
	Grid size	Tamaño de la cuadrícula
	Grid style	Estilo de la cuadrícula
	Grid unit	Unidad de la cuadrícula
	Gridline every	Línea de cuadrícula cada
	Guide color	Color de las guías
	Guide style	Estilo de las guías
	Guides, Grid & Slices	Guías, cuadrícula y sectores
	Gutter	Medianil
	History Log	Registro de historial
	History states	Estados de historial
	Ignore exif profile tag	Ignorar la etiqueta de perfil EXIF
	Image interpolation	Interpolación de imagen
	Image previews	Vistas previas de imagen
	Integrations	Integraciones
	Interface	Interfaz
	Jpeg quality	Calidad JPEG
	Jpg	JPG
	Language	Idioma
	Large tabs	Pestañas grandes
	Legacy compositing	Composición heredada
	Light gray	Gris claro
	Line	Línea
	Lines	Líneas
	Lossless	Sin pérdida
	Lowercase extension	Extensión en minúsculas
	Maximize psd compatibility	Maximizar la compatibilidad de PSD
	Medium gray	Gris medio
	Memory usage mb	Uso de memoria (MB)
	Missing glyph protection	Protección de glifos faltantes
	Modern	Moderno
	Nearest neighbor	Vecino más cercano
	Never	Nunca
	Normal tip	Punta normal
	Open as smart object	Abrir como objeto inteligente
	Open documents as tabs	Abrir los documentos como pestañas
	Overscroll	Sobredesplazamiento
	Performance	Rendimiento
	Png	PNG
	Point size	Tamaño en puntos
	Precise	Preciso
	Preserve details	Conservar detalles
	Print resolution	Resolución de impresión
	Pro	Pro
	Pro medium	Pro (medio)
	Pro photo	ProPhoto
	Quick export format	Formato de exportación rápida
	Quick export location	Ubicación de exportación rápida
	Recent file count	Número de archivos recientes
	Recent files	Archivos recientes
	Recent fonts	Fuentes recientes
	Recover on launch	Recuperar al iniciar
	Remember workspace changes	Recordar los cambios del espacio de trabajo
	Resize image during place	Redimensionar la imagen al colocarla
	Rotate view with trackpad	Rotar la vista con el trackpad
	Same folder	Misma carpeta
	Save in background	Guardar en segundo plano
	Scratch Disks	Discos de memoria virtual
	Screen	Pantalla
	Screen resolution	Resolución de pantalla
	Scrubby slider acceleration	Aceleración de deslizador
	Sessions only	Solo sesiones
	Sharpen for	Enfocar para
	Show channels in color	Mostrar los canales en color
	Show crosshair in brush tip	Mostrar la cruz en la punta del pincel
	Show extension panels	Mostrar los paneles de extensión
	Show font names in english	Mostrar los nombres de las fuentes en inglés
	Show menu colors	Mostrar los colores de los menús
	Show only crosshair while painting	Mostrar solo la cruz al pintar
	Show slice numbers	Mostrar los números de sector
	Show tooltips	Mostrar las descripciones emergentes
	Show bounding box when dragging layer	Mostrar el cuadro delimitador al arrastrar la capa
	Show transformation values	Mostrar los valores de transformación
	Slice color	Color de los sectores
	Smart guide color	Color de las guías inteligentes
	Smart quotes	Comillas tipográficas
	Snap vector tools and transforms to pixel grid	Ajustar las herramientas vectoriales y las transformaciones a la cuadrícula de píxeles
	Srgb	sRGB
	Standard	Estándar
	Studio	Estudio
	Studio light	Estudio (claro)
	Subdivisions	Subdivisiones
	System	Sistema
	Text engine	Motor de texto
	Text file	Archivo de texto
	Tiny	Diminuto
	Touch gestures	Gestos táctiles
	Transparency & Gamut	Transparencia y gama
	Type units	Unidades de texto
	UI font size	Tamaño de fuente de la interfaz
	UI scale	Escala de la interfaz
	Units & Rulers	Unidades y reglas
	Use additional plugins folder	Usar la carpeta adicional de complementos
	Use esc to commit	Usar Esc para confirmar
	Use gpu	Usar GPU
	Use legacy free transform	Usar la transformación libre heredada
	Use shift key for tool switch	Usar la tecla Mayús para cambiar de herramienta
	Vary round brush hardness on hud	Variar la dureza del pincel redondo en el HUD
	Webp	WebP
	World ready	Listo para idiomas
	Zoom clicked point to center	Centrar el punto pulsado al hacer zoom
	Zoom resizes windows	El zoom redimensiona las ventanas
	Zoom with scroll wheel	Zoom con la rueda de desplazamiento
	Zoom with trackpad pinch	Zoom con el pellizco del trackpad
	Pass Through	Pasar
	Dissolve	Disolver
	Darker Color	Color más oscuro
	Linear Dodge (Add)	Sobreexponer lineal (añadir)
	Lighter Color	Color más claro
	Soft Light	Luz suave
	Hard Light	Luz dura
	Vivid Light	Luz intensa
	Linear Light	Luz lineal
	Pin Light	Luz puntual
	Exclusion	Exclusión
	Divide	Dividir
	Luminosity	Luminosidad
@plural	{n} sample|{n} samples	{n} muestra|{n} muestras
	{added}, {removed} subtracted	{added}, {removed} sustraídos

# Added with the rebase onto the dock / brush picker work
	Adjustment Preview	Vista previa de ajuste
	Airbrush: keeps depositing paint while the pointer rests.	Aerógrafo: sigue depositando pintura mientras el puntero permanece quieto.
	Angle:	Ángulo:
	Blend If	Fusionar si
	Close Tab Group	Cerrar grupo de pestañas
	Collapse	Contraer
	Collapse All Groups	Contraer todos los grupos
	Collapse Panel Group	Contraer grupo de paneles
	Collapse group  ({key}-click: all groups)	Contraer grupo  ({key}-clic: todos los grupos)
	Create new brush from the current settings	Crear un pincel nuevo con los ajustes actuales
	Create new brush from these settings	Crear un pincel nuevo con estos ajustes
	Delete brush	Eliminar pincel
	Drag the arrow to set the angle, the dots to set the roundness	Arrastre la flecha para fijar el ángulo y los puntos para fijar la redondez
	Expand	Expandir
	Expand Panel Group	Expandir grupo de paneles
	Expand group  ({key}-click: all groups)	Expandir grupo  ({key}-clic: todos los grupos)
	Fade steps	Pasos de desvanecimiento
	Hide the layer's effects  ({key}-click: all layers)	Ocultar los efectos de la capa  ({key}-clic: todas las capas)
	Import Brushes… (.abr)	Importar pinceles… (.abr)
	Move Group Down	Mover grupo abajo
	Move Group Up	Mover grupo arriba
	Reset the brush to the defaults	Restablecer el pincel a los valores predeterminados
	Restore original size	Restaurar el tamaño original
	Roundness:	Redondez:
	Search Brushes	Buscar pinceles
	Show the layer's effects  ({key}-click: all layers)	Mostrar los efectos de la capa  ({key}-clic: todas las capas)
	Brush picker	Selector de pinceles
	Erase	Borrar
	Right click with painting tools	Clic derecho con herramientas de pintura

# Strings added to the UI after this catalog was first written (rebase onto main, 2026-10).
	System Info…	Información del sistema…
	System Info	Información del sistema
	More panels	Más paneles
	These settings aren't available in Local Image yet.	Estos ajustes aún no están disponibles en Local Image.
	Graphics	Gráficos
	Reset GPU Backend	Restablecer el backend de GPU
	Applies at next launch.	Se aplicará en el próximo inicio.
	Click to sample the foreground colour  ·  {key}-click for background	Clic para muestrear el color frontal  ·  {key}-clic para el de fondo
	{key}-click to set the source	{key}-clic para establecer el origen
	{key} to subtract	{key} para restar
	Clone source {n} ({key}-click with Clone Stamp to set)	Origen de clonado {n} ({key}-clic con Tampón de clonar para establecer)
	Source: not set ({key}-click with Clone Stamp)	Origen: no establecido ({key}-clic con Tampón de clonar)
	Pixel Layer	Capa de píxeles
	Type Layer	Capa de texto
	Shape Layer	Capa de forma
	Group Layer	Capa de grupo
	Fill Layer	Capa de relleno
	Smart Object Layer	Capa de objeto inteligente
	Create Warped Text	Crear texto deformado
	Rasterize Smart Object	Rasterizar objeto inteligente
	Rasterize Fill Content	Rasterizar contenido de relleno
	Unlock: picking a preset replaces these settings	Desbloquear: al elegir un preajuste se reemplazan estos ajustes
	Lock: keep these settings when picking another preset	Bloquear: conservar estos ajustes al elegir otro preajuste
	Diameter:	Diámetro:
	Hardness:	Dureza:
	No brush presets	No hay preajustes de pincel
	Toggle the Brush Settings panel  (F5)	Alternar el panel Ajustes del pincel  (F5)
	Create new brush preset from the current settings	Crear un preajuste de pincel nuevo con los ajustes actuales
	Brush Settings…  (F5): every option of this brush	Ajustes del pincel…  (F5): todas las opciones de este pincel
	Rename Brush…	Cambiar el nombre del pincel…
	Delete Brush	Eliminar pincel
	Group name	Nombre del grupo
	Brush name	Nombre del pincel
	Grid view	Vista de cuadrícula
	List view	Vista de lista
	Off: the speed of the pointer sets the spacing	Desactivado: la velocidad del puntero establece el espaciado
	Tilt Scale	Escala de inclinación
	Brush Projection	Proyección del pincel
	Apply the pen's tilt and rotation to the tip shape	Aplicar la inclinación y la rotación del lápiz a la forma de la punta
	Mixer Brush	Pincel mezclador
	Mixer Brush Tool	Herramienta Pincel mezclador
	Wet	Húmedo
	Mix	Mezcla
	Wetness Jitter	Variación de humedad
	Mix Jitter	Variación de mezcla
	Show the layer mask as an overlay	Mostrar la máscara de capa como superposición
	Toggle visibility	Alternar visibilidad
	Unlink the mask from the layer	Desvincular la máscara de la capa
	Link the mask to the layer	Vincular la máscara a la capa
	Gradient	Degradado
	Gradient Options	Opciones de degradado
	Align with layer	Alinear con la capa
	Reset Alignment	Restablecer la alineación
	Centre the gradient (offset 0, 0)	Centrar el degradado (desplazamiento 0, 0)
	The current gradient (pick one in Window › Gradients)	El degradado actual (elija uno en Ventana › Degradados)
	Select a type layer to edit its character and paragraph settings.	Seleccione una capa de texto para editar sus ajustes de carácter y párrafo.
	Text color	Color del texto
	Type Options	Opciones de texto
	Anti-aliasing method	Método de suavizado
	Horizontal type	Texto horizontal
	Vertical type	Texto vertical
	Fill path with foreground color	Rellenar el trazado con el color frontal
	Stroke path with brush	Contornear el trazado con un pincel
	Load path as a selection	Cargar el trazado como selección
	Make work path from selection	Crear un trazado de trabajo a partir de la selección
	Add vector mask	Añadir máscara vectorial
	Create new path	Crear un trazado nuevo
	Delete path	Eliminar el trazado
	Delete vector mask	Eliminar la máscara vectorial
	CPU (no GPU acceleration)	CPU (sin aceleración por GPU)
	DirectX 12	DirectX 12
	GPU backend	Motor GPU
	Metal	Metal
	OpenGL	OpenGL
	Use tablet pressure	Usar la presión de la tableta
	Vulkan	Vulkan
	Alt-click to define a source point to clone from	Alt+clic para definir un punto de origen para clonar
	No path to make a selection from: draw one with the Pen tool or select one in the Paths panel.	No hay ningún trazado para crear una selección: dibuje uno con la herramienta Pluma o seleccione uno en el panel Trazados.
	Cancel opening	Cancelar apertura
	Cancelled opening {name}	Se canceló la apertura de {name}
	Cancelled {label}	Se canceló {label}
	Esc to cancel	Esc para cancelar
	Opening {name}	Abriendo {name}
	Opening {name}…	Abriendo {name}…
	Opening…	Abriendo…
	Reading…	Leyendo…
	Working…	Procesando…
	3 x 3	3 × 3
	4 x 4	4 × 4
	5 x 5	5 × 5
	Grid:	Cuadrícula:
# Tool, filter, warp-style, path, layer-comp and metadata names that fell outside the `tl!` test.
# Spanish follows the tool wording used above (Herramienta X).
	Color Range	Gama de colores
	Adaptive Wide Angle	Gran angular adaptativo
	Chalk & Charcoal	Tiza y carboncillo
	Charcoal	Carboncillo
	Chrome	Cromo
	Conté Crayon	Lápiz Conté
	Graphic Pen	Pluma gráfica
	Halftone Pattern	Patrón de semitono
	Note Paper	Papel de notas
	Photocopy	Fotocopia
	Plaster	Yeso
	Reticulation	Reticulación
	Stamp	Sello
	Torn Edges	Bordes rasgados
	Water Paper	Papel húmedo
	Move	Mover
	Pencil	Lápiz
	Clone Stamp	Tampón de clonar
	Dodge	Sobreexponer
	Burn	Subexponer
	Quick Selection	Selección rápida
	History Brush	Pincel de historia
	Color Replacement	Sustitución de color
	New Group	Nuevo grupo
	Layer Comp	Composición de capa
	Alpha	Alfa
	Make	Fabricante
	Model	Modelo
	F	Número f
	Artist	Artista
	Spot Color	Color plano
	Roman	Normal
	Bold Italic	Negrita cursiva
	Justification	Justificación
	Symbols	Símbolos
	Punctuation	Puntuación
	Make Work Path	Crear trazado de trabajo
	Make Selection	Crear selección
	Fill Path	Rellenar trazado
	Stroke Path	Contornear trazado
	Delete Path	Eliminar trazado
	W	An
	H	Al
	Ruler	Regla
	New Layer Comp	Nueva composición de capa
	Duplicate Layer Comp	Duplicar composición de capa
	Rename Layer Comp	Cambiar nombre de la composición de capa
	Apply Layer Comp	Aplicar composición de capa
	Update Layer Comp	Actualizar composición de capa
	Method	Método
	Author	Autor
	Software	Software
	Pencil Tool	Herramienta Lápiz
	Pixel	Píxel
	Adjustment	Ajuste
	Drag (lasso) or click points (polygonal) · {add} add · {sub} subtract	Arrastre (lazo) o haga clic en los puntos (poligonal) · {add} añadir · {sub} restar
	Drag a crop box · drag inside to move · edges resize ({ratio} ratio, {centre} centre) · Space moves while drawing · {commit} commits · Esc cancels	Arrastre un marco de recorte · arrastre dentro para mover · los bordes cambian el tamaño ({ratio} proporción, {centre} centro) · Espacio mueve mientras dibuja · {commit} aplica · Esc cancela
	{mode} Color · {bits} bit	Color {mode} · {bits} bits
	Scrubby Zoom	Zoom por arrastre
	Auto Erase	Borrado automático
	Color Adaptation	Adaptación de color
	Preserve Transparency	Conservar transparencia
	shortcut	atajo
	Saved	Guardado
	Arc	Arco
	Arch	Arco inferior
	Bulge	Abultamiento
	Shell Lower	Concha inferior
	Shell Upper	Concha superior
	Flag	Bandera
	Fish	Pez
	Wave	Onda
	Rise	Elevación
	Inflate	Inflar
	Twist	Torsión
	Squeeze	Compresión
	Mask	Máscara
	Channel	Canal
	Rectangle	Rectángulo
	New Channel	Nuevo canal
	Save Selection	Guardar selección
	Load Selection	Cargar selección
# Command-id override: under Edit > Purge a bare "Deshacer" reads as an action, not the history.
@id	edit.purge.undo	Historial de deshacer
# Rendering mode and recovery
	Rendering Mode	Modo de renderizado
	Automatic (recommended)	Automático (recomendado)
	CPU / Compatibility	CPU / Compatibilidad
	Automatic uses GPU acceleration when available and falls back to CPU rendering on errors.	Automático utiliza la GPU cuando está disponible y cambia a la CPU si hay errores.
	Switched to CPU rendering	Se cambió al renderizado por CPU
	GPU acceleration could not continue. Your documents are unchanged.	La aceleración GPU no pudo continuar. Los documentos no han cambiado.
	Local Image is using the CPU image compositor. The window may still use your graphics adapter.	Local Image compone las imágenes en la CPU. La ventana aún puede usar el adaptador gráfico.
	Retry GPU requires a restart. Save your work first.	Reintentar la GPU requiere reiniciar. Guarde primero su trabajo.
	Keep Using CPU	Seguir usando CPU
	Retry GPU	Reintentar GPU
	Advanced	Avanzado
	GPU Backend	Motor GPU
	Details	Detalles
	Rendering mode	Modo de renderizado
	Freeze Lasso: drag to freeze an area, Alt-drag to thaw it (L)	Lazo de congelación: arrastre para congelar un área; Alt+arrastrar para descongelarla (L)
	Shadow Clipping Warning (U)	Aviso de recorte de sombras (U)
	Highlight Clipping Warning (O)	Aviso de recorte de luces (O)
	Show Lab Color Readouts	Mostrar valores de color Lab
	Show Vectorscope	Mostrar vectorscopio
	Show Red at 3 o'clock	Mostrar rojo a las 3 en punto
	Show Skin Tone Indicator	Mostrar indicador de tono de piel
	Tone Histogram	Histograma tonal
	Show Selected Region	Mostrar región seleccionada
cameraRaw	Light	Fina
# Camera Raw: contextual controls and window title
	Camera Raw Filter ({layer})	Filtro Camera Raw ({layer})
cameraRaw	Lights	Tonos claros
cameraRaw	Darks	Tonos oscuros
cameraRaw	Red	Rojos
cameraRaw	Orange	Naranjas
cameraRaw	Yellow	Amarillo
cameraRaw	Green	Verdes
cameraRaw	Aqua	Aguamarinas
cameraRaw	Blue	Azules
cameraRaw	Purple	Morados
cameraRaw	Magenta	Magentas
cameraRaw	Blending	Fusión
cameraRaw	Tint	Tinte
cameraRaw	Temperature	Temperatura de color
cameraRaw	Amount	Cantidad
	Patch Tool	Herramienta Parche
	Patch:	Parche:
	Lasso around an area, then drag the selection	Rodee un área con el lazo y arrastre la selección
	Edit Type	Editar texto


	New Style…	Nuevo estilo…
	Style {name} saved	Estilo {name} guardado

	Create new style (from the selected type)	Crear estilo nuevo (del texto seleccionado)
	Create new style from the selected layer	Crear estilo nuevo de la capa seleccionada

	Make Default	Predeterminar
	Reset to Default	Restablecer predeterminado
	Full-resolution preview unavailable	Vista previa a resolución completa no disponible
	No patterns	Sin motivos
	Enable {name}	Activar {name}
	Hold Alt while drawing for straight segments	Mantenga Alt al dibujar para segmentos rectos
	Drag or click polygon points · hold Alt during lasso for straight segments · {add} add · {sub} before drawing subtracts	Arrastre o haga clic en los puntos del polígono · mantenga Alt durante el lazo para segmentos rectos · {add} añadir · {sub} antes de dibujar resta
	Extend	Extender
	Structure:	Estructura:
	Content-Aware Move Tool	Herramienta Mover con detección de contenido
	TIFF Options	Opciones de TIFF
	Including layers will increase file size.	Incluir las capas aumentará el tamaño del archivo.
	Discard Layers and Save a Copy	Descartar capas y guardar una copia
	Don't show again	No volver a mostrar
	Save failed: {error}	Error al guardar: {error}
	Save cancelled	Guardado cancelado
	Magnetic Lasso Tool	Herramienta Lazo magnético
	Frequency	Frecuencia
	Use tablet pressure to change pen width	Usar la presión de la tableta para cambiar la anchura del lápiz

# About ▸ Contributors / Models (credits, craftrules standards/contributors.md)
	About	Acerca de
	Contributors	Colaboradores
	Models	Modelos
	Sort	Ordenar
	Username	Nombre de usuario
	Display name	Nombre visible
	Real name	Nombre real
	Reverse the order	Invertir el orden
	Grab bag	Miscelánea
	Table	Tabla
	Name (A–Z)	Nombre (A–Z)
	Merged PRs	PR fusionadas
	Commits	Commits
	Lines added	Líneas añadidas
	Lines deleted	Líneas eliminadas
	Line delta	Balance de líneas
	Binary assets added	Archivos binarios añadidos
	Binary assets removed	Archivos binarios eliminados
	First commit	Primer commit
	First	Primero
	Last commit	Último commit
	Last	Último
	Contributors: {contributors} · Commits: {commits}	Colaboradores: {contributors} · Commits: {commits}
	No contributor data was built into this copy.	Esta copia no incluye datos de colaboradores.
	No model credits were built into this copy.	Esta copia no incluye créditos de modelos.
	Company	Empresa
	Version	Versión
	% of all commits	% de todos los commits
	Lines +/−	Líneas +/−
	@{login}: {prs} PRs, {commits} commits, +{added} / −{deleted} lines (Δ {delta}), +{binAdded} / −{binDeleted} binary assets, {first} – {last}	@{login}: {prs} PR, {commits} commits, +{added} / −{deleted} líneas (Δ {delta}), +{binAdded} / −{binDeleted} archivos binarios, {first} – {last}
# local-image: AI, Library and V2 strings
	AI Enhance (SeedVR2)…	Mejora con IA (SeedVR2)…
	AI Models & GPU…	Modelos de IA y GPU…
	AI Remove Selection	Eliminar selección con IA
	Automatic	Automático
	Bicubic Sharper (reduction)	Bicúbica más nítida (reducción)
	Bicubic Smoother (enlargement)	Bicúbica más suavizada (ampliación)
	Browse, rate and organise your photos	Explore, valore y organice sus fotos
	Layers, retouching and AI tools	Capas, retoque y herramientas de IA
	Contextual Task Bar	Barra de tareas contextual
	Describe an image to create…	Describa una imagen para crear…
	Edit photos, catalogue them, and create with local AI.	Edite fotos, catalóguelas y cree con IA local.
	Filmstrip	Tira de película
	Generate Background (AI)…	Generar fondo (IA)…
	Generative Fill (AI)…	Relleno generativo (IA)…
	Get Models…	Obtener modelos…
	Local AI…	IA local…
	Model Browser…	Explorador de modelos…
	New from Prompt…	Nuevo a partir de indicación…
	No AI model is installed yet.	Aún no hay ningún modelo de IA instalado.
	Open Folder…	Abrir carpeta…
	PhotoCraft and LightCraft (ArtCraft)	PhotoCraft y LightCraft (ArtCraft)
	Remove Background (AI)	Quitar fondo (IA)
	Remove Backgrounds (AI)…	Quitar fondos (IA)…
	Set Up AI…	Configurar IA…
	Subject (AI)	Sujeto (IA)
	The AI engine isn't running.	El motor de IA no se está ejecutando.
	Contextual task bar	Barra de tareas contextual
	Tool presets	Ajustes preestablecidos de herramienta
	Paint only when the string is pulled taut	Pintar solo cuando la cuerda esté tensa
	Keep painting toward the pointer while it pauses	Seguir pintando hacia el puntero mientras se detiene
	Finish the stroke where the pointer was released	Terminar el trazo donde se soltó el puntero
	Less smoothing when zoomed in, more when zoomed out	Menos suavizado al acercar, más al alejar
	Diagonal	Diagonal
	Along the Work Path	A lo largo del trazado de trabajo
	Mirror across the current path (draw it with the Pen tool first)	Reflejar a lo largo del trazado actual (dibújelo antes con la herramienta Pluma)
	Symmetry Off	Desactivar simetría
	Click to restore this snapshot	Haga clic para restaurar esta instantánea
	Delete Snapshot	Eliminar instantánea
	Set the overlay options for the Crop tool	Definir las opciones de superposición de la herramienta Recortar
	Rule of Thirds	Regla de los tercios
	Triangle	Triángulo
	Golden Ratio	Proporción áurea
	Frequency Separation…	Separación de frecuencias…
	Perspective Crop Tool	Herramienta Recortar con perspectiva
	Drag a frame, then drag its corners onto the edges of the object to straighten	Arrastre un marco y luego sus esquinas hasta los bordes del objeto para enderezarlo
	Behind	Detrás
	Add a layer mask that shows only this area	Añadir una máscara de capa que muestre solo esta zona
	Describe what to generate (optional)	Describa qué generar (opcional)
	Generative Fill: regenerate the selection from your description	Relleno generativo: regenera la selección a partir de su descripción
	Contextual Task Bar hidden — Window › Contextual Task Bar shows it again.	Barra de tareas contextual oculta: Ventana › Barra de tareas contextual la vuelve a mostrar.
	AI Remove isn't ready: {why}	Eliminar con IA no está listo: {why}
	Generative Fill	Relleno generativo
	Remove what's inside with AI (on its own layer)	Eliminar el contenido con IA (en su propia capa)
	Turn the path into a selection	Convertir el trazado en selección
	Back	Atrás
	Regenerate the area from a description	Regenerar la zona a partir de una descripción
	Hide Contextual Task Bar	Ocultar barra de tareas contextual
	More	Más
	Click a red pupil	Haga clic en una pupila roja
	Click the first point or press {key} to close · {del} removes a point · Esc cancels	Haga clic en el primer punto o pulse {key} para cerrar · {del} elimina un punto · Esc cancela
	Click, then move along an edge · click to fasten a point · {alt}-click for a straight segment · double-click to close	Haga clic y desplácese por un borde · clic para fijar un punto · {alt}-clic para un segmento recto · doble clic para cerrar
	Darken Amount	Cantidad de oscurecimiento
	Follows only edges this close to the pointer ([ and ] change it)	Solo sigue bordes a esta distancia del puntero ([ y ] la cambian)
	Higher values follow only edges that contrast sharply with their surroundings	Los valores altos solo siguen bordes con un fuerte contraste respecto a su entorno
	How often fastening points are placed by themselves	Con qué frecuencia se colocan puntos de fijación automáticamente
	Pupil Size	Tamaño de la pupila
	Sample Size	Tamaño de muestra
	Straighten: tilt the frame to level a horizon	Enderezar: incline el marco para nivelar un horizonte
	+ Add	+ Añadir
	1 file to download ({size}), verified by SHA-256:	1 archivo para descargar ({size}), verificado con SHA-256:
	A copy in the Edited folder (originals untouched)	Una copia en la carpeta Edited (los originales no se modifican)
	A new image from a description and optional reference images	Una imagen nueva a partir de una descripción e imágenes de referencia opcionales
	ACCOUNTS (OPTIONAL)	CUENTAS (OPCIONAL)
	AI	IA
	AI ENGINE	MOTOR DE IA
	AI Enhance	Mejora con IA
	AI off	IA desactivada
	AI ready{gpu}	IA lista{gpu}
	AI starting…	Iniciando IA…
	AI · no models	IA · sin modelos
	API key	Clave de API
	Accept the licence on the publisher's page first	Acepte primero la licencia en la página del editor
	Add Background ▾	Añadir fondo ▾
	Add Folder…	Añadir carpeta…
	Add Images…	Añadir imágenes…
	Add Key…	Añadir clave…
	Add a LoRA	Añadir un LoRA
	Add an image file	Añadir un archivo de imagen
	Add the current image	Añadir la imagen actual
	Add your {provider} API key in Local AI › Cloud to use it.	Añada su clave de API de {provider} en IA local › Nube para usarlo.
	Add your {provider} API key in Local AI › Cloud.	Añada su clave de API de {provider} en IA local › Nube.
	Added “{name}” to the model list (basic controls)	Se añadió «{name}» a la lista de modelos (controles básicos)
	Address:	Dirección:
	Already installed: {names}	Ya instalado: {names}
	Apply Edit	Aplicar edición
	Ask each time (Save As)	Preguntar cada vez (Guardar como)
	Avoid… (negative prompt)	Evitar… (prompt negativo)
	BROWSE	EXPLORAR
	Background:	Fondo:
	Basic controls	Controles básicos
	Browse Models…	Explorar modelos…
	CLOUD (OPTIONAL)	NUBE (OPCIONAL)
	CLOUD · YOUR API KEY	NUBE · SU CLAVE DE API
	CUSTOM WORKFLOWS	FLUJOS DE TRABAJO PERSONALIZADOS
	Cancelled	Cancelado
	Change the open image from an instruction (edit models), or restyle it	Cambia la imagen abierta a partir de una instrucción (modelos de edición) o cambia su estilo
	Change…	Cambiar…
	Check again	Volver a comprobar
	Checking for profile updates…	Buscando actualizaciones de perfiles…
	Checking models…	Comprobando modelos…
	Checking the files’ sizes and checksums…	Comprobando el tamaño y las sumas de comprobación de los archivos…
	Choose Folder…	Elegir carpeta…
	Choose a model	Elija un modelo
	Choose a model to refine with.	Elija un modelo para refinar.
	Choose the model folder	Elija la carpeta de modelos
	Choose your ComfyUI folder	Elija su carpeta de ComfyUI
	Civitai API key:	Clave de API de Civitai:
	Click Remove Background first; then drag to erase or restore parts of the cutout.	Haga clic primero en Quitar fondo; después arrastre para borrar o restaurar partes del recorte.
	ComfyUI at {host} — click for Local AI settings	ComfyUI en {host} — haga clic para ver los ajustes de IA local
	ComfyUI installation found.	Se encontró una instalación de ComfyUI.
	ComfyUI is not running at {host}	ComfyUI no se está ejecutando en {host}
	ComfyUI workflow	Flujo de trabajo de ComfyUI
	Connected to ComfyUI at {host}	Conectado a ComfyUI en {host}
	Copy Prompt	Copiar prompt
	Could not open {name}: {error}	No se pudo abrir {name}: {error}
	Could not save settings: {error}	No se pudieron guardar los ajustes: {error}
	Couldn't save: {error}	No se pudo guardar: {error}
	Couldn't update profiles: {error}	No se pudieron actualizar los perfiles: {error}
	Cuts out the subject of each image with Qwen Image 2.1 and saves PNGs. Originals are never changed.	Recorta el sujeto de cada imagen con Qwen Image 2.1 y guarda archivos PNG. Los originales nunca se modifican.
	Delete from Library	Eliminar de la biblioteca
	Describe details to add (optional)…	Describa los detalles que añadir (opcional)…
	Describe the change, e.g. “make it golden hour”…	Describa el cambio, p. ej., «que sea la hora dorada»…
	Describe the empty scene behind your subject	Describa la escena vacía detrás del sujeto
	Describe the image (optional)…	Describa la imagen (opcional)…
	Describe the image you want it to become…	Describa la imagen en la que quiere convertirla…
	Describe what should appear in the selection	Describa lo que debe aparecer en la selección
	Describe what you want first.	Describa primero lo que quiere.
	Detect	Detectar
	Double-click to open	Doble clic para abrir
	Download	Descargar
	Download size	Tamaño de descarga
	Downloads are checked against the publisher's size and SHA-256, and ComfyUI's model list is refreshed after each install.	Las descargas se comprueban con el tamaño y el SHA-256 del editor, y la lista de modelos de ComfyUI se actualiza tras cada instalación.
	Draft → Refine: generate with this model, then resample the draft with another (e.g. a fast draft refined by a detailed model)	Borrador → Refinar: genere con este modelo y luego vuelva a muestrear el borrador con otro (p. ej., un borrador rápido refinado por un modelo detallado)
	Engine:	Motor:
	Enhance	Mejorar
	Enhances detail and enlarges the image with SeedVR2. The result opens as a new document.	Mejora los detalles y amplía la imagen con SeedVR2. El resultado se abre como un documento nuevo.
	Enlarge	Ampliar
	Enlarge first	Ampliar primero
	Enlarge the open image and add detail, tile by tile	Amplía la imagen abierta y añade detalle, mosaico a mosaico
	Everything it needs is already installed.	Todo lo necesario ya está instalado.
	FAMILIES	FAMILIAS
	Fetch the latest family profiles (new models, settings) from Local Image's repository	Obtener los perfiles de familia más recientes (modelos nuevos, ajustes) del repositorio de Local Image
	Files present	Archivos presentes
	Files present — restart ComfyUI	Archivos presentes — reinicie ComfyUI
	Fill Selection	Rellenar selección
	Filmstrip options	Opciones de la tira de película
	Find LoRAs…	Buscar LoRA…
	Find, compare and install models and LoRAs for any family	Busque, compare e instale modelos y LoRA de cualquier familia
	Fits your GPU memory	Cabe en la memoria de su GPU
	Found {n} installation(s).	Se encontraron {n} instalaciones.
	Free GPU Memory	Liberar memoria de GPU
	GPU MEMORY GUIDE	GUÍA DE MEMORIA DE GPU
	Generate (AI)…	Generar (IA)…
	Generate Background	Generar fondo
	Generate {n}	Generar {n}
	Generated images are kept here.	Las imágenes generadas se guardan aquí.
	Generated {name} · seed {seed}	Generado {name} · semilla {seed}
	Generation failed: {error}	Error en la generación: {error}
	Get Template	Obtener plantilla
	Get a key	Obtener una clave
	Get models…	Obtener modelos…
	Guidance	Orientación
	Hide the filmstrip (Window › Filmstrip)	Ocultar la tira de película (Ventana › Tira de película)
	How much may change: 100 % regenerates, lower keeps more of the image	Cuánto puede cambiar: 100 % regenera, menos conserva más de la imagen
	Hugging Face token:	Token de Hugging Face:
	I have read and accept the licence	He leído y acepto la licencia
	Images	Imágenes
	Images per run (1–4)	Imágenes por ejecución (1–4)
	Image…	Imagen…
	Import ComfyUI Workflow	Importar flujo de trabajo de ComfyUI
	Import Workflow…	Importar flujo de trabajo…
	Imported the workflow “{name}”.	Se importó el flujo de trabajo «{name}».
	In use	En uso
	Install	Instalar
	Install failed	Error en la instalación
	Install {name}	Instalar {name}
	Installation:	Instalación:
	Installed	Instalado
	Keep	Mantener
	Keep… (optional)	Conservar… (opcional)
	Licence	Licencia
	Licence gate	Requiere licencia
	Licence: see its page	Licencia: consulte su página
	Loading catalogues…	Cargando catálogos…
	Local AI	IA local
	Local AI is off — click to set it up	La IA local está desactivada — haga clic para configurarla
	Local Image doesn't know this family yet: it runs through the official template with prompt, seed and size only	Local Image aún no conoce esta familia: se ejecuta con la plantilla oficial solo con prompt, semilla y tamaño
	Local Image doesn't know this model family yet: it will appear in the model list as a custom workflow with basic controls (prompt, seed, size).	Local Image aún no conoce esta familia de modelos: aparecerá en la lista de modelos como un flujo de trabajo personalizado con controles básicos (prompt, semilla, tamaño).
	MODELS	MODELOS
	Make a selection first	Haga primero una selección
	Make a selection to fill.	Haga una selección para rellenar.
	Model Browser	Explorador de modelos
	Model default	Predeterminado del modelo
	Model folder:	Carpeta de modelos:
	Model profiles are up to date	Los perfiles de modelos están actualizados
	Model:	Modelo:
	Models unloaded.	Modelos descargados de la memoria.
	My preset {n}	Mi preajuste {n}
	Newest	Más recientes
	Next image ({key})	Imagen siguiente ({key})
	No ComfyUI installation found in the usual places.	No se encontró ninguna instalación de ComfyUI en las ubicaciones habituales.
	No ComfyUI installation found. Choose its folder in Local AI, or install ComfyUI first.	No se encontró ninguna instalación de ComfyUI. Elija su carpeta en IA local o instale ComfyUI primero.
	No LoRAs for this model family are installed (Find LoRAs…)	No hay LoRA instalados para esta familia de modelos (Buscar LoRA…)
	No compatible LoRAs installed.	No hay LoRA compatibles instalados.
	No matches. Try another family, source or search.	No hay coincidencias. Pruebe con otra familia, fuente o búsqueda.
	Not chosen — detected automatically	Sin elegir — se detecta automáticamente
	Not enough space in {folder} ({free} free).	No hay suficiente espacio en {folder} ({free} libres).
	Not installed: {reason}	No instalado: {reason}
	Not stated: check the model's page before use	No indicada: consulte la página del modelo antes de usarlo
	Nothing installed yet. Pick a model from Trending or a family.	Aún no hay nada instalado. Elija un modelo de Tendencias o de una familia.
	Nothing matches.	No hay coincidencias.
	Only .safetensors and .gguf files with a published size and SHA-256 are installed.	Solo se instalan archivos .safetensors y .gguf con tamaño y SHA-256 publicados.
	Open Folder	Abrir carpeta
	Open Its Page	Abrir su página
	Open an image first	Abra primero una imagen
	Open an image first.	Abra primero una imagen.
	Open an image from the filmstrip's folder first.	Abra primero una imagen de la carpeta de la tira de película.
	Open its page	Abrir su página
	Paint over a distraction; it's removed when you release	Pinte sobre un elemento molesto; se elimina al soltar
	Place as Layer	Colocar como capa
	Port:	Puerto:
	Precision	Precisión
	Preset name	Nombre del preajuste
	Previous image ({key})	Imagen anterior ({key})
	Qwen Compact	Qwen compacto
	Qwen Full	Qwen completo
	RESULTS	RESULTADOS
	Read the licence	Leer la licencia
	Ready	Listo
	Recreate	Recrear
	References · {n}/{max}	Referencias · {n}/{max}
	Refine	Refinar
	Refine model: {why}	Modelo de refinado: {why}
	Refine strength	Intensidad del refinado
	Refine with	Refinar con
	Refine:	Refinar:
	Refresh	Actualizar
	Regenerate the selection (Photoshop's Generative Fill)	Regenerar la selección (como el Relleno generativo de Photoshop)
	Remove Backgrounds	Quitar fondos
	Remove Selection	Eliminar selección
	Request Access…	Solicitar acceso…
	Resample the open image at a chosen strength (img2img)	Vuelve a muestrear la imagen abierta con la intensidad elegida (img2img)
	Results appear here and are saved to the Library.	Los resultados aparecen aquí y se guardan en la biblioteca.
	Retry	Reintentar
	Review in Library: see this folder in the Library's grid to compare and rate	Revisar en la biblioteca: ver esta carpeta en la cuadrícula de la biblioteca para comparar y valorar
	Rough GPU memory to run it	Memoria de GPU aproximada para ejecutarlo
	Rough GPU memory to run it: more than your GPU has	Memoria de GPU aproximada para ejecutarlo: más de la que tiene su GPU
	Running {name}	Ejecutando {name}
	Runs on {provider}'s servers: your prompt and images are sent there.	Se ejecuta en los servidores de {provider}: su indicación y sus imágenes se envían allí.
	Runs on {provider}: your prompt and images are sent there, billed to your key.	Se ejecuta en {provider}: su indicación y sus imágenes se envían allí y se facturan a su clave.
	SELECTION MODELS (CPU)	MODELOS DE SELECCIÓN (CPU)
	Save & Next	Guardar y siguiente
	Save & Next saves to	Guardar y siguiente guarda en
	Save Preset	Guardar preajuste
	Save a copy in the Edited folder and open the next one ({key})	Guardar una copia en la carpeta Edited y abrir la siguiente ({key})
	Save these settings as a preset	Guardar estos ajustes como preajuste
	Save this image (Save As) and open the next one ({key})	Guardar esta imagen (Guardar como) y abrir la siguiente ({key})
	Save this image over the original and open the next one ({key})	Guardar esta imagen sobre el original y abrir la siguiente ({key})
	Save to:	Guardar en:
	Saved {name}	Guardado {name}
	Search LoRAs	Buscar LoRA
	Search models	Buscar modelos
	Search prompts	Buscar indicaciones
	See each model's page	Consulte la página de cada modelo
	Select Subject, Remove Background (Quick) and Object Selection clicks use the best one installed. No GPU or ComfyUI needed.	Seleccionar sujeto, Quitar fondo (rápido) y los clics de Selección de objetos usan el mejor modelo instalado. No se necesita GPU ni ComfyUI.
	Sent as {size}	Se envía como {size}
	Set up AI…	Configurar IA…
	Show the folder when opening a photo	Mostrar la carpeta al abrir una foto
	Start AI Engine	Iniciar motor de IA
	Start the AI engine first: Local Image checks what ComfyUI already has. ({error})	Inicie primero el motor de IA: Local Image comprueba lo que ComfyUI ya tiene. ({error})
	Start the AI engine to see your GPU's memory; showing what fits 8 GB.	Inicie el motor de IA para ver la memoria de su GPU; se muestra lo que cabe en 8 GB.
	Starting ComfyUI… (the first start can take a minute)	Iniciando ComfyUI… (el primer inicio puede tardar un minuto)
	Starting image · {n}/{max}	Imagen inicial · {n}/{max}
	Starting {name}…	Iniciando {name}…
	Steps	Pasos
	Stopped	Detenido
	Styles (LoRA) · {n}/{max}	Estilos (LoRA) · {n}/{max}
	That file is not a ComfyUI workflow (JSON).	Ese archivo no es un flujo de trabajo de ComfyUI (JSON).
	That folder has no ComfyUI (main.py and a Python environment).	Esa carpeta no contiene ComfyUI (main.py y un entorno de Python).
	That was the first image in the folder.	Esa era la primera imagen de la carpeta.
	That was the last image in the folder.	Esa era la última imagen de la carpeta.
	The AI engine (ComfyUI) is not running.	El motor de IA (ComfyUI) no se está ejecutando.
	The AI engine is starting…	El motor de IA se está iniciando…
	The author doesn't allow commercial use.	El autor no permite el uso comercial.
	The model isn't ready.	El modelo no está listo.
	The original file	El archivo original
	The publisher asks you to accept its licence on its page first; add a Hugging Face token in Local AI settings.	El editor le pide que acepte primero su licencia en su página; añada un token de Hugging Face en los ajustes de IA local.
	The workflow has no nodes titled li:prompt, li:image, li:mask, li:seed or li:output, so Local Image can't fill it in. Rename the nodes in ComfyUI and export again.	El flujo de trabajo no tiene nodos titulados li:prompt, li:image, li:mask, li:seed ni li:output, así que Local Image no puede rellenarlo. Cambie el nombre de los nodos en ComfyUI y vuelva a exportarlo.
	Tokens let the Model Browser download gated or sign-in-only models. They're sent only to their own site.	Los tokens permiten al Explorador de modelos descargar modelos restringidos o que requieren inicio de sesión. Solo se envían a su propio sitio.
	Transparent PNG	PNG transparente
	Transparent background	Fondo transparente
	Trending	Tendencias
	Trending this week	Tendencias de esta semana
	Unknown family	Familia desconocida
	Update Model Profiles	Actualizar perfiles de modelos
	Updated 1 model profile: {names}	Se actualizó 1 perfil de modelo: {names}
	Updated {n} model profiles: {names}	Se actualizaron {n} perfiles de modelos: {names}
	Upscale	Ampliar
	Upscale {scale}×	Ampliar {scale}×
	Use	Usar
	Use as Reference	Usar como referencia
	Variation strength	Intensidad de la variación
	Waiting	En espera
	What should appear in the selection…	Qué debe aparecer en la selección…
	With your own API key, Generate can also use cloud models (they appear under Cloud in the model picker). Your prompt and images then go from this computer to that provider and are billed to your account; nothing else is sent anywhere.	Con su propia clave de API, Generar también puede usar modelos en la nube (aparecen en Nube en el selector de modelos). Su indicación y sus imágenes van entonces de este equipo a ese proveedor y se facturan a su cuenta; no se envía nada más a ningún sitio.
	Works on my GPU	Funciona en mi GPU
	a “cutouts” folder beside each image	una carpeta «cutouts» junto a cada imagen
	just now	ahora mismo
	new each time	nueva cada vez
	seed {seed}	semilla {seed}
	{author} · {n} downloads	{author} · {n} descargas
	{best_for} · {size} · {gb} GB GPU	{best_for} · {size} · {gb} GB de GPU
	{done} of {total}	{done} de {total}
	{licence} · non-commercial	{licence} · no comercial
	{model} creates, edits and fills; choose a local model to refine or upscale.	{model} crea, edita y rellena; elija un modelo local para refinar o ampliar.
	{mode} with {model}	{mode} con {model}
	{name} (family unknown)	{name} (familia desconocida)
	{name} · Custom workflow	{name} · Flujo de trabajo personalizado
	{name} · edited copy saved	{name} · copia editada guardada
	{name} · {gb} GB GPU memory	{name} · {gb} GB de memoria de GPU
	{name} — click to remove	{name} — haga clic para quitar
	{n} LoRAs	{n} LoRA
	{n} days ago	hace {n} días
	{n} downloads	{n} descargas
	{n} edited	{n} editadas
	{n} files to download ({size}), verified by SHA-256:	{n} archivos para descargar ({size}), verificados con SHA-256:
	{n} h ago	hace {n} h
	{n} images	{n} imágenes
	{n} images in {folder}	{n} imágenes en {folder}
	{n} min ago	hace {n} min
	{n} models	{n} modelos
	{n} refs	{n} referencias
	{size} · runs on the CPU · {licence}	{size} · se ejecuta en la CPU · {licence}
	{source}: offline, showing results from {when}	{source}: sin conexión, se muestran resultados de {when}
	{source}: the catalogue couldn't be read	{source}: no se pudo leer el catálogo
	{why} Qwen Image 2.1 runs these.	{why} Qwen Image 2.1 ejecuta estas opciones.
	Choose…	Elegir…
	Stop	Detener
	Seed	Semilla
	Solid Color	Color sólido
	Strength	Intensidad
	Qwen AI · Compact	Qwen IA · compacto
	Qwen AI · Full	Qwen IA · completo
	Standard (CPU)	Estándar (CPU)
	Templates	Plantillas
	Community	Comunidad
ai	Restore	Restaurar
ai	Sampler	Muestreador
ai	New	Nuevos
	Filmstrip shows folder	La tira de imágenes muestra la carpeta
	Save and next saves to	Guardar y siguiente guarda en
	Develop	Revelar
	Compositing	Composición
	Develop photos: light, colour, detail, masks, AI selections and removal	Revelar fotos: luz, color, detalle, máscaras, selecciones y eliminación con IA
	Layers, retouching, compositing and every AI tool	Capas, retoque, composición y todas las herramientas de IA
	Develop…	Revelar…
	Open the Library to develop this layer	Abra la Biblioteca para revelar esta capa
	The active layer isn't a Develop layer	La capa activa no es una capa de revelado
	Updated from Develop	Actualizado desde Revelar
	{name} · Develop layer (double-click it to return to Develop)	{name} · capa de revelado (doble clic para volver a Revelar)
	A merged copy on top, as a Smart Object with a Camera Raw Filter.	Una copia combinada encima, como objeto inteligente con un filtro Camera Raw.
	Apply Destructively	Aplicar de forma destructiva
	As a Smart Object the filter stays editable: double-click it in the Layers panel to change it.	Como objeto inteligente el filtro sigue siendo editable: haga doble clic en él en el panel Capas para cambiarlo.
	Camera Raw Filter	Filtro Camera Raw
	Camera Raw Filter applied	Filtro Camera Raw aplicado
	Camera Raw Filter cancelled	Filtro Camera Raw cancelado
	Composite	Composición
	Convert	Convertir
	Convert to Smart Object to keep it editable?	¿Convertir en objeto inteligente para que siga siendo editable?
	Develop a Layered Document	Revelar un documento con capas
	Develop the composite (live)	Revelar la composición (en vivo)
	Don't ask again	No volver a preguntar
	Just switch	Solo cambiar
	Merge visible to a new layer and develop	Combinar visibles en una capa nueva y revelar
	Show the Library's Develop module.	Mostrar el módulo Revelar de la Biblioteca.
	The visible layers become a Smart Object (still editable inside) with a Camera Raw Filter.	Las capas visibles se convierten en un objeto inteligente (editable por dentro) con un filtro Camera Raw.
	This document has no Develop layer. How should Develop work on it?	Este documento no tiene capa de revelado. ¿Cómo debe trabajar Revelar con él?
	Pen pressure curve	Curva de presión del lápiz
	Paste Seamless	Pegar sin costuras
	Cage	Jaula
	Seamless	Sin costuras
	Blend the cloned pixels into their surroundings	Fundir los píxeles clonados con su entorno
	Subject Assist	Ayuda de sujeto
	Guide the selection with the installed selection model	Guiar la selección con el modelo de selección instalado
	Firm	Firme
	Input pressure → brush pressure	Presión del lápiz → presión del pincel
	Green Coordinates	Coordenadas de Green
	Mean Value Coordinates	Coordenadas de valor medio
	Reset Cage	Restablecer jaula
	Close Cage	Cerrar jaula
	Commit Cage ({key})	Confirmar jaula ({key})
	Drag the cage's points to deform	Arrastre los puntos de la jaula para deformar
	Click to draw a cage around the content; click the first point or press Enter to close it	Haga clic para dibujar una jaula alrededor del contenido; haga clic en el primer punto o pulse Intro para cerrarla
	The cage can't cross itself	La jaula no puede cruzarse consigo misma
	A cage needs at least three points	Una jaula necesita al menos tres puntos
	The cage is closed: drag its points	La jaula está cerrada: arrastre sus puntos
	Cage is not active	La jaula no está activa
	Could not use Cage: the layer is empty	No se pudo usar Jaula: la capa está vacía
	Index	Índice
	Browse LoRAs for this model family	Explorar LoRA para esta familia de modelos
	Browse LoRAs…	Explorar LoRA…
	Choose another model…	Elegir otro modelo…
	Couldn't remove {name}: {error}	No se pudo quitar {name}: {error}
	Find LoRAs (styles) for the chosen model's family	Buscar LoRA (estilos) para la familia del modelo elegido
	Kept because other installed models use them: {files}	Se conservan porque otros modelos instalados los usan: {files}
	List only the official upscalers (SeedVR2)	Mostrar solo los escaladores oficiales (SeedVR2)
	Move to Trash	Mover a la papelera
	None of its files are in the model folder.	Ninguno de sus archivos está en la carpeta de modelos.
	ON-DEVICE MODELS (CPU)	MODELOS EN EL EQUIPO (CPU)
	Official upscalers only	Solo escaladores oficiales
	Recommended	Recomendado
	Remove (deletes the files)	Quitar (elimina los archivos)
	Remove (moves the files to the Trash)	Quitar (mueve los archivos a la papelera)
	Remove {name}?	¿Quitar {name}?
	Removed {name} ({size} freed)	Se quitó {name} ({size} liberados)
	Stop generation	Detener la generación
	Stopped generation	Generación detenida
	This frees {size}. The files are deleted permanently.	Esto libera {size}. Los archivos se eliminan de forma permanente.
	This frees {size}. The files go to the Trash, so you can restore them from there.	Esto libera {size}. Los archivos van a la papelera, desde donde puede restaurarlos.
	Unload AI models from GPU memory (the AI engine is off)	Descargar los modelos de IA de la memoria de la GPU (el motor de IA está apagado)
	Unload AI models from GPU memory	Descargar los modelos de IA de la memoria de la GPU
	Unloading AI models…	Descargando los modelos de IA de la memoria…
	Upscale with any image model instead: enlarge, then add detail with img2img	Escalar con cualquier modelo de imagen en su lugar: ampliar y luego añadir detalle con img2img
	kept {files}	se conservan {files}
	using {name}	usando {name}
	{n} of {total} installed	{n} de {total} instalados
	{size} download · runs on the CPU · {licence}	{size} de descarga · se ejecuta en la CPU · {licence}
	Small models that run on this computer's processor: no ComfyUI or GPU needed, quick downloads, and your photos never leave the computer. Each group powers different tools, and the best model installed in a group is the one used.	Modelos pequeños que se ejecutan en el procesador de este equipo: sin ComfyUI ni GPU, descargas rápidas y sus fotos nunca salen del equipo. Cada grupo sirve a herramientas distintas, y se usa el mejor modelo instalado de cada grupo.
	Subject & Background	Sujeto y fondo
# Selected-item context bars and live shapes
	AI Fill	Relleno con IA
	Add a vector mask from the path	Añadir una máscara vectorial desde el trazado
	Bottom-left corner radius	Radio de la esquina inferior izquierda
	Bottom-right corner radius	Radio de la esquina inferior derecha
	Content-Aware Fill	Relleno según el contenido
	Corners	Esquinas
	Create another variation using this layer's prompt and a new seed	Crear otra variación con el texto de esta capa y una nueva semilla
	Describe what to generate, or leave empty to fill from the surroundings	Describa qué generar o deje vacío para rellenar con el entorno
	Edit Path	Editar trazado
	Edit Text	Editar texto
	Edit the shape's anchors and handles	Editar los puntos de ancla y controles de la forma
	Edit this photo's develop settings	Editar los ajustes de revelado de esta foto
	Fill the path's area from the image around it	Rellenar el área del trazado con la imagen circundante
	Fill the selection from the image around it	Rellenar la selección con la imagen circundante
	Generate this area again from its surroundings	Generar esta área de nuevo a partir del entorno
	Generate “{prompt}” again with a new seed	Generar «{prompt}» de nuevo con una nueva semilla
	Generative Fill: regenerate the area from your description (empty: from its surroundings)	Relleno generativo: regenerar el área según su descripción (vacío: según el entorno)
	Generative Fill: regenerate the path's area from a description	Relleno generativo: regenerar el área del trazado según una descripción
	L	L
	Line weight	Grosor de línea
	Mask out the background with AI	Ocultar el fondo con una máscara de IA
	Number of sides	Número de lados
	Open in Develop	Abrir en Revelar
	Open the Smart Object's contents	Abrir el contenido del objeto inteligente
	Regenerate	Regenerar
	Select the main subject with AI	Seleccionar el sujeto principal con IA
	Set radius of all corners	Establecer el radio de todas las esquinas
	Set shape stroke width	Establecer el grosor del trazo de la forma
	Set the font size	Establecer el tamaño de fuente
	This layer has no generation model to repeat	Esta capa no tiene un modelo de generación que repetir
	This layer has no generation settings to repeat	Esta capa no tiene ajustes de generación que repetir
	This layer's generation model is unavailable	El modelo de generación de esta capa no está disponible
	Top-left corner radius	Radio de la esquina superior izquierda
	Top-right corner radius	Radio de la esquina superior derecha
	Turn the shape into pixels	Convertir la forma en píxeles
	Variations	Variaciones
	Close panel	Cerrar panel
	Dock Panel	Acoplar panel
	Float Panel Group	Flotar grupo de paneles
	Save and Return to Library	Guardar y volver a la biblioteca
	Added your new Develop edits as layer {name}	Se añadieron sus nuevos ajustes de Revelado como capa {name}
	Open the Library to save into it	Abra la biblioteca para guardar en ella
	The layers below are unchanged; hide or delete the new layer to go back.	Las capas inferiores no han cambiado; oculte o elimine la capa nueva para volver atrás.
# Attributions page (li-attributions)
	Attributions	Atribuciones
	Search attributions…	Buscar atribuciones…
	No matches.	No hay coincidencias.
	Show licence text	Mostrar el texto de la licencia
	Smart Sort (scenes)	Clasificación inteligente (escenas)
	Recognises what a photo shows (speakers, audience, details…) so Smart Sort can put it in the right folder. Runs on the CPU; photos never leave this computer.	Reconoce el contenido de una foto (ponentes, público, detalles…) para que la Clasificación inteligente pueda colocarla en la carpeta adecuada. Funciona en la CPU; las fotos nunca salen de este equipo.
	Recognises scenes from your descriptions for Smart Sort. A fast local model for speakers, audiences, details and other categories you choose. Downloads include its text model and tokenizer.	Reconoce escenas a partir de sus descripciones para la Clasificación inteligente. Un modelo local rápido para ponentes, público, detalles y otras categorías que elija. La descarga incluye el modelo de texto y el tokenizador.
	Finds the main subject of a photo. Used by Select › Subject, Remove Background (Quick), the Object Selection tool's click mode, and the Library's Subject and Background masks.	Encuentra el sujeto principal de una foto. Se usa en Selección › Sujeto, Quitar fondo (rápido), el modo de clic de la herramienta Selección de objetos y las máscaras de sujeto y fondo de la Biblioteca.
	Finds the sky. Used by Select › Sky and the Library's sky masks.	Encuentra el cielo. Se usa en Selección › Cielo y las máscaras de cielo de la Biblioteca.
	Estimates how far away each part of a photo is. Used by the Library's depth masks (e.g. to darken or blur the background, or pick the foreground by distance).	Estima la distancia de cada parte de una foto. Se usa en las máscaras de profundidad de la Biblioteca (p. ej., para oscurecer o desenfocar el fondo, o elegir el primer plano según la distancia).
	Finds the subject with the finest edges (hair, fur, thin details). The best quality for Select Subject and Remove Background; takes a second or two per photo.	Encuentra el sujeto con los bordes más finos (pelo, pelaje, detalles finos). La mejor calidad para Seleccionar sujeto y Quitar fondo; tarda uno o dos segundos por foto.
	Clean edges between near and far, good on most photos. Takes a few seconds per photo.	Bordes limpios entre cerca y lejos, bueno en la mayoría de las fotos. Tarda unos segundos por foto.
	Custom: {name}	Personalizado: {name}
	Use official model	Usar el modelo oficial
	Your own model, run on the CPU instead of the official one.	Su propio modelo, ejecutado en la CPU en lugar del oficial.
	{name} · {size} download · runs on the CPU · {licence}	{name} · descarga de {size} · se ejecuta en la CPU · {licence}
	Custom model…	Modelo personalizado…
	Pick any .onnx model that does this. It is copied into the models folder and used instead of the official one.	Elija cualquier modelo .onnx para esta función. Se copia en la carpeta de modelos y se usa en lugar del oficial.
	Input style:	Estilo de entrada:
	IS-Net style	Estilo IS-Net
	U²-Net / ImageNet style	Estilo U²-Net / ImageNet
	Sky class:	Clase de cielo:
	Only used when the model gives one map per class (ADE20K: 2).	Solo se usa cuando el modelo da un mapa por clase (ADE20K: 2).
	Testing the model…	Probando el modelo…
	Choose an ONNX file…	Elegir un archivo ONNX…
	That model can't be used: {error}	No se puede usar ese modelo: {error}
	Choose an ONNX model	Elegir un modelo ONNX
	ONNX model	Modelo ONNX
	Remove old models ({size})	Quitar modelos antiguos ({size})
	Moves the models the app no longer uses (U²-Net, TinySkyNet, MiDaS) to the Trash.	Mueve a la papelera los modelos que la app ya no usa (U²-Net, TinySkyNet, MiDaS).
	the old models	los modelos antiguos
	Small models that run on this computer's processor: no ComfyUI or GPU needed, quick downloads, and your photos never leave the computer. Each function has one recommended model; you can use your own ONNX model instead.	Modelos pequeños que se ejecutan en el procesador de este equipo: sin ComfyUI ni GPU, descargas rápidas y sus fotos nunca salen del equipo. Cada función tiene un modelo recomendado; puede usar su propio modelo ONNX en su lugar.
	Choose an ONNX model (a file ending in .onnx)	Elegir un modelo ONNX (un archivo con extensión .onnx)
	Not a depth model: it must output one depth map	No es un modelo de profundidad: debe generar un mapa de profundidad
	Not a sky model	No es un modelo de cielo
	Not a sky model: its output {shape} should be 1 map or one map per class	No es un modelo de cielo: su salida {shape} debe ser 1 mapa o un mapa por clase
	Not a subject model: it must output one foreground map	No es un modelo de sujeto: debe generar un mapa de primer plano
	The model has no input	El modelo no tiene entrada
	The model's input has {channels} channels; an RGB image (3) is needed	La entrada del modelo tiene {channels} canales; se necesita una imagen RGB (3)
	The model's input is {height}×{width}; a square input (or a flexible size) is needed	La entrada del modelo es {height}×{width}; se necesita una entrada cuadrada (o un tamaño flexible)
	The model's input must be an image (batch × 3 × height × width)	La entrada del modelo debe ser una imagen (lote × 3 × alto × ancho)
	The sky class {class} is out of range: this model has {classes} classes (0 to {max})	La clase de cielo {class} está fuera de rango: este modelo tiene {classes} clases (0 a {max})
	{path} isn't a file	{path} no es un archivo
	Custom models are not supported for this function	Esta función no admite modelos personalizados
	Moves the selected layers or the selection.	Mueve las capas seleccionadas o la selección.
	Drag to move; hold {shift} to keep to one axis.	Arrastra para mover; mantén {shift} para limitar a un eje.
	{alt}-drag to move a copy.	Arrastra con {alt} para mover una copia.
	{cmd}-click picks the layer under the pointer (it switches Auto-Select for that click).	{cmd}-clic selecciona la capa bajo el puntero (cambia a Selección automática para ese clic).
	Arrow keys nudge by 1 pixel, {shift}+arrow by 10.	Las teclas de flecha desplazan 1 píxel; {shift}+flecha, 10.
	Selects a rectangular area.	Selecciona un área rectangular.
	Drag to select; {shift}-drag adds to the selection, {alt}-drag subtracts.	Arrastra para seleccionar; {shift}-arrastra añade a la selección, {alt}-arrastra resta.
	Hold {shift} and {alt} together to intersect.	Mantén {shift} y {alt} a la vez para intersecar.
	Selects an oval or circular area.	Selecciona un área oval o circular.
	Selects by drawing a freehand outline.	Selecciona dibujando un contorno a mano alzada.
	Drag to draw; release to close the outline.	Arrastra para dibujar; suelta para cerrar el contorno.
	Hold {alt} while drawing for straight segments; let go to go freehand again.	Mantén {alt} mientras dibujas para segmentos rectos; suelta para volver a mano alzada.
	Hold {shift} before you start to add, {alt} to subtract.	Mantén {shift} antes de empezar para añadir, {alt} para restar.
	Selects with a straight-sided outline.	Selecciona con un contorno de lados rectos.
	Click to place each corner.	Haz clic para colocar cada esquina.
	Click the first point, or double-click, to close the shape.	Haz clic en el primer punto, o doble clic, para cerrar la forma.
	Hold {shift} for the first click to add, {alt} to subtract.	Mantén {shift} en el primer clic para añadir, {alt} para restar.
	Selects by following the edge of an object.	Selecciona siguiendo el borde de un objeto.
	Click to start, then move along the edge; click to fasten a point.	Haz clic para empezar, luego muévete por el borde; haz clic para fijar un punto.
	{alt}-click adds a straight segment; drag for freehand.	{alt}-clic añade un segmento recto; arrastra para mano alzada.
	Double-click, or click the first point, to close the outline.	Doble clic, o clic en el primer punto, para cerrar el contorno.
	Selects an object with the local AI model.	Selecciona un objeto con el modelo de IA local.
	Click an object, or drag a box around it.	Haz clic en un objeto o arrastra un cuadro a su alrededor.
	{shift} adds to the selection, {alt} subtracts.	{shift} añade a la selección, {alt} resta.
	Paints a selection that grows out to the edges.	Pinta una selección que crece hasta los bordes.
	Drag over the area you want.	Arrastra sobre el área que desees.
	Hold {alt} while dragging to subtract.	Mantén {alt} mientras arrastras para restar.
	Selects pixels of a similar colour with one click.	Selecciona píxeles de un color similar con un clic.
	Click a colour; Tolerance and Contiguous are in the options bar.	Haz clic en un color; Tolerancia y Contiguo están en la barra de opciones.
	{shift}-click adds, {alt}-click subtracts, {shift}+{alt}-click intersects.	{shift}-clic añade, {alt}-clic resta, {shift}+{alt}-clic interseca.
	Trims the image to a rectangle.	Recorta la imagen a un rectángulo.
	Drag to draw the crop, then drag the handles to adjust.	Arrastra para dibujar el recorte y luego arrastra los controladores para ajustar.
	Hold {shift} to keep the ratio and {alt} to resize from the centre.	Mantén {shift} para mantener la proporción y {alt} para cambiar el tamaño desde el centro.
	Press Enter to apply, Esc to cancel.	Pulsa Intro para aplicar, Esc para cancelar.
	Crops to a four-cornered shape and straightens it, as for a photographed page or building.	Recorta a una forma de cuatro esquinas y la endereza, como para una página o edificio fotografiados.
	Divides the image into slices for web export.	Divide la imagen en sectores para exportar a web.
	Selects and adjusts existing slices.	Selecciona y ajusta los sectores existentes.
	Samples a colour from the image.	Muestra un color de la imagen.
	Click to set the foreground colour.	Haz clic para definir el color frontal.
	{alt}-click sets the background colour.	{alt}-clic define el color de fondo.
	Measures distances and angles on the image.	Mide distancias y ángulos en la imagen.
	Adds a text note to the document.	Añade una nota de texto al documento.
	Counts items in the image by clicking on each.	Cuenta elementos de la imagen haciendo clic en cada uno.
	Removes a blemish by blending in the pixels around it.	Elimina una imperfección fusionando los píxeles de alrededor.
	Paint over the spot.	Pinta sobre la mancha.
	Hold {shift} for a straight line from the last stroke.	Mantén {shift} para una línea recta desde el último trazo.
	Repairs an area using sampled pixels, matching light and texture.	Repara un área usando píxeles muestreados, igualando luz y textura.
	{alt}-click to set the source point.	{alt}-clic para definir el punto de origen.
	Then paint over the area to repair.	Luego pinta sobre el área a reparar.
	Repairs a selected area from another area.	Repara un área seleccionada a partir de otra área.
	Draw around the flaw, then drag the selection onto clean pixels.	Dibuja alrededor del defecto y arrastra la selección sobre píxeles limpios.
	Drag from inside an existing selection to move it.	Arrastra desde dentro de una selección existente para moverla.
	Moves a selected object and fills the gap it leaves.	Mueve un objeto seleccionado y rellena el hueco que deja.
	Draw around the object, then drag the selection to its new place.	Dibuja alrededor del objeto y arrastra la selección a su nueva ubicación.
	Removes red from the pupils in flash photos.	Elimina el rojo de las pupilas en fotos con flash.
	Click on the red pupil.	Haz clic en la pupila roja.
	Paints soft or hard strokes in the foreground colour.	Pinta trazos suaves o duros con el color frontal.
	Drag to paint; hold {shift} to keep a straight line.	Arrastra para pintar; mantén {shift} para mantener una línea recta.
	{shift}-click draws a line from the end of the last stroke.	{shift}-clic dibuja una línea desde el final del último trazo.
	Hold {alt} to pick a colour from the image.	Mantén {alt} para elegir un color de la imagen.
	Paints hard-edged strokes.	Pinta trazos de bordes duros.
	Paints with colours that mix with the canvas, like wet paint.	Pinta con colores que se mezclan con el lienzo, como pintura húmeda.
	Paints with pixels copied from another part of the image.	Pinta con píxeles copiados de otra parte de la imagen.
	Then paint where you want the copy.	Luego pinta donde quieras la copia.
	Paints back an earlier state of the image.	Pinta un estado anterior de la imagen.
	Erases pixels as you drag.	Borra píxeles al arrastrar.
	Drag to erase; hold {shift} to keep a straight line.	Arrastra para borrar; mantén {shift} para mantener una línea recta.
	Erases the background colour under the brush, keeping edges.	Borra el color de fondo bajo el pincel, conservando los bordes.
	Drag along the edge of the subject.	Arrastra por el borde del sujeto.
	Erases all pixels of a similar colour with one click.	Borra todos los píxeles de un color similar con un clic.
	Click the colour to erase.	Haz clic en el color a borrar.
	Fills with a blend between colours.	Rellena con una mezcla entre colores.
	Drag from where the blend starts to where it ends.	Arrastra desde donde empieza la mezcla hasta donde termina.
	Hold {shift} to snap the angle to 45 degrees.	Mantén {shift} para fijar el ángulo a 45 grados.
	Fills an area of similar colour with the foreground colour.	Rellena un área de color similar con el color frontal.
	Click inside the area to fill.	Haz clic dentro del área para rellenar.
	Softens the pixels you paint over.	Suaviza los píxeles sobre los que pintas.
	Drag to blur; hold {shift} to keep a straight line.	Arrastra para desenfocar; mantén {shift} para mantener una línea recta.
	Sharpens the pixels you paint over.	Enfoca los píxeles sobre los que pintas.
	Drag to sharpen; hold {shift} to keep a straight line.	Arrastra para enfocar; mantén {shift} para mantener una línea recta.
	Smears pixels in the direction you drag, like wet paint.	Emborega los píxeles en la dirección en que arrastras, como pintura húmeda.
	Drag to smudge; hold {shift} to keep a straight line.	Arrastra para emboregar; mantén {shift} para mantener una línea recta.
	Lightens the areas you paint over.	Aclara las áreas sobre las que pintas.
	Drag to lighten; hold {shift} to keep a straight line.	Arrastra para aclarar; mantén {shift} para mantener una línea recta.
	Darkens the areas you paint over.	Oscurece las áreas sobre las que pintas.
	Drag to darken; hold {shift} to keep a straight line.	Arrastra para oscurecer; mantén {shift} para mantener una línea recta.
	Raises or lowers the colour saturation where you paint.	Aumenta o reduce la saturación de color donde pintas.
	Drag to change saturation; hold {shift} to keep a straight line.	Arrastra para cambiar la saturación; mantén {shift} para mantener una línea recta.
	Draws precise paths and shapes with anchor points.	Dibuja trazados y formas precisos con puntos de ancla.
	Click to add points; {alt} on an anchor turns it into a corner or smooth point.	Haz clic para añadir puntos; {alt} en un punto de ancla lo convierte en un punto de esquina o suave.
	Selects and moves whole paths.	Selecciona y mueve trazados completos.
	Selects and edits individual anchor points and handles.	Selecciona y edita puntos de ancla y tiradores individuales.
	Click an anchor or handle; drag a box to select several.	Haz clic en un punto de ancla o tirador; arrastra un cuadro para seleccionar varios.
	{shift}-click toggles an anchor in the selection.	{shift}-clic alterna un punto de ancla en la selección.
	{alt}-drag a handle to move it on its own.	{alt}-arrastra un tirador para moverlo por separado.
	Adds text to the image.	Añade texto a la imagen.
	Click to type a line of text.	Haz clic para escribir una línea de texto.
	Drag to make a box for paragraph text.	Arrastra para crear un cuadro de texto de párrafo.
	Adds text that runs top to bottom.	Añade texto que va de arriba a abajo.
	Draws rectangles as editable shape layers.	Dibuja rectángulos como capas de forma editables.
	Draws ellipses and circles as editable shape layers.	Dibuja elipses y círculos como capas de forma editables.
	Draws triangles as editable shape layers.	Dibuja triángulos como capas de forma editables.
	Draws polygons with any number of sides.	Dibuja polígonos con cualquier número de lados.
	Draws straight lines as editable shape layers.	Dibuja líneas rectas como capas de forma editables.
	Draws a shape chosen from the shape library.	Dibuja una forma elegida de la biblioteca de formas.
	Pans the view around the image.	Desplaza la vista alrededor de la imagen.
	Drag to move the image.	Arrastra para mover la imagen.
	Hold Space with any other tool to pan temporarily.	Mantén Espacio con cualquier otra herramienta para desplazarse temporalmente.
	Magnifies or reduces the view.	Aumenta o reduce el zoom de la vista.
	Click to zoom in, {alt}-click to zoom out.	Haz clic para acercar, {alt}-clic para alejar.
	Drag right to zoom in and left to zoom out, or drag a box when Scrubby Zoom is off.	Arrastra a la derecha para acercar y a la izquierda para alejar, o arrastra un cuadro cuando Zoom de arrastre está desactivado.
	Removes distractions with the local AI model.	Elimina distracciones con el modelo de IA local.
	Paint over what you want gone.	Pinta sobre lo que quieras eliminar.
	When you let go, the repair lands on its own layer.	Al soltar, la reparación se coloca en su propia capa.
	Cuts out the subject with the local AI model.	Recorta el sujeto con el modelo de IA local.
	Use Remove Background in the options bar to make the mask.	Usa Quitar fondo en la barra de opciones para crear la máscara.
	Then paint to erase or restore parts of it; X swaps the two.	Luego pinta para borrar o restaurar partes; X alterna entre ambas.
	Pushes pixels forward as you drag.	Empuja los píxeles hacia delante al arrastrar.
	Drag across the area to push it along.	Arrastra por el área para empujarla.
	Undoes warping where you paint.	Deshace la deformación donde pintas.
	Paint over a distorted area to restore it; hold still to keep restoring.	Pinte sobre un área distorsionada para restaurarla; manténgalo quieto para seguir restaurando.
	Smooths out the distortion where you paint.	Suaviza la distorsión donde pinta.
	Paint over an area; hold still to keep smoothing.	Pinte sobre un área; manténgalo quieto para seguir suavizando.
	Spins pixels clockwise.	Gira los píxeles en sentido horario.
	Click or hold still to keep twirling.	Haga clic o manténgalo quieto para seguir girando.
	Spins pixels counterclockwise.	Gira los píxeles en sentido antihorario.
	Pulls pixels in toward the centre of the brush.	Atrae los píxeles hacia el centro del pincel.
	Click or hold still to keep pinching.	Haga clic o manténgalo quieto para seguir frunciendo.
	Pushes pixels out from the centre of the brush.	Aleja los píxeles del centro del pincel.
	Click or hold still to keep swelling.	Haga clic o manténgalo quieto para seguir inflando.
	Shifts pixels sideways as you drag.	Desplaza los píxeles lateralmente al arrastrar.
	Drag to move pixels to the left of your direction.	Arrastre para desplazar los píxeles a la izquierda de la dirección.
	Protects areas from being warped.	Protege áreas para que no se deformen.
	Paint over the areas to protect.	Pinte sobre las áreas para protegerlas.
	Removes protection from frozen areas.	Elimina la protección de las áreas congeladas.
	Paint over the frozen areas to release them.	Pinte sobre las áreas congeladas para descongelarlas.
	Freezes an area you outline.	Congela un área que delimite.
	Drag to freeze an outlined area.	Arrastre para congelar un área delimitada.
	{alt}-drag to thaw it.	{alt}-arrastre para descongelarla.
	Changes the whole image at once.	Cambia toda la imagen a la vez.
	Also in this group:	También en este grupo:
	How to use	Cómo usar
	All Tools	Todas las herramientas
	Photographer	Fotógrafo
	Retouching	Retoque
	Tool Set	Conjunto de herramientas
	Tool Sets	Conjuntos de herramientas
	built-in	integrado
	My Tools	Mis herramientas
	Duplicate	Duplicar
	Reset to All Tools	Restablecer a Todas las herramientas
	Built-in sets can't be changed. Save a copy to choose your own tools.	Los conjuntos integrados no se pueden modificar. Guarde una copia para elegir sus propias herramientas.
	Save as New Set	Guardar como conjunto nuevo
	Tick the tools this set shows.	Marque las herramientas que se muestran en este conjunto.
	Tool tips	Información de herramientas
	Rich (name, shortcut and how to use)	Detallada (nombre, atajo y cómo usar)
	Simple (name and shortcut)	Simple (nombre y atajo)
	Tool icons	Iconos de herramientas
	Colour (default)	Color (predeterminado)

# Smart Sort face model bundle
	Faces	Rostros
	Finds faces and recognises the same person across photos. Off until you turn it on in Smart Sort. Face data stays in your library.	Encuentra rostros y reconoce a la misma persona en varias fotos. Desactivado hasta que lo active en Smart Sort. Los datos faciales permanecen en su biblioteca.
	Finds faces and their landmarks, ready to recognise the same person in other photos. Runs locally on the CPU.	Encuentra rostros y sus puntos de referencia para reconocer a la misma persona en otras fotos. Se ejecuta localmente en la CPU.
	Finds faces and groups photos of the same person for Smart Sort. Includes both face models; runs on the CPU with face data kept in your library.	Encuentra rostros y agrupa fotos de la misma persona para Smart Sort. Incluye ambos modelos faciales; se ejecuta en la CPU y guarda los datos en su biblioteca.

# Tool tip and tool set completion (English fallback).
	Cancel Rename	Cancel Rename
	Choose Move or Extend in the options bar.	Choose Move or Extend in the options bar.
	Choose the active shape, work path or targeted vector mask.	Choose the active shape, work path or targeted vector mask.
	Click a slice to select it.	Click a slice to select it.
	Click each item to add a numbered marker.	Click each item to add a numbered marker.
	Click the first point to close, Enter to finish an open path.	Click the first point to close, Enter to finish an open path.
	Click the image to add a sampler, then drag its marker to move it.	Click the image to add a sampler, then drag its marker to move it.
	Click to add a note and edit its text in the Notes panel.	Click to add a note and edit its text in the Notes panel.
	Click to add corners; drag to create smooth handles.	Click to add corners; drag to create smooth handles.
	Click to switch between Fit and 100%; {alt}-click zooms out.	Click to switch between Fit and 100%; {alt}-click zooms out.
	Color Sampler Tool	Color Sampler Tool
	Double-click the image or tool button to fit the image.	Double-click the image or tool button to fit the image.
	Double-click the tool button to fit the image.	Double-click the tool button to fit the image.
	Drag a frame, then drag its four corners onto the subject.	Drag a frame, then drag its four corners onto the subject.
	Drag a note marker to move it.	Drag a note marker to move it.
	Drag a rectangle to create a slice.	Drag a rectangle to create a slice.
	Drag between the endpoints.	Drag between the endpoints.
	Drag between two points to measure.	Drag between two points to measure.
	Drag right to zoom in and left to zoom out; {cmd}-drag draws a zoom box.	Drag right to zoom in and left to zoom out; {cmd}-drag draws a zoom box.
	Drag the selected slice to move it.	Drag the selected slice to move it.
	Drag to draw; {shift} keeps equal width and height.	Drag to draw; {shift} keeps equal width and height.
	Drag to move its whole path.	Drag to move its whole path.
	Drag to move the image; hold Space to pan with another tool.	Drag to move the image; hold Space to pan with another tool.
	Hold {alt} to draw from the centre.	Hold {alt} to draw from the centre.
	Magnifies or reduces the Camera Raw preview.	Magnifies or reduces the Camera Raw preview.
	Paints back the document’s opening state.	Paints back the document’s opening state.
	Pans the Camera Raw preview.	Pans the Camera Raw preview.
	Places colour readouts on the Camera Raw preview.	Places colour readouts on the Camera Raw preview.
	Save Name	Save Name
	Set Pupil Size and Darken Amount in the options bar.	Set Pupil Size and Darken Amount in the options bar.
	Set Size and Pressure in Brush Tool Options.	Set Size and Pressure in Brush Tool Options.
	Set the brush size in the options bar before painting.	Set the brush size in the options bar before painting.
	Then paint to erase or restore parts of it; Swap Colors switches modes.	Then paint to erase or restore parts of it; Swap Colors switches modes.
	Up	Up
	Use Slice Select to move an existing slice.	Use Slice Select to move an existing slice.
	{alt}-click a marker to remove it.	{alt}-click a marker to remove it.
	{alt}-drag an endpoint to measure an angle.	{alt}-drag an endpoint to measure an angle.
	Hold {key} with any other tool to pan temporarily.	Hold {key} with any other tool to pan temporarily.
	Set Tolerance and Contiguous in the options bar.	Ajusta Tolerancia y Contiguo en la barra de opciones.
	Choose Erase or Restore in the options bar, then paint to refine the mask.	Elige Borrar o Restaurar en la barra de opciones y pinta para perfeccionar la máscara.
	Tool Set Name	Nombre del conjunto de herramientas
	You can also drag with the middle mouse button to pan.	También puedes arrastrar con el botón central del ratón para desplazar la vista.
	10 fps	10 fps
	15 fps	15 fps
	24 fps	24 fps
	25 fps	25 fps
	30 fps	30 fps
	32-bit Preview Options	Opciones de previsualización de 32 bits
	3D	3D
	3D…	3D…
	ACES	ACES
	AI Integrations	Integraciones de IA
	Accented Edges	Bordes acentuados
	Accurate	Preciso
	Actual Color	Color real
	Add Noise	Añadir ruido
	Add Pins	Añadir alfileres
	Add a mask  (from the selection; ⌥ inverts)	Añadir una máscara  (a partir de la selección; ⌥ invierte)
	Add to	Añadir a
	Add to selection  (⇧)	Añadir a la selección  (⇧)
	Adds grain to the soft edges of the brush tip.	Añade grano a los bordes suaves de la punta del pincel.
	Adjust Interval For Loops	Ajustar intervalo para bucles
	Adjustment Layer	Capa de ajuste
	Adobe Every-line Composer	Compositor de línea a línea de Adobe
	Adobe PDF Presets…	Ajustes preestablecidos de Adobe PDF…
	Adobe RGB (1998)	Adobe RGB (1998)
	Adobe Single-line Composer	Compositor de línea única de Adobe
	Advanced Blending	Fusión avanzada
	Advanced Controls	Controles avanzados
	After (X)	Después (X)
	Airbrush: keeps painting while the pointer rests.	Aerógrafo: sigue pintando mientras el puntero esté quieto.
	Alignment	Alineación
	Alternates for Current Selection	Alternativas para la selección actual
	Alternative	Alternativa
	Ambience	Ambiente
	Ambient	Ambiental
	Amplitude Max	Amplitud máx.
	Amplitude Min	Amplitud mín.
	Angled Strokes	Trazos angulares
	Anisotropic	Anisotrópico
	Aperture	Apertura
	Apple RGB	Apple RGB
	Apply Data Set	Aplicar conjunto de datos
	Apply Image	Aplicar imagen
	Arbitrary	Arbitrario
	Area	Área
	Around Center	Alrededor del centro
	Arrangement	Disposición
	Art History Brush	Pincel de historia del arte
	Artboard from Group	Mesa de trabajo a partir de grupo
	Artboard from Layers	Mesa de trabajo a partir de capas
	Artboards to Files	Mesas de trabajo a archivos
	Artboards to PDF	Mesas de trabajo a PDF
	Artistic	Artístico
	Ask Before Saving Saved Embedded	Preguntar antes de guardar incrustados guardados
	Ask When Pasting	Preguntar al pegar
	Aspect Ratio	Relación de aspecto
	Assign Profile	Asignar perfil
	At	En
	Audio	Audio
	Auto Clean Brush	Limpieza automática del pincel
	Auto Scale	Escala automática
	Auto-Align Layers	Alinear capas automáticamente
	Auto-Blend Layers	Fusionar capas automáticamente
	Auto-Hide	Ocultación automática
	Auto-Leading	Interlineado automático
	Auto-leading %	% de interlineado automático
	Automatically Create First Snapshot	Crear automáticamente la primera instantánea
	Automatically Create New Snapshot When Saving	Crear automáticamente una nueva instantánea al guardar
	Avoid Widows/Orphans	Evitar viudas/huérfanas
	Background Level	Nivel de fondo
	Background from Layer	Fondo a partir de capa
	Bamboo	Bambú
	Bas Relief	Bajorrelieve
	Base Tree Type	Tipo de árbol base
	Baseline Shift	Desplazamiento de línea base
	Batch	Lote
	Berries	Bayas
	Black Clip	Recorte de negros
	Black Intensity	Intensidad de negros
	Blade Curvature	Curvatura de la hoja
	Blast	Explosión
	Bleach Bypass	Bleach Bypass
	Blend	Fusión
	Blend RGB Colors Using Gamma 1.0	Fusionar colores RGB con gamma 1.0
	Blocks	Bloques
	Blue Yellow	Azul amarillo
	Blur Angle	Ángulo de desenfoque
	Border	Borde
	Border Thickness	Grosor del borde
	Bottom Left	Inferior izquierda
	Bottom Right	Inferior derecha
	Box Blur	Desenfoque de caja
	Branches Color	Color de las ramas
	Branches Height	Altura de las ramas
	Branches Thickness	Grosor de las ramas
	Brick	Ladrillo
	Bristle Detail	Detalle de cerdas
	Browse	Examinar
	Brush Detail	Detalle del pincel
	Brush Size	Tamaño del pincel
	Brush Strokes	Trazos de pincel
	Brush Tip	Punta del pincel
	Brush Type	Tipo de pincel
	Burlap	Arpillera
	Byline	Autor
	Byline Title	Cargo del autor
	CIE RGB	CIE RGB
	CMYK:	CMYK:
	Calculations	Cálculos
	Camera Calibration	Calibración de cámara
	Camera Data	Datos de cámara
	Camera Make	Fabricante de la cámara
	Camera Model	Modelo de cámara
	Camera Raw	Camera Raw
	Candle Light	Luz de vela
	Canvas Size	Tamaño de lienzo
	Canvas rotation	Rotación del lienzo
	Caption	Leyenda
	Caption Credits	Créditos de la leyenda
	Capture Comp	Composición de captura
	Category	Categoría
	Cell Size	Tamaño de celda
	Center X	Centro X
	Center Y	Centro Y
	Chalk Area	Área de tiza
	Channel1	Canal 1
	Channel2	Canal 2
	Channel3	Canal 3
	Channel4	Canal 4
	Charcoal Area	Área de carboncillo
	Charcoal Thickness	Grosor del carboncillo
	Circle	Círculo
	Circularity	Circularidad
	City	Ciudad
	Cleanliness	Limpieza
	Clear Amount	Cantidad de borrado
	Clear History	Borrar historial
	Click the first point or press ↵ to close · Esc cancels	Haga clic en el primer punto o pulse ↵ para cerrar · Esc cancela
	Click to add a point · drag off or ⌘/Ctrl-click or Delete to remove	Haga clic para añadir un punto · arrastre fuera o haga clic con ⌘/Ctrl o pulse Suprimir para eliminar
	Click to apply, ⌥-click to clear overrides, double-click for Style Options	Haga clic para aplicar, ⌥-clic para borrar anulaciones, doble clic para Opciones de estilo
	Click to zoom in  ·  ⌥-click to zoom out	Haga clic para acercar  ·  ⌥-clic para alejar
	Click: corner · Drag: smooth · Click first point: close · ↩ finish · Esc cancel	Clic: esquina · Arrastrar: suavizar · Clic en el primer punto: cerrar · ↩ finalizar · Esc cancelar
	Clipping Path	Trazado de recorte
	Clone	Clonar
	Clumped	Agrupado
	Coarse Dots	Puntos gruesos
	Coerce to sRGB	Forzar a sRGB
	Collapse group  (⌥-click: all groups)	Contraer grupo  (⌥-clic: todos los grupos)
	Color Decontaminate	Descontaminar color
	Color Halftone	Semitono de color
	Color Lookup Tables	Tablas de búsqueda de color
	Color Management Policies	Políticas de gestión de color
	Color Noise Reduction	Reducción de ruido de color
	Color Profile	Perfil de color
	Color Settings	Ajustes de color
	Color Table	Tabla de colores
	Color indicates	El color indica
	ColorMatch RGB	ColorMatch RGB
	ColorSync	ColorSync
	Colored Pencil	Lápiz de color
	Columns	Columnas
	Commit Perspective Warp (↩)	Aplicar deformación de perspectiva (↩)
	Commit Puppet Warp (↩)	Aplicar deformación de marioneta (↩)
	Commit any current edits (⌘↩)	Aplicar las ediciones actuales (⌘↩)
	Commit current crop operation  (↵)	Aplicar recorte actual  (↵)
	Commit transform (↩)	Aplicar transformación (↩)
	Commit warp (↩)	Aplicar deformación (↩)
	Compatibility	Compatibilidad
	Compose	Componer
	Condensed	Condensado
	Conditional Mode Change	Cambio de modo condicional
	Cone	Cono
	Constraints	Restricciones
	Content-Aware Move	Mover según contenido
	Contract	Contraer
	Contrasty	Contrastado
	Convert Frames > Video Layers	Convertir fotogramas > capas de vídeo
	Convert to Grayscale	Convertir a escala de grises
	Convert to Linked	Convertir en vinculado
	Convert to Profile	Convertir en perfil
	Cool	Frío
	Cooling L B B	Enfriamiento L B B
	Cooling80	Enfriamiento80
	Cooling82	Enfriamiento82
	Copyright Info URL	URL de información de copyright
	Copyright Status	Estado de copyright
	Copyrighted	Con copyright
	Correct C A	Corregir C A
	Correct Distortion	Corregir distorsión
	Correct Vignette	Corregir viñeta
	Country	País
	Crack Brightness	Brillo de grietas
	Crack Depth	Profundidad de grietas
	Crack Spacing	Espaciado de grietas
	Craquelure	Craquelado
	Create By	Creado por
	Create Date	Fecha de creación
	Create Multiple Picture Packages	Crear varios paquetes de imágenes
	Create Plane	Crear plano
	Create Snapshot	Crear instantánea
	Create a new layer  (⇧⌘N)	Crear una capa nueva  (⇧⌘N)
	Create new count group	Crear nuevo grupo de recuento
	Create new layer	Crear nueva capa
	Create new set	Crear nuevo conjunto
	Credit	Crédito
	Cross	Cruz
	Cross Process	Proceso cruzado
	Crosshatch	Trazos cruzados
	Crystallize	Cristalizar
	Current	Actual
	Current Time	Hora actual
	Curve Darks	Oscuros de curva
	Curve Highlights	Altas luces de curva
	Curve Lights	Luces de curva
	Curve Shadows	Sombras de curva
	Curve Splits	Divisiones de curva
	Custom Branch Color	Color de rama personalizado
	Custom Pixel Aspect Ratio	Proporción de píxel personalizada
	Custom pattern	Motivo personalizado
	Cutout	Recorte
	Daisies	Margaritas
	Dark Intensity	Intensidad oscura
	Dark Rough	Rugoso oscuro
	Dark Strokes	Trazos oscuros
	Darken Only	Solo oscurecer
	Darkness	Oscuridad
	Data	Datos
	Data Sets as Files	Conjuntos de datos como archivos
	Date Created	Fecha de creación
	Date and Time	Fecha y hora
	DateTime Original	Fecha y hora original
	Day For Night	Día por noche
	De-Interlace	Desentrelazar
	Deep Blue	Azul profundo
	Deep Emerald	Esmeralda profundo
	Deep Red	Rojo profundo
	Deep Yellow	Amarillo profundo
	Default Leaves	Hojas predeterminadas
	Defaults restored.	Ajustes predeterminados restaurados.
	Define Brush Preset	Definir valor de pincel
	Define Custom Shape	Definir forma personalizada
	Define Pattern	Definir motivo
	Definition	Definición
	Defringe	Quitar halo
	Delete Layer…	Eliminar capa…
	Delete Pins	Eliminar pines
	Delete Preset…	Eliminar ajuste preestablecido…
	Delete Smart Filters	Eliminar filtros inteligentes
	Depth Map	Mapa de profundidad
	Depth Mode	Modo de profundidad
	Desaturate Monitor Colors By	Desaturar colores del monitor por
	Detect Faces	Detectar caras
	Diffuse	Difuminar
	Diffuse Glow	Resplandor difuso
	Digits	Dígitos
	Direction Balance	Equilibrio de dirección
	Direction of Stroke	Dirección del trazo
	Displace	Desplazar
	Distortion	Distorsión
	Distribution	Distribución
	Do you want to save you made to “{name}” before quitting?	¿Desea guardar los cambios que ha realizado en “{name}” antes de salir?
	Document Size	Tamaño del documento
	Dodge/Burn	Sobreexponer/Subexponer
	Dot	Punto
	Double Line	Línea doble
	Draft	Borrador
	Drag to move the layer	Arrastre para mover la capa
	Dry Brush	Pincel seco
	Duplicate Layer	Duplicar capa
	Duplicate Layers	Duplicar capas
	Duplicate Path	Duplicar trazado
	Duplicated selection name	Nombre de selección duplicada
	Duplication	Duplicación
	Duration	Duración
	Dust & Scratches	Polvo y rascaduras
	Dynamics	Dinámicas
	EXIF	EXIF
	EXIF Version	Versión EXIF
	Edge Brightness	Brillo de borde
	Edge Extension	Extensión de borde
	Edge Fidelity	Fidelidad de borde
	Edge Intensity	Intensidad de borde
	Edge Only	Solo borde
	Edge Simplicity	Simplicidad de borde
	Edge Thickness	Grosor de borde
	Edge Width	Ancho de borde
	Edit Plane	Editar plano
	Edit Toolbar	Editar barra de herramientas
	Elevation	Elevación
	Eliminate	Eliminar
	Email	Correo electrónico
	Embed profiles	Incrustar perfiles
	Enable Smart Filters	Activar filtros inteligentes
	Enable Timeline Quick Config	Activar configuración rápida de línea de tiempo
	End X	Fin X
	End Y	Fin Y
	Enlarged	Ampliado
	Enter description…	Introduzca una descripción…
	Error File	Archivo de error
	Errors	Errores
	Even Fields	Campos pares
	Expand All Groups	Expandir todos los grupos
	Expand group  (⌥-click: all groups)	Expandir grupo  (⌥-clic: todos los grupos)
	Export As	Exportar como
	Export Contents	Exportar contenido
	Export Preferences	Exportar preferencias
	Export/Import Presets	Exportar/Importar ajustes preestablecidos
	Exposure Program	Programa de exposición
	Extensions	Extensiones
	Extra Bold	Extra negrita
	Extra Light	Extra ligera
	Extrude	Extrusión
	Faded Film	Película descolorida
	Fast	Rápido
	Fiber Length	Longitud de fibra
	Fibers	Fibras
	Field Blur	Desenfoque de campo
	File Info	Información de archivo
	File Naming	Nomenclatura de archivos
	Fill Light	Luz de relleno
	Film Grain	Grano de película
	Filter Gallery	Galería de filtros
	Find and Replace Text	Buscar y reemplazar texto
	Fine	Fino
	Fine Dots	Puntos finos
	First Color Readout	Primera lectura de color
	First Line Indent	Sangría de primera línea
	Fit Image	Ajustar imagen
	Flame	Llama
	Flame Bottom Alignment	Alineación inferior de llama
	Flame Lines	Líneas de llama
	Flame Shape	Forma de llama
	Flame Style	Estilo de llama
	Flame Type	Tipo de llama
	Flash	Flash
	Flat	Plano
	Flat Shading	Sombreado plano
	Flatten Frames Into Clips	Acoplar fotogramas en clips
	Flatten Frames Into Layers	Acoplar fotogramas en capas
	Flower Color	Color de la flor
	Focal Distance	Distancia focal
	Focal Length35mm	Distancia focal 35mm
	Focus	Enfoque
	Focus Area	Área de enfoque
	Foreground Level	Nivel de primer plano
	Frame	Fotograma
	Frame Duration	Duración del fotograma
	Frame Sync	Sincronización de fotogramas
	Fresco	Fresco
	From Left	Desde la izquierda
	From Right	Desde la derecha
	Frosted	Escarchado
	Fuzziness	Tolerancia
	GPS	GPS
	Gamma	Gamma
	Gaussian	Gaussiano
	Gaussian Blur	Desenfoque gaussiano
	General Blend	Fusión general
	General Brushes	Pinceles generales
	Generators	Generadores
	Generic	Genérico
	Glass	Vidrio
	Global Light	Luz global
	Gloss	Brillo
	Glow Amount	Cantidad de resplandor
	Glow Brightness	Brillo del resplandor
	Glow Size	Tamaño del resplandor
	Glowing Edges	Bordes resplandecientes
	Glyph	Glifo
	Glyph Scaling	Escalado de glifos
	Go to Layer	Ir a la capa
	Grade Balance	Balance de gradación
	Grade Blending	Fusión de gradación
	Grade Global	Gradación global
	Grade Highlights	Altas luces de gradación
	Grade Midtones	Tonos medios de gradación
	Grade Shadows	Sombras de gradación
	Grain Amount	Cantidad de grano
	Grain Roughness	Rugosidad del grano
	Grain Size	Tamaño del grano
	Grain Type	Tipo de grano
	Graininess	Granulosidad
	Grainy Dots	Puntos granulados
	Graphic and web	Gráficos y web
	Gray Value (Maximum)	Valor de gris (máximo)
	Gray Value (Mean)	Valor de gris (media)
	Gray Value (Median)	Valor de gris (mediana)
	Gray Value (Minimum)	Valor de gris (mínimo)
	Gray:	Gris:
	Grayscale Slider	Deslizador de escala de grises
	Grid  (⌘')	Cuadrícula  (⌘')
	Group from Layers	Agrupar capas
	Group · {n} layer	Grupo · {n} capa
	Grout Width	Anchura de lechada
	HDR Toning	Tono HDR
	HDTV (Rec. 709)	HDTV (Rec. 709)
	HSB Color	Color HSB
	HSL/Grayscale	HSL/Escala de grises
	Hand	Mano
	Hanging Punctuation	Puntuación colgante
	Heal	Corregir
	Heal Auto	Corrección automática
	Heal Color	Color de corrección
	Heal Off	Corrección desactivada
	Heal On	Corrección activada
	Healing	Corrección
	Hearts	Corazones
	Heptagon	Heptágono
	Hexagon	Hexágono
	Hide	Ocultar
	Hide the layer's effects  (⌥-click: all layers)	Ocultar los efectos de la capa  (⌥-clic: todas las capas)
	High	Alto
	High Pass	Paso alto
	Highlight	Resaltado
	Highlight Amount	Cantidad de resaltado
	Highlight Area	Área de resaltado
	Highlight Radius	Radio de resaltado
	Highlight Strength	Intensidad de resaltado
	Highlight Tone	Tono de resaltado
	Horizontal Only	Solo horizontal
	Hotspot	Punto caliente
	Hsb	HSB
	Hsl	HSL
	Hsl Hue	Tono HSL
	Hsl Lum	Luminosidad HSL
	Hsl Sat	Saturación HSL
	Humidity	Humedad
	ISO	ISO
	ISO Speed	Velocidad ISO
	Image Balance	Balance de imagen
	Image Processor	Procesador de imágenes
	Import Brushes	Importar pinceles
	Import…	Importar…
	In	Entrada
	In Black	Negro de entrada
	In White	Blanco de entrada
	Include ICC Profile	Incluir perfil ICC
	Industry Standard	Estándar industrial
	Infinite	Infinito
	Info Options…	Opciones de información…
	Initial Direction of Stroke	Dirección inicial de trazo
	Ink Outlines	Contornos entintados
	Input Mode	Modo de entrada
	Install Plug-in	Instalar plug-in
	Integrated Density	Densidad integrada
	Intensity	Intensidad
	Interpolation	Interpolación
	Interpret Footage	Interpretar material de archivo
	Intersect with	Intersectar con
	Intersect with selection  (⇧⌥)	Intersectar con selección  (⇧⌥)
	Interval	Intervalo
	Iris Blur	Desenfoque de iris
	Ivy	Hiedra
	Jag	Jag
	Join the ArtCraft Discord	Únete al Discord de ArtCraft
	Justify	Justificar
	Keep proportions	Mantener proporciones
	Keep view in sync	Mantener la vista sincronizada
	Keeps the current texture when switching presets.	Mantiene la textura actual al cambiar de ajustes preestablecidos.
	Kernel	Núcleo
	Keywords	Palabras clave
	Label	Etiqueta
	Last Modified	Última modificación
	Layer Comps to Files	Composiciones de capas a archivos
	Layer Content Options	Opciones de contenido de capa
	Layer From Background	Capa a partir de fondo
	Layer from Background	Capa a partir de fondo
	Layers to Files	Capas a archivos
	Leaf Color	Color de la hoja
	Leaves Amount	Cantidad de hojas
	Leaves Color	Color de las hojas
	Leaves Size	Tamaño de las hojas
	Left Diagonal	Diagonal izquierda
	Legacy	Legado
	Length	Longitud
	Lens	Lente
	Lens Blur	Desenfoque de lente
	Lens Correction	Corrección de lente
	Lens Corrections	Correcciones de lente
	Lens Flare	Destello de lente
	Lens Info	Información de la lente
	Letter Spacing	Espaciado entre letras
	Level Based	Basado en niveles
	Libraries	Bibliotecas
	Ligature	Ligadura
	Light Dark Balance	Equilibrio claro-oscuro
	Light Direction	Dirección de la luz
	Light Intensity	Intensidad de la luz
	Light Rough	Rugosidad de luz
	Light Source	Fuente de luz
	Light Type	Tipo de luz
	Light X	Luz X
	Light Y	Luz Y
	Light Z	Luz Z
	Lighten Grout	Aclarar lechada
	Lighten Only	Solo aclarar
	Lighting	Iluminación
	Lighting Effects	Efectos de iluminación
	Limit Playback	Limitar reproducción
	Liquify	Licuar
	List	Lista
	Load 3D LUT	Cargar LUT 3D
	Load Files into Stack	Cargar archivos en pila
	Localize Color Clusters	Localizar grupos de colores
	Location	Ubicación
	Lock Layers	Bloquear capas
	Log Errors To File	Registrar errores en archivo
	Long Lines	Líneas largas
	Long Strokes	Trazos largos
	Loop	Bucle
	Low	Bajo
	Lower	Inferior
	Lum	Lum
	Luminance Smoothness	Suavizado de luminancia
	Lut	LUT
	Mac Crisp	Mac nítido
	Mac LCD	Mac LCD
	Mac OS	Mac OS
	Mac Sharp	Mac definido
	Mac Smooth	Mac suave
	Mac Strong	Mac fuerte
	Magnetic Lasso	Lazo magnético
	Map Document	Asignar documento
	Map Layer	Asignar capa
	Map Path	Asignar trazado
	Margin	Margen
	Mask Incomplete Blocks	Enmascarar bloques incompletos
	Masked Areas	Áreas enmascaradas
	Match Color	Igualar color
	Max Offset	Desplazamiento máximo
	Max Radius	Radio máximo
	Measure	Medir
	Medium Dots	Puntos medianos
	Medium Lines	Líneas medianas
	Medium Strokes	Trazos medianos
	Merge to HDR Pro	Combinar para HDR Pro
	Metallic	Metálico
	Metering Mode	Modo de medición
	Mezzotint	Media tinta
	Midtone	Medios tonos
	Minimalistic	Minimalista
	Missing Profiles: Ask When Opening	Perfiles faltantes: preguntar al abrir
	Modify Date	Fecha de modificación
	Mono Contrast	Contraste mono
	Monochromatic	Monocromático
	Mosaic	Mosaico
	Mosaic Tiles	Teselas de mosaico
	Motion Blur	Desenfoque de movimiento
	Mouse Controls	Controles del ratón
	Mouse Coordinates	Coordenadas del ratón
	Movie Prime	Movie Prime
	Multiple Flames Along Path	Múltiples llamas a lo largo del trazado
	Multiple Flames One Direction	Múltiples llamas en una dirección
	Multiple Flames Path Directions	Múltiples llamas según dirección del trazado
	Multiple Flames Various Length	Múltiples llamas de longitud variable
	NTSC (1953)	NTSC (1953)
	Neon Glow	Resplandor de neón
	Neutralize	Neutralizar
	New Brush	Nuevo pincel
	New Guide	Nueva guía
	New Guide Layout	Nueva disposición de guías
	New Layer	Nueva capa
	New Layer from Brush	Nueva capa a partir de pincel
	New Layer…	Nueva capa…
	New Path	Nuevo trazado
	New Selection	Nueva selección
	New Snapshot	Nueva instantánea
	New Tool Preset	Nuevo ajuste preestablecido de herramienta
	New Video Group	Nuevo grupo de vídeo
	New Video Layer	Nueva capa de vídeo
	New Video Layer from File	Nueva capa de vídeo desde archivo
	New channel only	Solo canal nuevo
	New document	Nuevo documento
	New document…     ⌘N	Nuevo documento…     ⌘N
	Newspaper	Periódico
	No Layer Comps	Sin composiciones de capas
	Noise Color	Ruido de color
	Noise Color Detail	Detalle de ruido de color
	Noise Luminance	Ruido de luminancia
	Noise Luminance Detail	Detalle de ruido de luminancia
	Nonlinear History	Historial no lineal
	Note tool	Herramienta Nota
	Number Of Levels	Número de niveles
	Object Name / Title	Nombre / Título del objeto
	Ocean Ripple	Onda oceánica
	Octagon	Octágono
	Odd Fields	Campos impares
	Oil Paint	Pintura al óleo
	One Flame Along Path	Una llama a lo largo del trazado
	Opacity Mask	Máscara de opacidad
	Open As	Abrir como
	Opening	Apertura
	Open…     ⌘O	Abrir…     ⌘O
	Operation	Operación
	Out	Fuera
	Out Black	Negro de salida
	Out From Center	Desde el centro
	Out White	Blanco de salida
	Oval	Óvalo
	Overlay Edge	Borde superpuesto
	Override Action "Save" Commands	Anular comandos "Guardar" de acción
	PAL/SECAM	PAL/SECAM
	PDF Presentation…	Presentación PDF…
	Package	Paquete
	Paint Daubs	Pinceladas
	Palette Knife	Espátula
	Panel Options…	Opciones de panel…
	Paper Brightness	Brillo del papel
	Parallel	Paralelo
	Patch	Parche
	Patchwork	Mosaico
	Path Blur	Desenfoque de trazado
	Path to Illustrator…	Trazado a Illustrator…
	Path:	Trazado:
	Paths to Illustrator	Trazados a Illustrator
	Pattern Stamp	Tampón de motivo
	Pattern Type	Tipo de motivo
	Pen	Pluma
	Pencil Width	Grosor del lápiz
	Pentagon	Pentágono
	Perimeter	Perímetro
	Perspective Crop	Recorte de perspectiva
	Phone	Teléfono
	Photo (2 × 3 in)	Foto (2 × 3 pulg.)
	Photo (4 × 6 in)	Foto (4 × 6 pulg.)
	Photo (5 × 7 in)	Foto (5 × 7 pulg.)
	Photo (8 × 10 in)	Foto (8 × 10 pulg.)
	Photomerge	Photomerge
	Picture Frame	Marco de imagen
	Picture Package…	Paquete de imágenes…
	Pinch	Pinchar
	Pins	Alfileres
	Place Embedded	Insertar incrustado
	Place Linked	Insertar vinculado
	Place Scale Marker	Colocar marcador de escala
	Plane	Plano
	Planes	Planos
	Plastic Wrap	Glaseado
	Play Once	Reproducir una vez
	Point	Punto
	Point Curve	Curva de puntos
	Point Curve Blue	Curva de puntos azul
	Point Curve Green	Curva de puntos verde
	Point Curve Red	Curva de puntos rojo
	Pointed	Puntiagudo
	Pointillize	Puntillista
	Polar Coordinates	Coordenadas polares
	Polar To Rectangular	Polar a rectangular
	Pond Ripples	Ondas de estanque
	Poster Edges	Bordes de póster
	Posterization	Posterización
	Preserve	Conservar
	Preset Manager	Gestor de ajustes preestablecidos
	Preset Name:	Nombre del ajuste preestablecido:
	Press keys	Pulse las teclas
	Prime105	Prime105
	Prime35	Prime35
	ProPhoto	ProPhoto
	ProPhoto RGB	ProPhoto RGB
	Profile	Perfil
	Profile Mismatches: Ask When Opening	Perfiles no coincidentes: Preguntar al abrir
	Province / State	Provincia / Estado
	Public Domain	Dominio público
	Pyramids	Pirámides
	Quick Sync	Quick Sync
	RGB	RGB
	RGB:	RGB:
	Radial Blur	Desenfoque radial
	Radius X	Radio X
	Radius Y	Radio Y
	Random	Aleatorio
	Randomize Length	Longitud aleatoria
	Randomize Shapes	Formas aleatorias
	Raw Data	Datos sin procesar
	Raw Defaults	Valores predeterminados de raw
	Reading	Lectura
	Recent Items	Elementos recientes
	Recovery	Recuperación
	Rectangular To Polar	Rectangular a polar
	Red Cyan	Rojo cian
	Red Eye	Ojos rojos
	Reduce Color Noise	Reducir ruido de color
	Reduce Noise	Reducir ruido
	Reference point location	Ubicación del punto de referencia
	Relief	Relieve
	Relink to File	Volver a vincular al archivo
	Remove Jpeg Artifact	Eliminar artefacto JPEG
	Rename Brush	Cambiar nombre del pincel
	Rename Group	Cambiar nombre del grupo
	Rename Tool Preset	Cambiar nombre del ajuste preestablecido de herramienta
	Render Video	Renderizar vídeo
	Repeat	Repetir
	Replace Color	Reemplazar color
	Replace Contents	Reemplazar contenido
	Replace Footage	Reemplazar metraje
	Report an Issue	Informar de un problema
	Reset	Restablecer
	Resolve Missing Fonts	Resolver fuentes faltantes
	Restore last viewed comp	Restaurar última composición vista
	Result	Resultado
	Rgb	Rgb
	Ridges	Crestas
	Right Diagonal	Diagonal derecha
	Ring	Anillo
	Ripple	Rizo
	Ripple Magnitude	Magnitud de rizo
	Ripple Size	Tamaño de rizo
	Roman Hanging Punctuation	Puntuación colgante romana
	Rope	Cuerda
	Roses	Rosas
	Rotate Auto	Rotación automática
	Rotate Fixed	Rotación fija
	Rotate View	Girar vista
	Rough Pastels	Pastel aproximado
	Row Order	Orden de filas
	Ruler Units	Unidades de regla
	Rulers  (⌘R)	Reglas  (⌘R)
	SMPTE C	SMPTE C
	Sampler	Muestra
	Sandstone	Arenisca
	Sat	Sat
	Save As	Guardar como
	Save Preset…	Guardar ajuste preestablecido…
	Save a Copy	Guardar una copia
	Save for Web (Legacy)	Guardar para Web (heredado)
	Saved Multichannel	Multicanal guardado
	Scale Effects	Escalar efectos
	Scale Factor	Factor de escala
	Scale Horizontally	Escalar horizontalmente
	Scale Units	Unidades de escala
	Scale Vertically	Escalar verticalmente
	Scaling	Escalado
	Scallops	Vieiras
	Script Events Manager	Gestor de eventos de script
	Search commands (⌘K)	Buscar comandos (⌘K)
	Search commands, tools and panels	Buscar comandos, herramientas y paneles
	Second Color Readout	Segunda lectura de color
	Select All Layers	Seleccionar todas las capas
	Select Folder…	Seleccionar carpeta…
	Select Plane	Seleccionar plano
	Select Similar Colors	Seleccionar colores similares
	Select and Mask	Seleccionar y aplicar máscara
	Selected Areas	Áreas seleccionadas
	Semi Bold	Seminegrita
	Sepia	Sepia
	Set Measurement Scale	Establecer escala de medición
	Set New Snapshot as Default	Establecer nueva instantánea como predeterminada
	Set Start Timecode…	Establecer código de tiempo inicial…
	Settings	Ajustes
	Settings:	Ajustes:
	Shadow	Sombra
	Shadow Amount	Cantidad de sombra
	Shadow Intensity	Intensidad de sombra
	Shadow Radius	Radio de sombra
	Shadow Tone	Tono de sombra
	Shadows/Highlights	Sombras/iluminaciones
	Shape Blur	Desenfoque de forma
	Sharpen Amount	Cantidad de enfoque
	Sharpen Detail	Detalle de enfoque
	Sharpen Details	Detalles de enfoque
	Sharpen Masking	Enmascarar enfoque
	Sharpen Radius	Radio de enfoque
	Sharpness	Nitidez
	Shear	Sesgar
	Shine	Brillo
	Short Lines	Líneas cortas
	Short Strokes	Trazos cortos
	Show Guides  (⌘;)	Mostrar guías  (⌘;)
	Show New Snapshot Dialog by Default	Mostrar el cuadro de diálogo Nueva instantánea de forma predeterminada
	Show the layer's effects  (⌥-click: all layers)	Mostrar los efectos de la capa  (⌥-clic: todas las capas)
	Shutter Speed	Velocidad de obturación
	Simple	Simple
	Sine	Seno
	Single Word Justification	Justificación de una sola palabra
	Sketch	Boceto
	Slice Options	Opciones de sector
	Smart Blur	Desenfoque inteligente
	Smart Sharpen	Enfoque inteligente
	Smoothness	Suavidad
	Smudge Stick	Dedo manchado
	Snapshot 1	Instantánea 1
	Snapshots	Instantáneas
	Snowflakes	Copos de nieve
	Softness	Suavidad
	Solid Front Faces	Caras frontales sólidas
	Source Layer	Capa de origen
	Spacing:	Espaciado:
	Sparkle	Destello
	Spatter	Salpicaduras
	Speckle	Motas
	Speed	Velocidad
	Spherize	Esferizar
	Spin	Girar
	Spin Blur	Desenfoque de giro
	Split Toning	Tono dividido
	Split at Playhead	Dividir en la cabeza de reproducción
	Sponge	Esponja
	Spot	Punto
	Spot Channel	Canal de tinta plana
	Spot Healing	Corrector puntual
	Spot:	Punto:
	Spray Radius	Radio de pulverización
	Sprayed Strokes	Trazos pulverizados
	Sprinkles	Confeti
	Square Size	Tamaño del cuadrado
	Squareness	Cuadratura
	Stagger	Escalonar
	Stained Glass	Vidriera
	Star	Estrella
	Stars	Estrellas
	Start X	Inicio X
	Start Y	Inicio Y
	Statistics	Estadísticas
	Status Information	Información de estado
	Step Backward	Paso atrás
	Step Forward	Paso adelante
	Stippled	Punteado
	Stop For Errors	Detener en caso de errores
	Stops	Pasos
	Stretch	Estirar
	Stroke Detail	Detalle de trazo
	Stroke Direction	Dirección de trazo
	Stroke Length	Longitud de trazo
	Stroke Pressure	Presión de trazo
	Stroke Size	Tamaño de trazo
	Stroke Width	Grosor de trazo
	Strokes	Trazos
	Stylization	Estilización
	Subject Distance	Distancia al sujeto
	Subscript	Subíndice
	Subtract from	Restar de
	Subtract from selection  (⌥)	Restar de la selección  (⌥)
	Sumi-e	Sumi-e
	Superscript	Superíndice
	Supplemental Categories	Categorías complementarias
	Surface Blur	Desenfoque de superficie
	Taper	Estrechamiento
	Target X	Destino X
	Target Y	Destino Y
	Teal Orange	Verde azulado y naranja
	Technology Previews	Preestrenos de tecnología
	Technology Previews…	Previsualizaciones de tecnología…
	Texture Coverage	Cobertura de textura
	Texturizer	Texturizador
	Thickness	Grosor
	Tile Size	Tamaño de mosaico
	Tiles	Mosaicos
	Tilt	Inclinación
	Tilt-Shift	Tilt-Shift
	Time	Tiempo
	Timecode	Código de tiempo
	Timing	Sincronización
	Tint Color	Color de tinte
	Tiny Lens	Lente minúscula
	To Center	Al centro
	Toggle reference point	Alternar punto de referencia
	Tone Curve	Curva de tonos
	Tool	Herramienta
	Toolbars	Barras de herramientas
	Top Left	Superior izquierda
	Top Right	Superior derecha
	Total Ink	Tinta total
	Trace Contour	Contorno de trazo
	Transition	Transición
	Transmission Reference	Referencia de transmisión
	Trap	Trampa
	Tree	Árbol
	Trim	Recortar
	Turbulent	Turbulento
	Twirl	Remolino
	URLs	URLs
	Ultra Bold	Ultra negrita
	Ultra Light	Ultra ligera
	Unaltered	Sin alterar
	Uncoated CMYK	CMYK sin estucar
	Undefined Areas	Áreas sin definir
	Underpainting	Subpintura
	Underwater	Subacuático
	Uniform	Uniforme
	Units	Unidades
	Unix	Unix
	Unknown	Desconocido
	Unsharp Mask	Máscara de enfoque
	Upper	Superior
	Urgency	Urgencia
	Use Custom Color	Usar color personalizado
	Use Selection In Source	Usar selección en origen
	Use Selection In Target	Usar selección en destino
	Uses the foreground and background colors.	Utiliza los colores frontal y de fondo.
	Vanishing Point	Punto de fuga
	Variable Data Sets	Conjuntos de datos variables
	Vertical Only	Solo vertical
	Vertical Type Tool	Herramienta Texto vertical
	Video Frames to Layers	Fotogramas de vídeo a capas
	View menu	Menú Ver
	Vignette Amount	Cantidad de viñeta
	Vignette Feather	Suavizado de viñeta
	Vignette Highlights	Altas luces de viñeta
	Vignette Midpoint	Punto medio de viñeta
	Vignette Roundness	Redondez de viñeta
	Vignette Style	Estilo de viñeta
	Vine Color	Color de vid
	Vine With Flowers	Vid con flores
	Vine With Leaves	Vid con hojas
	Violent	Violento
	Violet	Violeta
	WIA Support	Compatibilidad con WIA
	Wand	Varita
	Warm	Cálido
	Warming L B A	Calentamiento L B A
	Warming81	Calentamiento 81
	Warming85	Calentamiento 85
	Warmth	Calidez
	Warp Text	Deformar texto
	Watercolor	Acuarela
	Watercolour look: lighter interior, darker rims.	Aspecto de acuarela: interior más claro, bordes más oscuros.
	Wavelength Max	Longitud de onda máxima
	Wavelength Min	Longitud de onda mínima
	Waves	Ondas
	Web Color	Color web
	Web Photo Gallery…	Galería de fotos web…
	White Clip	Recorte de blancos
	White Intensity	Intensidad de blanco
	White Is High	Blanco es alto
	Wide Blurry	Desenfoque amplio
	Wide Gamut RGB	RGB de gama amplia
	Wide Sharp	Nitidez amplia
	Width and Height	Anchura y altura
	Wind	Viento
	Word Spacing	Espaciado entre palabras
	Working	De trabajo
	Working Gray Plate	Plancha gris de trabajo
	Working Space	Espacio de trabajo
	Working Spaces	Espacios de trabajo
	Wrap	Ajustar
	X	X
	Y	Y
	ZigZag	Zigzag
	Zigzag	Zigzag
	sRGB	sRGB
	sRGB IEC61966-2.1	sRGB IEC61966-2.1
	{zoom}%	{zoom}%
	↑↓ navigate   ↵ run   esc close	↑↓ navegar   ↵ ejecutar   esc cerrar
