# Traditional Chinese (zh-hant) catalog. Columns, separated by a TAB:  context <TAB> source <TAB> translation
#
#   context  empty                a plain UI string; `source` is the English text in the code
#            @id                  a command id (e.g. file.saveAs): wins over the English text for
#                                 that menu item, so one id can read differently from its twin
#            @plural              `source` is "one|other" (English forms); Chinese has one form, so
#                                 the translation is a single string (see `plural` in i18n/mod.rs)
#            anything else        a disambiguating context passed to `tr_ctx`
#   escapes  \n  \t  \\  inside a column. `{name}` placeholders must appear in both columns.
#   lines starting with # and blank lines are ignored.
#
# Source strings: the same set as ja.tsv (main at a96a621); keep the two files in step.
#
# Clean-room: every entry was written from the plain meaning of the English label using the
# image-editing vocabulary in everyday use in Taiwan (圖層, 遮色片, 選取範圍, 濾鏡, 色階 ...). No
# proprietary localisation resource, string table or product UI was consulted or copied; add
# entries the same way. Product and technology names (Local Image, ArtCraft, OpenType, CMYK, Lab ...)
# and paper sizes (Legal, Tabloid) stay in Latin letters; the trailing "…" of dialog commands is
# kept. Full-width punctuation (，。：) inside sentences; half-width parentheses and the " · "
# separators as in the English.

	File	檔案
	Edit	編輯
	Image	影像
	Layer	圖層
	Type	文字
	Select	選取
	Filter	濾鏡
	View	檢視
	Window	視窗
	Help	說明
	(coming soon)	(即將推出)
	New…	新增…
	New from Clipboard	從剪貼簿新增
	Open…	開啟…
	Open As…	開啟為…
	Open Recent	最近開啟的檔案
	Clear Recent Files	清除最近檔案
	Close	關閉
	Minimize	最小化
	Maximize	最大化
	Restore	向下還原
	Close All	全部關閉
	Close Others	關閉其他
	Save	儲存
	Save As…	另存新檔…
	Save a Copy…	儲存拷貝…
	Revert	回復
	Export	匯出
	Quick Export as PNG	快速匯出為 PNG
	Export As…	匯出為…
	Export Preferences…	匯出偏好設定…
	Save for Web (Legacy)…	儲存為網頁用 (舊版)…
	Artboards to Files…	工作區域轉存成檔案…
	Artboards to PDF…	工作區域轉存成 PDF…
	Layers to Files…	圖層轉存成檔案…
	Layer Comps to Files…	圖層構圖轉存成檔案…
	Color Lookup Tables…	色彩查詢表…
	Data Sets as Files…	資料集轉存成檔案…
	Paths to Illustrator…	路徑轉存成 Illustrator…
	Render Video…	轉譯視訊…
	Generate	產生
	Image Assets	影像資產
	Place Embedded…	置入嵌入的物件…
	Place Linked…	置入連結的物件…
	Package…	封裝…
	Automate	自動
	Batch…	批次…
	Create Droplet…	建立快捷批次處理…
	Crop and Straighten Photos	裁切並拉直相片
	Contact Sheet II…	縮圖目錄 II…
	Conditional Mode Change…	條件式模式變更…
	Fit Image…	符合影像…
	Lens Correction…	鏡頭校正…
	Merge to HDR Pro…	合併為 HDR Pro…
	Photomerge…	Photomerge…
	Scripts	指令碼
	Image Processor…	影像處理器…
	Delete All Empty Layers	刪除所有空白圖層
	Flatten All Layer Effects	平面化所有圖層效果
	Flatten All Masks	平面化所有遮色片
	Script Events Manager…	指令碼事件管理員…
	Import	匯入
	Browse…	瀏覽…
	Reveal in Finder	在 Finder 中顯示
	File Info…	檔案資訊…
	Print…	列印…
	Print One Copy	列印一份拷貝
	Exit	結束
	Undo	復原
	Redo	重做
	Toggle Last State	切換最後狀態
	Fade…	淡化…
	Cut	剪下
	Copy	複製
	Copy Merged	合併拷貝
	Paste	貼上
	Paste Special	特殊貼上
	Paste in Place	原地貼上
	Paste Into	貼入
	Paste Outside	貼到外部
	Paste Lorem Ipsum	貼上 Lorem Ipsum
	Clear	清除
	Search…	搜尋…
	Check Spelling…	拼字檢查…
	Find and Replace Text…	尋找並取代文字…
	Fill…	填滿…
	Stroke…	筆畫…
	Content-Aware Fill…	內容感知填滿…
	Content-Aware Scale	內容感知縮放
	Puppet Warp	操控彎曲
	Perspective Warp	透視彎曲
	Free Transform	任意變形
	Free Transform a Copy	任意變形拷貝
	Transform	變形
	Again	再次
	Transform Again on a Copy	複製並再次變形
	Scale	縮放
	Rotate	旋轉
	Skew	傾斜
	Distort	扭曲
	Perspective	透視
	Warp	彎曲
	Flip Horizontal	水平翻轉
	Flip Vertical	垂直翻轉
	Rotate 180°	旋轉 180°
	Rotate 90° Clockwise	順時針旋轉 90°
	Rotate 90° Counter Clockwise	逆時針旋轉 90°
	180°	180°
	90° Clockwise	順時針 90°
	90° Counter Clockwise	逆時針 90°
	Arbitrary…	任意角度…
	Auto-Align Layers…	自動對齊圖層…
	Auto-Blend Layers…	自動混合圖層…
	Define Brush Preset…	定義筆刷預設集…
	Define Pattern…	定義圖樣…
	Define Custom Shape…	定義自訂形狀…
	Purge	清理
	Clipboard	剪貼簿
	Histories	步驟記錄
	Video Cache	視訊快取
	All	全部
	Presets	預設集
	Preset Manager…	預設集管理員…
	Migrate Presets	移轉預設集
	Export/Import Presets…	匯出/匯入預設集…
	Color Settings…	色彩設定…
	Assign Profile…	指定描述檔…
	Convert to Profile…	轉換為描述檔…
	Keyboard Shortcuts…	鍵盤快速鍵…
	Menus…	選單…
	Toolbar…	工具列…
	Preferences	偏好設定
	General…	一般…
	Interface…	介面…
	Workspace…	工作區…
	Tools…	工具…
	History Log…	步驟記錄…
	File Handling…	檔案處理…
	Export…	匯出…
	Performance…	效能…
	Scratch Disks…	暫存磁碟…
	Cursors…	游標…
	Transparency & Gamut…	透明和色域…
	Units & Rulers…	單位和尺標…
	Guides, Grid & Slices…	參考線、格點和切片…
	Plug-ins…	增效模組…
	Type…	文字…
	Enhanced Controls…	增強控制項…
	Camera Raw…	Camera Raw…
	Raw Defaults…	Raw 預設值…
	Integrations…	整合…
	AI Integrations…	AI 整合…
	Install Plug-in…	安裝增效模組…
	Language Options	語言選項
	Settings…	設定…
	Mode	模式
	Bitmap	點陣圖
	Grayscale	灰階
	Duotone	雙色調
	Indexed Color	索引色
	RGB Color	RGB 色彩
	CMYK Color	CMYK 色彩
	Lab Color	Lab 色彩
	Multichannel	多重色版
	8 Bits/Channel	8 位元/色版
	8 bit	8 位元
	Integer	整數
	16 Bits/Channel	16 位元/色版
	16 bit	16 位元
	32 Bits/Channel	32 位元/色版
	32 bit (float)	32 位元（浮點）
	Floating point	浮點數
	Color Table…	色彩表…
	Bitmap…	點陣圖…
	Duotone…	雙色調…
	Indexed Color…	索引色…
	Adjustments	調整
	Brightness/Contrast…	亮度/對比…
	Levels…	色階…
	Curves…	曲線…
	Exposure…	曝光度…
	Vibrance…	自然飽和度…
	Hue/Saturation…	色相/飽和度…
	Color Balance…	色彩平衡…
	Black & White…	黑白…
	Photo Filter…	相片濾鏡…
	Channel Mixer…	色版混合器…
	Color Lookup…	顏色查詢…
	Invert	負片效果
	Posterize…	色調分離…
	Threshold…	臨界值…
	Gradient Map…	漸層對應…
	Selective Color…	選取顏色…
	Shadows/Highlights…	陰影/亮部…
	HDR Toning…	HDR 色調…
	Desaturate	去除飽和度
	Match Color…	符合顏色…
	Replace Color…	取代顏色…
	Equalize	均勻分佈
	Auto Tone	自動色調
	Auto Contrast	自動對比
	Auto Color	自動色彩
	Image Size…	影像尺寸…
	Canvas Size…	版面尺寸…
	Image Rotation	影像旋轉
	Flip Canvas Horizontal	水平翻轉版面
	Flip Canvas Vertical	垂直翻轉版面
	Crop	裁切
	Trim…	修剪…
	Reveal All	顯現全部
	Duplicate…	複製…
	Apply Image…	套用影像…
	Calculations…	運算…
	Variables	變數
	Define…	定義…
	Data Sets…	資料集…
	Apply Data Set…	套用資料集…
	Variable Data Sets…	變數資料集…
	Trap…	補漏白…
	Analysis	分析
	Set Measurement Scale…	設定測量比例…
	Select Data Points…	選取資料點…
	Record Measurements	記錄測量
	Ruler Tool	尺標工具
	Count Tool	計數工具
	Place Scale Marker…	置入比例標記…
	Custom…	自訂…
	New	最新
	Layer…	圖層…
	Group…	群組…
	Group from Layers…	從圖層建立群組…
	Artboard…	工作區域…
	Artboard from Group…	從群組建立工作區域…
	Artboard from Layers…	從圖層建立工作區域…
	Layer via Copy	拷貝的圖層
	Layer via Cut	剪下的圖層
	Layer From Background…	從背景建立圖層…
	Layer from Background…	從背景建立圖層…
	New Shape Layer	新增形狀圖層
	New Type Layer	新增文字圖層
	New Fill Layer	新增填滿圖層
	New Adjustment Layer	新增調整圖層
	New Layer Based Slice	新增圖層式切片
	New Smart Object via Copy	以拷貝新增智慧型物件
	New Blank Video Layer	新增空白視訊圖層
	New Video Layer from File…	從檔案新增視訊圖層…
	Duplicate Layer…	複製圖層…
	Delete Layer	刪除圖層
	Delete	刪除
	Rename Layer	重新命名圖層
	Create Layer	建立圖層
	Layer Style	圖層樣式
	Blending Options…	混合選項…
	Bevel & Emboss…	斜角和浮雕…
	Use Global Light	使用整體光源
	Inner Shadow…	內陰影…
	Inner Glow…	內光暈…
	Satin…	緞面…
	Color Overlay…	顏色覆蓋…
	Gradient Overlay…	漸層覆蓋…
	Pattern Overlay…	圖樣覆蓋…
	Outer Glow…	外光暈…
	Drop Shadow…	陰影…
	Copy Layer Style	拷貝圖層樣式
	Paste Layer Style	貼上圖層樣式
	Clear Layer Style	清除圖層樣式
	Global Light…	整體光源…
	Hide All Effects	隱藏所有效果
	Scale Effects…	縮放效果…
	Smart Filter	智慧型濾鏡
	Convert for Smart Filters	轉換成智慧型濾鏡
	Clear Smart Filters	清除智慧型濾鏡
	Disable Smart Filters	停用智慧型濾鏡
	Delete Filter Mask	刪除濾鏡遮色片
	Disable Filter Mask	停用濾鏡遮色片
	Solid Color…	純色…
	Gradient…	漸層…
	Pattern…	圖樣…
	Layer Mask	圖層遮色片
	Vector Mask	向量遮色片
	Reveal Selection	顯現選取範圍
	Hide Selection	隱藏選取範圍
	Hide All	全部隱藏
	From Transparency	從透明度
	Delete Vector Mask	刪除向量遮色片
	Enable Layer Mask	啟用圖層遮色片
	Disable Layer Mask	停用圖層遮色片
	Enable Vector Mask	啟用向量遮色片
	Link Layer Mask	連結圖層遮色片
	Unlink Layer Mask	取消連結圖層遮色片
	Link Vector Mask	連結向量遮色片
	Add Vector Mask	增加向量遮色片
	Vector Mask from Current Path	從目前路徑建立向量遮色片
	Create Clipping Mask	建立剪裁遮色片
	Release Clipping Mask	釋放剪裁遮色片
	Smart Objects	智慧型物件
	Smart Object	智慧型物件
	Convert to Smart Object	轉換為智慧型物件
	Convert to Embedded	轉換為嵌入式
	Convert to Layers	轉換為圖層
	Convert to Linked…	轉換為連結…
	Edit Contents	編輯內容
	Replace Contents…	取代內容…
	Relink to File…	重新連結至檔案…
	Export Contents…	匯出內容…
	Update Modified Content	更新修改過的內容
	Update All Modified Content	更新所有修改過的內容
	Stack Mode	堆疊模式
	Entropy	熵
	Kurtosis	峰度
	Maximum	最大
	Mean	平均值
	Median	中位數
	Minimum	最小
	Range	範圍
	Skewness	偏度
	Standard Deviation	標準差
	Summation	總和
	Variance	變異數
	Video Layers	視訊圖層
	Interpret Footage…	解譯素材…
	Replace Footage…	取代素材…
	Reload Frame	重新載入影格
	Show Altered Video	顯示已修改的視訊
	Restore Frame	還原影格
	Restore All Frames	還原所有影格
	Insert Blank Frame	插入空白影格
	Delete Frame	刪除影格
	Duplicate Frame	複製影格
	Frame from Layers	從圖層建立影格
	Video Frames to Layers…	視訊影格轉圖層…
	Rasterize	點陣化
	Rasterize Type	點陣化文字
	Rasterize Type Layer	點陣化文字圖層
	Rasterize Shape	點陣化形狀
	New Guide Layout…	新增參考線版面配置…
	New Guides From Shape	從形狀新增參考線
	Lock Layers…	鎖定圖層…
	Link Layers	連結圖層
	Select Linked Layers	選取連結的圖層
	Merge Layers	合併圖層
	Merge Down	向下合併圖層
	Merge Visible	合併可見圖層
	Stamp Visible	蓋印可見圖層
	Select Layer Above	選取上方圖層
	Select Layer Below	選取下方圖層
	Select Top Layer	選取最上層圖層
	Select Bottom Layer	選取最下層圖層
	Add Layer Above to Selection	將上方圖層加入選取
	Add Layer Below to Selection	將下方圖層加入選取
	Stamp Down	向下蓋印
	Flatten Image	影像平面化
	Matting	修邊
	Color Decontaminate…	淨化顏色…
	Remove Black Matte	移除黑色邊緣
	Remove White Matte	移除白色邊緣
	Defringe…	去除邊緣綴邊…
	Group Layers	群組圖層
	Ungroup Layers	解散圖層群組
	Hide Layers	隱藏圖層
	Arrange	排列順序
	Bring to Front	移至最前
	Bring Forward	前移
	Send Backward	後移
	Send to Back	移至最後
	Reverse	反向
	Combine Shapes	合併形狀
	Unite Shapes	聯集形狀
	Subtract Front Shape	減去上層形狀
	Intersect Shape Areas	交集形狀區域
	Exclude Overlapping Shapes	排除重疊形狀
	Merge Shape Components	合併形狀元件
	Align	對齊
	Top Edges	頂端邊緣
	Vertical Centers	垂直置中
	Bottom Edges	底端邊緣
	Left Edges	左側邊緣
	Horizontal Centers	水平置中
	Right Edges	右側邊緣
	Distribute	均分
	Vertically	垂直
	Horizontally	水平
	Layer Edges	圖層邊緣
	Isolate Layers	隔離圖層
	Layer Content Options…	圖層內容選項…
	Fill Content	填滿內容
	Deselect Layers	取消選取圖層
	Find Layers	尋找圖層
	Layer Comps	圖層構圖
	Layers	圖層
	All Layers	所有圖層
	Hidden Layers	隱藏的圖層
	Mask All Objects	遮住所有物件
	Subject	主體
	Sky	天空
	Panels	面板
	Character Panel	字元面板
	Paragraph Panel	段落面板
	Character Styles Panel	字元樣式面板
	Paragraph Styles Panel	段落樣式面板
	Glyphs Panel	字符面板
	Anti-Alias	消除鋸齒
	Sharp	銳利
	Crisp	清晰
	Strong	強
	Smooth	平滑
	Windows LCD	Windows LCD
	Windows	Windows
	Orientation	方向
	Horizontal	水平
	Vertical	垂直
	OpenType	OpenType
	Standard Ligatures	標準連字
	Contextual Alternates	前後關聯替代字
	Discretionary Ligatures	任意連字
	Swash	花體字
	Oldstyle	舊式數字
	Stylistic Alternates	樣式替代字
	Titling Alternates	標題替代字
	Ornaments	裝飾字
	Ordinals	序數字
	Fractions	分數
	Create Work Path	建立工作路徑
	Convert to Shape	轉換為形狀
	Warp Text…	彎曲文字…
	Convert to Point Text	轉換為點狀文字
	Convert to Paragraph Text	轉換為段落文字
	Default Features	預設功能
	East Asian Features	東亞功能
	Middle Eastern Features	中東功能
	Middle Eastern & South Asian Composer	中東與南亞排版引擎
	Update All Text Layers	更新所有文字圖層
	Replace All Missing Fonts	取代所有遺失的字型
	Resolve Missing Fonts…	解決遺失字型…
	Font Preview Size	字型預覽大小
	None	無
	Small	小
	Medium	中
	Large	大
	Extra Large	特大
	Huge	超大
	Load Default Type Styles	載入預設文字樣式
	Save Default Type Styles	儲存預設文字樣式
	Deselect	取消選取
	Reselect	重新選取
	Inverse	反轉
	Inverse Selection	反轉選取範圍
	Similar	相近色
	Color Range…	顏色範圍…
	Focus Area…	焦點區域…
	Select and Mask…	選取並遮住…
	Modify	修改
	Border…	邊界…
	Smooth…	平滑…
	Expand…	擴張…
	Contract…	縮減…
	Feather…	羽化…
	Grow	增長
	Transform Selection	變形選取範圍
	Edit in Quick Mask Mode	在快速遮色片模式中編輯
	Load Selection…	載入選取範圍…
	Save Selection…	儲存選取範圍…
	Match All	全部符合
	Last Filter	上次濾鏡
	Filter Gallery…	濾鏡收藏館…
	Adaptive Wide Angle…	最適化廣角…
	Camera Raw Filter…	Camera Raw 濾鏡…
	Liquify…	液化…
	Vanishing Point…	消失點…
	Blur	模糊
	Blur Gallery	模糊收藏館
	Field Blur…	場景模糊…
	Iris Blur…	光圈模糊…
	Tilt-Shift…	傾斜偏移…
	Path Blur…	路徑模糊…
	Spin Blur…	旋轉模糊…
	Blur More	再次模糊
	Box Blur…	方框模糊…
	Gaussian Blur…	高斯模糊…
	Lens Blur…	鏡頭模糊…
	Motion Blur…	動態模糊…
	Radial Blur…	放射狀模糊…
	Shape Blur…	形狀模糊…
	Smart Blur…	智慧型模糊…
	Surface Blur…	表面模糊…
	Average	平均
	Displace…	移置…
	Pinch…	擠壓…
	Polar Coordinates…	極座標…
	Ripple…	漣漪…
	Shear…	切變…
	Spherize…	球面化…
	Twirl…	旋轉效果…
	Wave…	波形…
	ZigZag…	水波效果…
	Noise	雜訊
	Add Noise…	增加雜訊…
	Despeckle	去除斑點
	Dust & Scratches…	污點和刮痕…
	Median…	中和…
	Reduce Noise…	減少雜訊…
	Pixelate	像素
	Color Halftone…	彩色網屏…
	Crystallize…	結晶…
	Facet	切面
	Fragment	碎片
	Mezzotint…	銅版畫…
	Mosaic…	馬賽克…
	Pointillize…	點狀化…
	Render	演算上色
	Clouds	雲狀效果
	Difference Clouds	差異雲狀效果
	Fibers…	纖維…
	Flame…	火焰…
	Lens Flare…	反光效果…
	Lighting Effects…	光照效果…
	Relight…	重新打光…
	Picture Frame…	相框…
	Tree…	樹…
	Sharpen	銳利化
	Sharpen Edges	銳利化邊緣
	Sharpen More	更銳利化
	Smart Sharpen…	智慧型銳利化…
	Unsharp Mask…	遮色片銳利化調整…
	High Pass…	顏色快調…
	Stylize	風格化
	Diffuse…	擴散…
	Emboss…	浮雕…
	Extrude…	突出…
	Find Edges	尋找邊緣
	Oil Paint…	油畫…
	Solarize	曝光過度
	Tiles…	拼貼…
	Trace Contour…	等高線…
	Wind…	風…
	Video	視訊
	De-Interlace…	去除交錯…
	NTSC Colors	NTSC 色彩
	Other	其他
	Maximum…	最大…
	Minimum…	最小…
	Offset…	畫面錯位…
	Plug-ins	增效模組
	Proof Setup	校樣設定
	Proof Colors	校樣色彩
	Gamut Warning	色域警告
	Working CMYK	使用中的 CMYK
	Working Cyan Plate	使用中的青色版
	Working Magenta Plate	使用中的洋紅版
	Working Yellow Plate	使用中的黃色版
	Working Black Plate	使用中的黑色版
	Working CMY Plate	使用中的 CMY 版
	Legacy Macintosh RGB	舊版 Macintosh RGB
	Internet Standard RGB	網際網路標準 RGB
	Monitor RGB	顯示器 RGB
	Color Blindness — Protanopia-type	色盲 — 紅色盲型
	Color Blindness — Deuteranopia-type	色盲 — 綠色盲型
	Zoom In	放大顯示
	Zoom Out	縮小顯示
	Fit on Screen	顯示全頁
	Fit Layer(s) on Screen	使圖層符合螢幕
	Fit Artboard on Screen	使工作區域符合螢幕
	100%	100%
	200%	200%
	75%	75%
	125%	125%
	150%	150%
	175%	175%
	250%	250%
	300%	300%
	Print Size	列印尺寸
	Pixel Aspect Ratio	像素外觀比例
	Pixel Aspect Ratio Correction	像素外觀比例校正
	Custom Pixel Aspect Ratio…	自訂像素外觀比例…
	Square	正方形
	D1/DV NTSC (0.91)	D1/DV NTSC (0.91)
	D1/DV NTSC Widescreen (1.21)	D1/DV NTSC 寬螢幕 (1.21)
	D1/DV PAL (1.09)	D1/DV PAL (1.09)
	D1/DV PAL Widescreen (1.46)	D1/DV PAL 寬螢幕 (1.46)
	Anamorphic 2:1 (2)	變形 2:1 (2)
	HDV 1080/DVCPRO HD 720 (1.33)	HDV 1080/DVCPRO HD 720 (1.33)
	DVCPRO HD 1080/HDV 1080 (1.5)	DVCPRO HD 1080/HDV 1080 (1.5)
	32-bit Preview Options…	32 位元預視選項…
	Screen Mode	螢幕模式
	Standard Screen Mode	標準螢幕模式
	Full Screen Mode With Menu Bar	含選單列的全螢幕模式
	Full Screen Mode	全螢幕模式
	Cycle Screen Mode	循環切換螢幕模式
	Show	顯示
	Extras	顯示額外內容
	Selection Edges	選取範圍邊緣
	Target Path	目標路徑
	Current Path	目前路徑
	Grid	格點
	Guides	參考線
	Canvas Guides	版面參考線
	Artboard Guides	工作區域參考線
	Count	計數
	Smart Guides	智慧型參考線
	Slices	切片
	Notes	註解
	Pixel Grid	像素格點
	Pixel Art	像素藝術
	Pixel Art Preview	像素藝術預視
	Pattern Preview	圖樣預視
	Brush Preview	筆刷預視
	Mesh	網格
	Edit Pins	編輯圖釘
	Document Bounds	文件邊界
	Show Extras Options…	顯示額外內容選項…
	Rulers	尺標
	Snap	靠齊
	Snap To	靠齊至
	Lock Guides	鎖定參考線
	Clear Guides	清除參考線
	Clear Selected Artboard Guides	清除所選工作區域參考線
	Clear Canvas Guides	清除版面參考線
	New Guide…	新增參考線…
	Lock Slices	鎖定切片
	Clear Slices	清除切片
	Match Zoom	符合縮放
	Match Location	符合位置
	Match Rotation	符合旋轉
	Cascade	重疊顯示
	Tile	並排顯示
	Tile All Horizontally	全部水平並排
	Tile All Vertically	全部垂直並排
	2-up Horizontal	2 欄水平
	2-up Vertical	2 欄垂直
	3-up Horizontal	3 欄水平
	3-up Stacked	3 欄堆疊
	3-up Vertical	3 欄垂直
	4-up	4 欄
	6-up	6 欄
	Consolidate All to Tabs	全部合併至標籤頁
	Float in Window	在視窗中浮動
	Float All in Windows	全部在視窗中浮動
	New Window for Document	為文件新增視窗
	Workspace	工作區
	Essentials	基本功能
	Graphic and Web	繪圖和網頁
	Painting	繪畫
	Photography	攝影
	New Workspace…	新增工作區…
	Delete Workspace…	刪除工作區…
	Reset Workspace	重設工作區
	Lock Workspace	鎖定工作區
	Theme	主題
	Pro Theme	專業主題
	Pro Medium Gray Theme	專業中灰主題
	Studio Theme	工作室主題
	Studio Light Theme	工作室淺色主題
	Classic Theme	經典主題
	Next Theme	下一個主題
	Actions	動作
	Brush Settings	筆刷設定
	Brushes	筆刷
	Channels	色版
	Character	字元
	Character Styles	字元樣式
	Clone Source	仿製來源
	Color	顏色
	Glyphs	字形
	Gradients	漸層
	Histogram	色階分佈圖
	History	步驟記錄
	Info	資訊
	Measurement Log	測量記錄
	Modifier Keys	輔助鍵
	Navigator	導覽器
	Options	選項
	Paragraph	段落
	Paragraph Styles	段落樣式
	Paths	路徑
	Patterns	圖樣
	Properties	屬性
	Shapes	形狀
	Styles	樣式
	Swatches	色票
	Timeline	時間軸
	Tool Presets	工具預設集
	Tools	工具
	About Local Image	關於 Local Image
	Local Image Website	Local Image 網站
	Local Image on GitHub	GitHub 上的 Local Image
	ArtCraft Website	ArtCraft 網站
	Join the ArtCraft Discord…	加入 ArtCraft Discord…
	Report an Issue…	回報問題…
	WIA Support…	WIA 支援…
	Apply	套用
	HSB/HSL	HSB/HSL
	Invert…	負片效果…
	Load Files into Stack…	將檔案載入堆疊…
	Motion	動態
	Notes…	註解…
	Other…	其他…
	Remove Warp Split	移除彎曲分割
	Shape	形狀
	Split Warp Crosswise	十字分割彎曲
	Split Warp Horizontally	水平分割彎曲
	Split Warp Vertically	垂直分割彎曲
	Statistics…	統計資料…
@plural	{n} item|{n} items	{n} 個項目
	Auto	自動
	(print to the printer)	(列印至印表機)
	+ Add variable	+ 新增變數
	30 frames @ 30 fps	30 影格 @ 30 fps
	3D LUT File	3D LUT 檔案
	Absolute	絕對
	Absolute Colorimetric	絕對色度
	Action	動作
	Adaptive	適應性
	Adaptive Wide Angle isn't open	最適化廣角未開啟
	Add	新增
	Add Layer Mask	新增圖層遮色片
	Add Stop	新增色標
	Add a layer style	新增圖層樣式
	Add a mask  (from the selection; {key} inverts)	新增遮色片 (依選取範圍；{key} 反轉)
	Add an adjustment	新增調整
	Add disk	新增磁碟
	Add space after paragraph	在段落後新增間距
	Add space before paragraph	在段落前新增間距
	Add to Sample	加入取樣
	Add to selection  ({key})	加入選取範圍 ({key})
	Adjust for Zoom	依縮放調整
	Adjustment visible	調整可見
	Adobe RGB (1998) compatible	相容 Adobe RGB (1998)
	Align and Distribute	對齊與均分
	Align and distribute	對齊與均分
	Align horizontal centers	水平置中對齊
	Align left edges	對齊左邊緣
	Align right edges	對齊右邊緣
	Aligned	對齊
	All Caps	全部大寫
	All Slices	所有切片
	All User Slices	所有使用者切片
	All shortcuts reset to Photoshop defaults.	所有快速鍵已重設為 Photoshop 預設值。
	Alt	Alt
	Always use pressure for opacity	一律以壓力控制不透明度
	Always use pressure for size	一律以壓力控制大小
	Amount	總量
	Anchor:	錨點：
	Angle	角度
	Angle Gradient	角度漸層
	Angle Jitter	角度快速變換
	Answer the unsaved-changes prompt first	請先回應未儲存變更的提示
	Anti-alias	消除鋸齒
	Appearance	外觀
	Appearance (Layer Style)	外觀 (圖層樣式)
	Apply Layer Mask	套用圖層遮色片
	Apply Per Tip	依筆尖套用
	Apply next selected layer comp	套用下一個選取的圖層構圖
	Apply previous selected layer comp	套用上一個選取的圖層構圖
	Artboard	工作區域
	Artboard Background Color	工作區域背景色
	Assign working space	指定工作空間
	Author:	作者：
	Auto Hide	自動隱藏
	Auto-Select:	自動選取：
	Automatically level near-horizontal line segments	自動調平接近水平的線段
	Automatically straighten and level	自動拉直並調平
	Automatically straighten near-vertical line segments	自動拉直接近垂直的線段
	Background	背景
	Background Color	背景色
	Background Contents	背景內容
	Balance	平衡
	Baseline	基線
	Baseline shift	基線位移
	Basic	基本
	Before (Y)	之前 (Y)
	Begin recording	開始記錄
	Bend:	彎曲：
	Bicubic	雙立方
	Bicubic (smooth gradients)	雙立方 (平滑漸層)
	Bilinear	雙線性
	Black	黑色
	Black & White	黑白
	Black Point Compensation	黑點補償
	Black, White	黑色、白色
	Blacks	黑色
	Blending	混合
	Blending Options	混合選項
	Blue	藍色
	Blue, Red, Yellow	藍色、紅色、黃色
	Both	兩者
	Both Axes	兩軸
	Bottom	下
	Brightness	亮度
	Brightness Jitter	亮度跳動
	Brightness/Contrast	亮度/對比
	Bring the selected pin forward	將選取的圖釘前移
	Brush Preset picker	筆刷預設集選擇器
	Brush Reconstruct Options	筆刷重建選項
	Brush Tool Options	筆刷工具選項
	Cache Level:	快取層級：
	Camera Raw isn't open	Camera Raw 未開啟
	Cancel	取消
	Cancel (Esc)	取消 (Esc)
	Cancel any current edits (Esc)	取消目前所有編輯 (Esc)
	Cancel current crop operation  (Esc)	取消目前的裁切作業 (Esc)
	Cancel transform (Esc)	取消變形 (Esc)
	Cancel warp (Esc)	取消彎曲 (Esc)
	Canvas	版面
	Canvas extension color:	版面延伸色彩：
	Capture	擷取
	Capture the visibility, position and style of every layer with + below, then switch between versions.	以下方的 + 擷取每個圖層的可見度、位置和樣式，然後在各版本間切換。
	Catch-up on Stroke End	筆畫結束時追補
	Center	置中
	Center Crop Marks	中央裁切標記
	Center text	文字置中
	Change	變更
	Change All	全部變更
	Change Screen Mode  (F)	變更螢幕模式 (F)
	Change To:	變更為：
	Channel Mixer	色版混合器
	Channel:	色版：
	Check All Layers	檢查所有圖層
	Check Spelling	拼字檢查
	Clarity	清晰度
	Clear All	全部清除
	Clear Override	清除覆寫
	Clear Samples	清除取樣
	Click sets foreground · right-click sets background	按一下設為前景色 · 按右鍵設為背景色
	Click the first point or press {key} to close · Esc cancels	按一下第一個點或按 {key} 以閉合 · Esc 取消
	Click to add a point · drag off or {key}-click or Delete to remove	按一下新增點 · 拖出、{key}+按一下或按 Delete 以移除
	Click to apply, {key}-click to clear overrides, double-click for Style Options	按一下套用，{key}+按一下清除覆寫，連按兩下開啟樣式選項
	Click to edit the gradient	按一下以編輯漸層
	Click to restore the current colour	按一下以還原目前顏色
	Click to zoom in  ·  {key}-click to zoom out  ·  drag right/left to zoom in/out	按一下放大  ·  {key}+按一下縮小  ·  向右/向左拖曳以放大/縮小
	Click with the Note tool to add a note.	使用註解工具按一下以新增註解。
	Click: corner · Drag: smooth · Click first point: close · {key} finish · Esc cancel	按一下：轉角 · 拖曳：平滑 · 按一下第一點：閉合 · {key} 完成 · Esc 取消
	Clip to layer below	剪裁至下方圖層
	Clipped	已剪裁
	Close Style Options	關閉樣式選項
	Cmd	Cmd
	Coated CMYK	塗佈 CMYK
	Color & Swatches	顏色和色票
	Color Balance	色彩平衡
	Color Detail	色彩細節
	Color Grading	色彩分級
	Color Lookup	顏色查詢
	Color Management	色彩管理
	Color Mixer	色彩混合器
	Color Mode	色彩模式
	Color Priority	色彩優先
	Color Range preview	顏色範圍預視
	Color:	顏色：
	Colorize	上色
	Colors	顏色
	Commit Perspective Warp ({key})	確認透視彎曲 ({key})
	Commit Puppet Warp ({key})	確認操控彎曲 ({key})
	Commit any current edits ({key})	確認目前所有編輯 ({key})
	Commit current crop operation  ({key})	確認目前的裁切作業 ({key})
	Commit transform ({key})	確認變形 ({key})
	Commit warp ({key})	確認彎曲 ({key})
	Constant	常數
	Constrain proportions	強制等比例
	Contact Sheet II	縮圖目錄 II
	Content-Aware	內容感知
	Contiguous	連續的
	Contrast	對比
	Control:	控制：
	Convert document's colors to the working space	將文件顏色轉換為工作空間
	Convert to sRGB	轉換為 sRGB
	Copies	份數
	Copper	銅色
	Copyright	版權
	Copyright and Contact Info	版權與聯絡資訊
	Corner Crop Marks	角落裁切標記
	Corner radius	圓角半徑
	Correction	校正
	Count Jitter	數量跳動
	Create	建立
	Create Droplet	建立快捷批次處理
	Create Texture	建立紋理
	Create Video Timeline	建立視訊時間軸
	Create a new count group	建立新的計數群組
	Create a new document or open an existing file.	建立新文件或開啟現有檔案。
	Create a new group	建立新群組
	Create a new layer	建立新圖層
	Create new action	建立新動作
	Create new channel	建立新色版
	Create new document from current state	從目前狀態建立新文件
	Create new fill or adjustment layer	建立新的填滿或調整圖層
	Create new gradient	建立新漸層
	Create new group	建立新群組
	Create new layer comp	建立新圖層構圖
	Create new pattern from the selection	從選取範圍建立新圖樣
	Create new shape from the current path	從目前路徑建立新形狀
	Create new snapshot	建立新快照
	Create new tool preset	建立新工具預設集
	Crop Factor	裁切係數
	Ctrl	Ctrl
	Current & Below	目前及以下
	Current Layer	目前圖層
	Current Size	目前尺寸
	Current Tool Only	僅限目前工具
	Curve	曲線
	Curves	曲線
	Custom	自訂
	Custom Shapes	自訂形狀
	Cyan	青色
	Cyan  ·  Red	青色  ·  紅色
	Darken	變暗
	Darks	暗部
	Data Sets	資料集
	Default	預設
	Default colours (D)	預設顏色 (D)
	Default printer	預設印表機
	Default restored.	已還原預設值。
	Define	定義
	Define at least one variable first.	請先定義至少一個變數。
	Dehaze	去除霧霾
	Delete Cropped Pixels	刪除裁切的像素
	Delete Group	刪除群組
	Delete Layer Mask	刪除圖層遮色片
	Delete Layers	刪除圖層
	Delete Shortcut	刪除快速鍵
	Delete Timeline	刪除時間軸
	Delete Tool Preset	刪除工具預設集
	Delete count group	刪除計數群組
	Delete current channel	刪除目前色版
	Delete current state	刪除目前狀態
	Delete effect layer	刪除效果圖層
	Delete layer	刪除圖層
	Delete layer comp	刪除圖層構圖
	Delete note	刪除註解
	Delete selected measurements	刪除所選測量
	Delete style	刪除樣式
	Delete tool preset	刪除工具預設集
	Density	密度
	Density:	密度：
	Depth	深度
	Depth Jitter	深度快速變換
	Description	說明
	Deselect All	全部取消選取
	Detail	細節
	Diamond Gradient	菱形漸層
	Difference	差異化
	Diffusion	擴散
	Discard the embedded profile (don't color manage)	捨棄嵌入的描述檔 (不進行色彩管理)
	Discontiguous	不連續
	Discord	Discord
	Dismiss	關閉
	Display P3	Display P3
	Display Text	顯示文字
	Dither	混色
	Divide…	分割…
	Document	文件
	Don't Save	不儲存
	No	否
	Yes	是
	Done	完成
	Dots	點
	Drag a rectangle around the object	在物件周圍拖曳出矩形
	Drag on the image to add a constraint; Shift for horizontal/vertical; right-click to delete.	在影像上拖曳以新增限制線；按住 Shift 可限制水平/垂直；按右鍵可刪除。
	Drag to move the active shape's path or the Work Path	拖曳以移動作用中形狀的路徑或工作路徑
	Click: select anchor · Drag: move anchor, handle or segment · {shift}-click: add · {alt}-click: whole subpath	按一下：選取錨點 · 拖曳：移動錨點、把手或線段 · {shift}-按一下：增加 · {alt}-按一下：整個子路徑
	Draw with the Pen tool (P) or make a work path from a selection.	使用筆型工具 (P) 繪製，或從選取範圍建立工作路徑。
	Drop an image or PSD anywhere to open it.	將影像或 PSD 拖放到任何位置即可開啟。
	Native file drag-and-drop is unavailable	原生檔案拖放無法使用
	Native file drag-and-drop is not supported on Wayland yet. Use File › Open, or run Local Image under XWayland with `WAYLAND_DISPLAY= local-image`.	Wayland 尚未支援原生檔案拖放。請使用「檔案 › 開啟」，或透過 `WAYLAND_DISPLAY= local-image` 在 XWayland 下執行 Local Image。
	Duplicate Layers…	複製圖層…
	Duplicate style	複製樣式
	Edit Toolbar…	編輯工具列…
	Use File › Open to open an image.	使用「檔案 › 開啟」開啟影像。
	Edit in Quick Mask Mode  (Q)	在快速遮色片模式下編輯 (Q)
	Edit in Standard Mode  (Q)	在標準模式下編輯 (Q)
	Effects	效果
	Embed Color Profile	嵌入色彩描述檔
	Embedded Profile Mismatch	嵌入的描述檔不符
	Enable airbrush-style build-up effects	啟用噴槍式累積效果
	Enhance Edge	強化邊緣
	Entire Font	整個字體
	Exact	精確
	Expansion:	擴張：
	Export Presets	轉存預設集
	Export selected measurements (CSV)	轉存所選測量 (CSV)
	Exposure	曝光度
	Exposure and Gamma	曝光度與 Gamma
	Exposure:	曝光度：
	Eyedropper	滴管
	Factor:	係數：
	Faux Bold	仿粗體
	Faux Italic	仿斜體
	Feather	羽化
	Fewer Points	較少的點
	File Settings	檔案設定
	Fill	填滿
	Fill:	填滿：
	Filter for adjustment layers	篩選調整圖層
	Filter for pixel layers	篩選像素圖層
	Filter for shape layers	篩選形狀圖層
	Filter for smart objects	篩選智慧型物件
	Filter for type layers	篩選文字圖層
	Filter:	篩選：
	Finger Painting	手指繪畫
	Fisheye	魚眼
	Fit	符合
	Fit Screen	符合螢幕
	Fit in View	符合檢視
	Fixed	固定
	Fixed Ratio	固定比例
	Fixed Size	固定尺寸
	Flip	翻轉
	Flip X	翻轉 X
	Flip X Jitter	翻轉 X 快速變換
	Flip Y	翻轉 Y
	Flip Y Jitter	翻轉 Y 快速變換
	Flow	流量
	Flow Jitter	流量快速變換
	Focal Length	焦距
	Font	字體
	Font Size:	字體大小：
	Font size	字體大小
	Foreground	前景
	Foreground to Background	前景到背景
	Foreground/Background Jitter	前景/背景快速變換
	Format	格式
	Frame from Layers…	從圖層建立影格…
	Free	自由
	Full Spherical	完整球面
	Fuzziness:	模糊度：
	GPU	GPU
	Gamma Correction	Gamma 校正
	Gamma:	Gamma：
	Global	全域
	Glow Color	光暈顏色
	Gradient Map	漸層對應
	Grain	顆粒
	Gray	灰色
	Gray Gamma 2.2	灰階 Gamma 2.2
	Green	綠色
	Group	群組
	Hardness	硬度
	Heart	心形
	Height	高度
	Height:	高度：
	Hide Auto Slices	隱藏自動切片
	Hide Properties	隱藏內容
	Highlight Compression	亮部壓縮
	Highlight Priority	亮部優先
	Highlights	亮部
	Home	首頁
	Horizontal scale	水平縮放
	Hue	色相
	Hue Jitter	色相快速變換
	Hue/Saturation	色相/飽和度
	Hyphenate	使用連字號
	Ignore	略過
	Ignore All	全部略過
	Image Size	影像尺寸
	Import Brushes…	匯入筆刷…
	Import Photoshop brushes (.abr)	匯入 Photoshop 筆刷 (.abr)
	Import Presets	匯入預設集
	Imported	已匯入
	Indent First	首行縮排
	Indent Left	左縮排
	Indent Right	右縮排
	Indent first line	縮排首行
	Indent left margin	縮排左邊界
	Indent right margin	縮排右邊界
	Input:	輸入：
	Inside	內部
	Interlaced	交錯
	Interpolation:	內插：
	Intersect with selection  ({key})	與選取範圍交集  ({key})
	Invert All	全部反轉
	Invert has no settings.	負片效果沒有設定。
	Italic	斜體
	Join us on Discord	加入我們的 Discord
	Justify all	全部齊行
	Justify last centered	最後一行置中齊行
	Justify last left	最後一行靠左齊行
	Justify last right	最後一行靠右齊行
	Kerning	字距微調
	Keyboard Shortcuts	鍵盤快速鍵
	Keyboard Shortcuts and Menus	鍵盤快速鍵和選單
	Kind	種類
	Label Size	標籤大小
	Labels	標籤
	Lanczos (sharp)	Lanczos (銳利)
	Landscape	橫向
	Last Document State	上次文件狀態
	Layout	版面配置
	Leading	行距
	Leading (set to the font size × auto-leading when Auto)	行距 (自動時設為字體大小 × 自動行距)
	Leave as is (don't color manage)	保持原樣 (不進行色彩管理)
	Left	左
	Left align text	文字靠左對齊
	Length:	長度：
	Level	層級
	Levels	色階
	Lighten	變亮
	Lightness	明度
	Lights	燈光
	Limits:	限制：
	Linear Gradient	線性漸層
	Link layers	連結圖層
	Link width and height	連結寬度和高度
	Liquify is not open	液化未開啟
	Load	載入
	Load 3D LUT…	載入 3D LUT…
	Load Photoshop brushes (.abr)	載入 Photoshop 筆刷 (.abr)
	Load channel as selection	將色版載入為選取範圍
	Load…	載入…
	Localized Color Clusters	局部色彩群集
	Lock	鎖定
	Lock all	全部鎖定
	Lock image pixels	鎖定影像像素
	Lock layer	鎖定圖層
	Lock position	鎖定位置
	Lock transparent pixels	鎖定透明像素
	Lock:	鎖定：
	Logical Length:	邏輯長度：
	Logical Units:	邏輯單位：
	Luminance	明度
	Luminance Detail	明度細節
	Magenta	洋紅
	Magenta  ·  Green	洋紅  ·  綠色
	Maintain aspect ratio	維持外觀比例
	Marker Size	標記大小
	Mask All	遮住全部
	Mask Options	遮色片選項
	Masking	遮色
	Master	主要
	Matte	邊緣調合
	Median:	中間值：
	Menus	選單
	Mesh Size	網格大小
	Metadata	中繼資料
	Metrics	度量
	Midpoint	中點
	Midtones	中間調
	Midtones from:	中間調起點：
	Midtones to:	中間調終點：
	Minimum Depth	最小深度
	Minimum Diameter	最小直徑
	Minimum Roundness	最小圓度
	Mode:	模式：
	Monochrome	單色
	More Points	更多點
	Move effect layer down	下移效果圖層
	Move effect layer up	上移效果圖層
	Move to	移至
	Name	名稱
	Name:	名稱：
	Nearest Neighbor	最接近像素
	Nearest Neighbor (hard edges)	最接近像素 (硬邊)
	New Size	新尺寸
	New document…	新增文件…
	New effect layer	新增效果圖層
	New selection	新增選取範圍
	Next frame	下一個影格
	Next note	下一則註解
	No Color	無顏色
	No Color Management	不進行色彩管理
	No Dither	無遞色
	No author	無作者
	No character style	無字元樣式
	No document	無文件
	No matching commands	沒有相符的指令
	No presets for the current tool.	目前工具沒有預設集。
	No presets of this type.	沒有此類型的預設集。
	No properties	沒有屬性
	No tool presets.	沒有工具預設集。
	Noise Reduction	雜訊減少
	Normal	正常
	Not in Dictionary:	不在字典中：
	OK	確定
	Offset	位移
	Only Web Colors	僅限網頁色彩
	Opacity	不透明度
	Opacity Jitter	不透明度快速變換
	Opacity:	不透明度：
	Open a document to define variables.	請開啟文件以定義變數。
	Open a document to select a colour range.	請開啟文件以選取顏色範圍。
	Open a document to use the timeline.	請開啟文件以使用時間軸。
	Optical	視覺
	Optimized	最佳化
	Option-click to define a source point to clone from	按住 Option 並按一下以定義仿製來源點
	Original	原始
	Output Channel:	輸出色版：
	Output Levels:	輸出色階：
	Output:	輸出：
	Outside	外部
	Overlay Color	覆蓋顏色
	Overlay Opacity	覆蓋不透明度
	Overlay: Rule of Thirds	覆蓋：三分法
	Override Pressure	覆寫壓力
	Override Rotation	覆寫旋轉
	Override Tilt	覆寫傾斜
	PRESET DETAILS	預設集詳細資料
	PSD	PSD
	Paint Overlay	繪畫覆蓋
	Panel locations are saved in the workspace. Keyboard shortcuts, menus and toolbar are optional.	面板位置會儲存在工作區中。鍵盤快速鍵、選單和工具列為選用項目。
	Paper	紙張
	Path	路徑
	Pattern	圖樣
	Pattern Size	圖樣大小
	Pause	暫停
	Percent	百分比
	Perceptual	感知式
	Perspective Warp is not active	透視彎曲未啟用
	Perspective Warp: draw planes along the image's perspective, then switch to Warp	透視彎曲：沿影像透視繪製平面，然後切換到彎曲
	Photo Filter	相片濾鏡
	Local Image	Local Image
	Local Image Manages Colors	Local Image 管理色彩
	Local Image — an open-source, native image editor written in Rust.	Local Image — 以 Rust 撰寫的開放原始碼原生影像編輯器。
	Pin Depth:	圖釘深度：
	Pixel Length:	像素長度：
	Pixels/Centimeter	像素/公分
	Pixels/Inch	像素/英寸
	Pixels:	像素：
	Play	播放
	Play selection	播放選取項目
	Portrait	直向
	Position	位置
	Position and Size	位置和大小
	Posterize	色調分離
	Preserve Details	保留細節
	Preserve Luminosity	保留明度
	Preset	預設集
	Preset Type	預設集類型
	Preset:	預設集：
	Presets:	預設集：
	Press keys…	按下按鍵…
	Pressure	壓力
	Pressure for Opacity	不透明度的壓力
	Pressure for Size	大小的壓力
	Prevent auto-nesting in and out of Artboards and Frames	防止自動巢狀放入或移出工作區域和框架
	Preview	預覽
	Previous frame	上一個影格
	Previous note	上一則註解
	Print	列印
	Printer	印表機
	Printer Manages Colors	印表機管理色彩
	Printer Setup	印表機設定
	Printing Marks	列印標記
	Progressive	漸進式
	Promote	提升
	Protect Detail	保護細節
	Protect Foreground Color	保護前景色
	Protect Tones	保護色調
	Proximity Match	鄰近符合
	Pulled String Mode	拉線模式
	Puppet Warp is not active	操控彎曲未啟用
	Purity	純度
	Quality	品質
	Quick Actions	快速動作
	Quick Export As PNG	快速匯出為 PNG
	Radial Gradient	放射狀漸層
	Radius	半徑
	Radius:	半徑：
	Range:	範圍：
	Rate	速率
	Recently Used	最近使用
	Reconstruct	重建
	Record ● a sequence of edits, then play ▶ it on any document.	錄製 ● 一連串編輯，然後在任何文件上播放 ▶。
	Red	紅色
	Redefine style by current selection	依目前選取項目重新定義樣式
	Reflected Gradient	反射性漸層
	Registration Marks	對位標記
	Regular	標準
	Relative	相對
	Relative Colorimetric	相對色度
	Remove	移除
	Remove All Pins	移除所有圖釘
	Remove Background	移除背景
	Remove Planes	移除平面
	Remove stop	移除色標
	Remove variable	移除變數
	Rename	重新命名
	Rename Group…	重新命名群組…
	Rename Layer…	重新命名圖層…
	Rename Tool Preset…	重新命名工具預設集…
	Rename…	重新命名…
	Resample	重新取樣
	Reset All to Defaults	全部重設為預設值
	Reset Section	重設區段
	Reset Transform	重設變形
	Reset to defaults	重設為預設值
	Resolution	解析度
	Resolution:	解析度：
	Restore All	全部還原
	Restore Defaults	還原預設值
	Restrictive (Web)	限制 (網頁)
	Right	右
	Right align text	文字靠右對齊
	Rigid	剛性
	Rotate:	旋轉：
	Rotation	旋轉
	Roughness	粗糙度
	Roundness	圓度
	Roundness Jitter	圓度快速變換
	Rulers & Grids	尺標與格點
	Sample All Layers	取樣全部圖層
	Sample:	取樣：
	Sampling: Background Swatch	取樣：背景色票
	Sampling: Continuous	取樣：連續
	Sampling: Once	取樣：一次
	Saturate	飽和
	Saturation	飽和度
	Saturation Jitter	飽和度快速變換
	Save HTML and Images	儲存 HTML 和影像
	Save as PDF	儲存為 PDF
	Save selection as channel	將選取範圍儲存為色版
	Save…	儲存…
	Scale to Fit Media	縮放以符合媒體
	Scatter	散佈
	Scratch disks	暫存磁碟
	Search	搜尋
	Search commands	搜尋指令
	Search commands, tools and panels…	搜尋指令、工具和面板…
	Search fonts	搜尋字體
	Select All	全選
	Select Subject	選取主體
	Select a type layer or click into text to insert glyphs	選取文字圖層或按一下文字以插入字符
	Select text to apply a character style	選取文字以套用字元樣式
	Select:	選取：
	Selections	選取範圍
	Selective	選擇性
	Selective Color	選取顏色
	Send the selected pin backward	將選取的圖釘後移
	Set additional smoothing options	設定其他平滑化選項
	Set background color	設定背景色
	Set foreground color	設定前景色
	Set painting symmetry options	設定繪畫對稱選項
	Set shape fill type	設定形狀填滿類型
	Set shape stroke type	設定形狀筆畫類型
	Set the text color	設定文字顏色
	Shadows	陰影
	Shape:	形狀：
	Sharpening	銳利化
	Shift	Shift
	Shortcut removed.	已移除快速鍵。
	Show All Menu Items	顯示所有選單項目
	Show Backdrop	顯示背景
	Show Guides	顯示參考線
	Show Mask	顯示遮色片
	Show Mesh	顯示網格
	Show Overlay	顯示覆蓋
	Show Transform Controls	顯示變形控制項
	Show or hide the Notes panel	顯示或隱藏註解面板
	Show:	顯示：
	Sides	邊數
	Sides:	邊數：
	Size	大小
	Size Jitter	大小快速變換
	Size:	大小：
	Slice Options…	切片選項…
	Slices From Guides	從參考線建立切片
	Slices are locked (View › Lock Slices)	切片已鎖定 (檢視 › 鎖定切片)
	Small Caps	小型大寫
	Smoothing	平滑化
	Space After	段後間距
	Space Before	段前間距
	Spacing	間距
	Spell check complete.	拼字檢查完成。
	Split:	分割：
	Star ratio	星形比例
	Stop playing/recording	停止播放/錄製
	Straighten	拉直
	Straighten Layer	拉直圖層
	Strength:	強度：
	Strikethrough	刪除線
	Stroke	筆畫
	Stroke Catch-up	筆畫追補
	Stroke:	筆畫：
	Style	樣式
	Style Options	樣式選項
	Style Options…	樣式選項…
	Style: Normal	樣式：正常
	Subtract from Sample	從取樣減去
	Subtract from selection  ({key})	從選取範圍減去  ({key})
	Suggestions:	建議：
	Swap colours (X)	切換顏色 (X)
	Swaps height and width	交換高度和寬度
	Switch between free transform and warp modes	在任意變形和彎曲模式間切換
	Switch theme	切換主題
	Temperature	色溫
	Tetrahedral	四面體
	Text Position:	文字位置：
	Texture	紋理
	Texture Each Tip	為每個筆尖套用紋理
	Threshold	臨界值
	Threshold Level	臨界值層級
	Thumbnail size (smallest: list)	縮圖大小 (最小：清單)
	Tilt X	傾斜 X
	Tilt Y	傾斜 Y
	Tint	色調
	Toggle count group visibility	切換計數群組可見度
	Toggle text orientation	切換文字方向
	Tolerance	容許度
	Tolerance:	容許度：
	Tone:	色調：
	Toolbar	工具列
	Top	上
	Total:	總計：
	Tracking	字距
	Tracking (1/1000 em)	字距 (1/1000 em)
	Transparency	透明度
	Transparent	透明
	Trilinear	三線性
	Type Styles	文字樣式
	Type:	類型：
	Underline	底線
	Untitled	未命名
	Untitled-1	未命名-1
	Update layer comp (visibility, position and appearance)	更新圖層構圖 (可見度、位置和外觀)
	Use Default	使用預設值
	Use Legacy	使用舊版
	Use Measurement Scale	使用測量比例
	Use the embedded profile (instead of the working space)	使用內嵌描述檔 (而非工作空間)
	Variables bind a layer's visibility, text or pixels to a named data slot.	變數可將圖層的可見度、文字或像素繫結至具名的資料欄位。
	Vertical scale	垂直縮放
	Vibrance	自然飽和度
	View Options	檢視選項
	Vignetting	暈影
	Violet, Orange	紫色、橙色
	Visibility	可見度
	Visible	可見
	Warp:	彎曲：
	Web Snap	網頁靠齊
	Weight	粗細
	Weight:	粗細：
	White	白色
	White Balance: As Shot	白平衡：原始拍攝
	Whites	白色
	Width	寬度
	Width:	寬度：
	Work Path	工作路徑
	Yellow	黃色
	Yellow  ·  Blue	黃色  ·  藍色
	Zoom	縮放
	Zoom in	放大
	Zoom out	縮小
	command or shortcut	指令或快速鍵
	current	目前
	image file path	影像檔案路徑
	modified	已修改
	name	名稱
	new	新增
	{name} options	{name} 選項
	↑↓ navigate   {key} run   esc close	↑↓ 瀏覽   {key} 執行   esc 關閉
	Version {version}	版本 {version}
	New Document	新增文件
	Error	錯誤
	Command	指令
	Adjustment layers have nothing to transform	調整圖層沒有可變形的內容
	Altitude	高度
	Android 1080p	Android 1080p
	Apple Watch 45mm	Apple Watch 45mm
	Aqua	水藍色
	Art & Illustration	藝術與插畫
	ArtCraft	ArtCraft
	Background Eraser Tool	背景橡皮擦工具
	Bevel & Emboss	斜角和浮雕
	Blend Mode	混合模式
	Blues	藍色
	Blur Tool	模糊工具
	Bold	粗體
	Brush	筆刷
	Brush Pose	筆刷姿勢
	Brush Tip Shape	筆尖形狀
	Brush Tool	筆刷工具
	Build-up	累積
	Burn Tool	加深工具
	Centimeters	公分
	Choke	收縮
	Classic	經典
	Click to add text	按一下以新增文字
	Click to fill similar colours	按一下以填滿相近顏色
	Clone Stamp Tool	仿製印章工具
	Color Burn	加深顏色
	Color Dodge	加亮顏色
	Color Dynamics	顏色動態
	Color Overlay	顏色覆蓋
	Comic Book	漫畫書
	Conform	符合
	Content-Aware Fill needs a selection on a pixel layer	內容感知填色需要在像素圖層上建立選取範圍
	Couldn't place {name}: {error}	無法置入 {name}：{error}
	Could not transform: the layer is empty	無法變形：圖層是空的
	Could not use Perspective Warp: the layer is empty	無法使用透視彎曲：圖層是空的
	Could not use Puppet Warp: no opaque pixels	無法使用操控彎曲：沒有不透明像素
	Could not use Puppet Warp: the layer is empty	無法使用操控彎曲：圖層是空的
	Crop Tool	裁切工具
	Crosswise	交叉
	Current Tool	目前工具
	Custom Shape Tool	自訂形狀工具
	Cyans	青色
	Default Photoshop Size	預設 Photoshop 尺寸
	Delete Workspace	刪除工作區
	Diamond	菱形
	Dimensions:	尺寸：
	Direction	方向
	Distance	距離
	Document Dimensions	文件尺寸
	Document Profile	文件描述檔
	Document Sizes	文件大小
	Dodge Tool	加亮工具
	Down	下
	Drag to draw a gradient	拖曳以繪製漸層
	Drag to move the active layer	拖曳以移動作用中的圖層
	Drag to pan  ·  hold Space with any tool	拖曳以平移  ·  在任何工具下按住 Space
	Drop Shadow	陰影
	Dual Brush	雙筆刷
	Edge	邊緣
	Efficiency	效率
	Efficiency: 100%	效率：100%
	Ellipse Tool	橢圓工具
	Elliptical Marquee Tool	橢圓選取畫面工具
	Emboss	浮雕
	Eraser	橡皮擦
	Eraser Tool	橡皮擦工具
	ExtraBold	特粗
	ExtraLight	特細
	Eyedropper Tool	滴管工具
	Fade	淡化
	Fill Opacity	填滿不透明度
	Film & Video	影片與視訊
	From	從
	General	一般
	GitHub	GitHub
	Gradient Overlay	漸層覆蓋
	Gradient Tool	漸層工具
	Greens	綠色
	Hand Tool	手形工具
	Hard	硬邊
	Hard Mix	實色疊印混合
	Healing Brush Tool	修復筆刷工具
	Highlights from:	亮部起點：
	History Brush Tool	步驟記錄筆刷工具
	Horizontal Type Tool	水平文字工具
	Image Size:	影像尺寸：
	Inches	英吋
	Indexed	索引色
	Initial Direction	初始方向
	Inner Bevel	內斜角
	Inner Glow	內光暈
	Inner Shadow	內陰影
	Lab	Lab
	Landscape, 10 x 8	橫向，10 x 8
	Landscape, 6 x 4	橫向，6 x 4
	Landscape, 7 x 5	橫向，7 x 5
	Lasso	套索
	Lasso Tool	套索工具
	Layer Count	圖層數量
	Layer Knocks Out Drop Shadow	圖層挖空陰影
	Legal	Legal
	Letter	Letter
	Light	淺色
	Line Tool	直線工具
	Linear	線性
	Linear Burn	線性加深
	Linear Height	線性高度
	Link with Layer	與圖層連結
	Lorem Ipsum	Lorem Ipsum
	Magentas	洋紅色
	Magic Eraser Tool	魔術橡皮擦工具
	Magic Wand Tool	魔術棒工具
	Marquee	選取畫面
	Mean:	平均值：
	Measurement Scale	測量比例
	Measurement Scale Marker	測量比例標記
	Millimeters	公釐
	Mobile	行動裝置
	Move Tool	移動工具
	Multiply	色彩增值
	My Brushes	我的筆刷
	Neutrals	中間色
	New Workspace	新增工作區
	Note Tool	註解工具
	Object Selection Tool	物件選取工具
	Off	關
	Open	開啟
	Orange	橙色
	Original Ratio	原始比例
	Out Of Gamut	超出色域
	Outer Bevel	外斜角
	Outer Glow	外光暈
	Overlay	覆蓋
	Paint Bucket Tool	油漆桶工具
	Paints from the document's opening state	從文件開啟時的狀態繪製
	Path Selection Tool	路徑選取工具
	Direct Selection Tool	直接選取工具
	Pattern Overlay	圖樣覆蓋
	Pen Pressure	筆壓
	Pen Tilt	筆傾斜
	Pen Tool	筆型工具
	Photo	相片
	Local Image website	Local Image 網站
	Picas	派卡
	Pillow Emboss	枕狀浮雕
	Pixel Replacement	像素取代
	Pixels	像素
	Points	點
	Polygon Tool	多邊形工具
	Polygonal Lasso Tool	多邊形套索工具
	Portrait, 4 x 6	直向，4 x 6
	Portrait, 5 x 7	直向，5 x 7
	PostScript (72 points/inch)	PostScript (72 點/英吋)
	Postcard	明信片
	Poster	海報
	Pro (Dark)	Pro (深色)
	Pro (Medium Gray)	Pro (中灰)
	Protect Texture	保護紋理
	Purple	紫色
	Quick Mask	快速遮色片
	Quick Selection Tool	快速選取工具
	Radial	放射狀
	Rasterize Layer	點陣化圖層
	Ratio	比例
	Recent	最近
	Rectangle Tool	矩形工具
	Rectangular Marquee Tool	矩形選取畫面工具
	Reds	紅色
	Reflected	反射
	Sample: foreground colour	取樣：前景色
	Sampled Colors	取樣顏色
	Satin	緞面
	Save Pixel Aspect Ratio	儲存像素外觀比例
	Scattering	散佈
	Scratch Sizes	暫存大小
	Select Data Points	選取資料點
	Selection	選取範圍
	SemiBold	半粗體
	Shadows up to:	陰影上限：
	Shape Dynamics	形狀動態
	Sharpen Tool	銳利化工具
	Show Extras Options	顯示額外內容選項
	Slice Select Tool	切片選取工具
	Slice Tool	切片工具
	Smart Filters	智慧型濾鏡
	Smudge Tool	指尖工具
	Soft	柔邊
	Soften	柔化
	Source	來源
	Source: set	來源：已設定
	Sponge Tool	海綿工具
	Spot Healing Brush Tool	污點修復筆刷工具
	Spread	展開
	Square, 12 x 12	方形，12 x 12
	Square, 5 x 5	方形，5 x 5
	Std Dev:	標準差：
	Studio (Dark)	Studio (深色)
	Studio (Light)	Studio (淺色)
	Stylus Wheel	觸控筆滾輪
	Subtract	減去
	Tabloid	Tabloid
	Text Replacement	文字取代
	Thin	極細
	Traditional (72.27 points/inch)	傳統 (72.27 點/英吋)
	Transfer	轉移
	Triangle Tool	三角形工具
	Unsaved changes	未儲存的變更
	Uses the foreground and background colours.	使用前景色和背景色。
	Web	網頁
	Web Large	網頁 (大)
	Web Minimum	網頁 (最小)
	Web Most Common	網頁 (最常用)
	WebP (lossless)	WebP (無損)
	Wet Edges	濕邊
	Yellows	黃色
	Zoom Tool	縮放工具
	{name} Properties	{name} 屬性
	Revert “{name}” to the last saved version? Your changes will be lost.	回復「{name}」至上次儲存的版本？您所做的變更將會遺失。
	Do you want to save the changes you made to “{name}” before quitting?	結束前要儲存對「{name}」所做的變更嗎？
	Do you want to save the changes you made to “{name}” before closing?	關閉前要儲存對「{name}」所做的變更嗎？
	Doc: {flat}/{layered}	文件：{flat}/{layered}
	Scratch: {size}	暫存：{size}
	Untagged {mode}	未標記的 {mode}
	Invalid {mode} profile	無效的 {mode} 描述檔
	Unnamed {mode} profile	未命名的 {mode} 描述檔
	{w} px x {h} px ({ppi} ppi)	{w} px x {h} px ({ppi} ppi)
	Resolution: {dpi} pixels/inch	解析度：{dpi} 像素/英吋
	Doc: {w} × {h} px	文件：{w} × {h} px
	Frame {current} / {total}	影格 {current} / {total}
	Count: {n}	計數：{n}
	BLANK DOCUMENT PRESETS ({n})	空白文件預設集 ({n})
	Constraints ({n})	限制 ({n})
	Align {what}	對齊{what}
@plural	{n} Layer|{n} Layers	{n} 個圖層
@plural	{n} layer|{n} layers	{n} 個圖層
@plural	Group · {n} layer|Group · {n} layers	群組 · {n} 個圖層
	Additional plugins folder	額外外掛程式資料夾
	Adobe	Adobe
	Adobe rgb	Adobe RGB
	Allow agent control	允許代理程式控制
	Allow scripts to connect	允許指令碼連線
	Always	一律
	Always create smart objects when placing	置入時一律建立智慧型物件
	Animated zoom	動畫縮放
	Apply auto tone	套用自動色調
	Ask	詢問
	Ask before saving layered tiff	儲存多圖層 TIFF 前詢問
	Auto collapse icon panels	自動收合圖示面板
	Auto show hidden panels	自動顯示隱藏的面板
	Auto show home screen	自動顯示首頁畫面
	Autosave	自動儲存
	Autosave minutes	自動儲存間隔 (分鐘)
	Beep when done	完成時發出嗶聲
	Bicubic automatic	雙立方體 (自動)
	Bicubic sharper	雙立方體 (較銳利)
	Bicubic smoother	雙立方體 (較平滑)
	Bit depth	位元深度
	Brush preview color	筆刷預視顏色
	Cache levels	快取層級
	Cache tile size	快取拼貼大小
	Camera Raw Defaults	Camera Raw 預設值
	Canvas border	畫布邊框
	Canvas color	畫布顏色
	Canvas custom color	畫布自訂顏色
	Color picker	檢色器
	Color space	色彩空間
	Column width	欄寬
	Concise	簡潔
	Control port	控制連接埠
	Convert to srgb	轉換為 sRGB
	Cursors	游標
	Custom dark	自訂深色
	Custom light	自訂淺色
	Dark	深色
	Dark gray	深灰
	Dashed lines	虛線
	Destination	目的地
	Detailed	詳細
	Disks	磁碟
	Display p3	Display P3
	Double click layer mask launches select and mask	按兩下圖層遮色片時開啟選取並遮住
	Drop shadow	陰影
	Dynamic color sliders	動態色彩滑桿
	East asian	東亞
	Effect cache mb	效果快取 (MB)
	Enable flick panning	啟用輕撥平移
	Enable floating document window docking	啟用浮動文件視窗停駐
	Enable narrow options bar	啟用窄版選項列
	Enabled	已啟用
	Enhanced Controls	增強控制項
	Export clipboard	匯出剪貼簿
	Extra large	特大
	File Handling	檔案處理
	File path	檔案路徑
	Fill new type layers with placeholder	以預留位置文字填滿新文字圖層
	Font preview	字體預視
	Full size tip	完整大小筆尖
	Gamut warning color	色域警告顏色
	Gamut warning opacity	色域警告不透明度
	Generator enabled	啟用 Generator
	Gif	GIF
	Glossy	光亮
	Grid color	格點顏色
	Grid colors	格點顏色
	Grid size	格點大小
	Grid style	格點樣式
	Grid unit	格點單位
	Gridline every	格線間隔
	Guide color	參考線顏色
	Guide style	參考線樣式
	Guides, Grid & Slices	參考線、格點和切片
	Gutter	欄距
	History Log	步驟記錄檔
	History states	步驟記錄狀態
	Ignore exif profile tag	忽略 EXIF 描述檔標籤
	Image interpolation	影像插補
	Image previews	影像預視
	Integrations	整合
	Interface	介面
	Jpeg quality	JPEG 品質
	Jpg	JPG
	Language	語言
	Large tabs	大型索引標籤
	Legacy compositing	舊版合成
	Light gray	淺灰
	Line	直線
	Lines	直線
	Lossless	無損
	Lowercase extension	副檔名小寫
	Maximize psd compatibility	最大化 PSD 相容性
	Medium gray	中灰
	Memory usage mb	記憶體使用量 (MB)
	Missing glyph protection	缺少字符保護
	Modern	現代
	Nearest neighbor	最接近像素
	Never	永不
	Normal tip	一般筆尖
	Open as smart object	以智慧型物件開啟
	Open documents as tabs	以索引標籤開啟文件
	Overscroll	超出捲動
	Performance	效能
	Png	PNG
	Point size	點大小
	Precise	精確
	Preserve details	保留細節
	Print resolution	列印解析度
	Pro	Pro
	Pro medium	Pro 中灰
	Pro photo	ProPhoto
	Quick export format	快速匯出格式
	Quick export location	快速匯出位置
	Recent file count	最近檔案數量
	Recent files	最近檔案
	Recent fonts	最近使用的字體
	Recover on launch	啟動時復原
	Remember workspace changes	記住工作區變更
	Resize image during place	置入時調整影像大小
	Rotate view with trackpad	以觸控板旋轉檢視
	Same folder	同一資料夾
	Save in background	在背景儲存
	Scratch Disks	暫存磁碟
	Screen	濾色
	Screen resolution	螢幕解析度
	Scrubby slider acceleration	快速滑桿加速
	Sessions only	僅限工作階段
	Sharpen for	銳利化用途
	Show channels in color	以彩色顯示色版
	Show crosshair in brush tip	在筆尖顯示十字線
	Show extension panels	顯示延伸面板
	Show font names in english	以英文顯示字體名稱
	Show menu colors	顯示選單顏色
	Show only crosshair while painting	繪圖時僅顯示十字線
	Show slice numbers	顯示切片編號
	Show tooltips	顯示工具提示
	Show bounding box when dragging layer	拖曳圖層時顯示邊界框
	Show transformation values	顯示變形數值
	Slice color	切片顏色
	Smart guide color	智慧型參考線顏色
	Smart quotes	智慧型引號
	Snap vector tools and transforms to pixel grid	向量工具和變形靠齊像素格點
	Srgb	sRGB
	Standard	標準
	Studio	Studio
	Studio light	Studio 淺色
	Subdivisions	細分
	System	系統
	Text engine	文字引擎
	Text file	文字檔
	Tiny	極小
	Touch gestures	觸控手勢
	Transparency & Gamut	透明度和色域
	Type units	文字單位
	UI font size	介面字體大小
	UI scale	介面縮放
	Units & Rulers	單位和尺標
	Use additional plugins folder	使用額外增效模組資料夾
	Use esc to commit	使用 Esc 確認
	Use gpu	使用 GPU
	Use legacy free transform	使用舊版任意變形
	Use shift key for tool switch	使用 Shift 鍵切換工具
	Vary round brush hardness on hud	在 HUD 上變更圓形筆刷硬度
	Webp	WebP
	World ready	全球通用
	Zoom clicked point to center	將點按處縮放至中央
	Zoom resizes windows	縮放時調整視窗大小
	Zoom with scroll wheel	以滾輪縮放
	Zoom with trackpad pinch	以觸控板捏合縮放
	Pass Through	穿透
	Dissolve	溶解
	Darker Color	顏色變暗
	Linear Dodge (Add)	線性加亮 (增加)
	Lighter Color	顏色變亮
	Soft Light	柔光
	Hard Light	實光
	Vivid Light	強烈光源
	Linear Light	線性光源
	Pin Light	小光源
	Exclusion	排除
	Divide	分割
	Luminosity	明度
@plural	{n} sample|{n} samples	{n} 個取樣
	{added}, {removed} subtracted	{added}，減去 {removed}
	Adjustment Preview	調整預視
	Airbrush: keeps depositing paint while the pointer rests.	噴槍：指標停留時持續沉積顏料。
	Angle:	角度：
	Blend If	混合範圍
	Close Tab Group	關閉索引標籤群組
	Collapse	收合
	Collapse All Groups	收合所有群組
	Collapse Panel Group	收合面板群組
	Collapse group  ({key}-click: all groups)	收合群組 ({key}+按一下：全部群組)
	Create new brush from the current settings	以目前設定建立新筆刷
	Create new brush from these settings	以這些設定建立新筆刷
	Delete brush	刪除筆刷
	Drag the arrow to set the angle, the dots to set the roundness	拖曳箭頭設定角度，拖曳圓點設定圓度
	Expand	展開
	Expand Panel Group	展開面板群組
	Expand group  ({key}-click: all groups)	展開群組 ({key}+按一下：全部群組)
	Fade steps	淡化步驟
	Hide the layer's effects  ({key}-click: all layers)	隱藏圖層效果 ({key}+按一下：所有圖層)
	Import Brushes… (.abr)	匯入筆刷… (.abr)
	Move Group Down	下移群組
	Move Group Up	上移群組
	Reset the brush to the defaults	將筆刷重設為預設值
	Restore original size	還原原始大小
	Roundness:	圓度：
	Search Brushes	搜尋筆刷
	Show the layer's effects  ({key}-click: all layers)	顯示圖層效果 ({key}+按一下：所有圖層)
	Brush picker	筆刷選擇器
	Erase	擦除
	Right click with painting tools	使用繪圖工具時按右鍵
	System Info…	系統資訊…
	System Info	系統資訊
	More panels	更多面板
	These settings aren't available in Local Image yet.	這些設定在 Local Image 中尚未提供。
	Graphics	圖形
	Reset GPU Backend	重設 GPU 後端
	Applies at next launch.	下次啟動時套用。
	Click to sample the foreground colour  ·  {key}-click for background	按一下以取樣前景色 · {key}+按一下取樣背景色
	{key}-click to set the source	{key}+按一下以設定來源
	{key} to subtract	按 {key} 以減去
	Clone source {n} ({key}-click with Clone Stamp to set)	仿製來源 {n} (使用仿製印章時 {key}+按一下以設定)
	Source: not set ({key}-click with Clone Stamp)	來源：未設定 (使用仿製印章時 {key}+按一下)
	Pixel Layer	像素圖層
	Type Layer	文字圖層
	Shape Layer	形狀圖層
	Group Layer	群組圖層
	Fill Layer	填滿圖層
	Smart Object Layer	智慧型物件圖層
	Create Warped Text	建立彎曲文字
	Rasterize Smart Object	點陣化智慧型物件
	Rasterize Fill Content	點陣化填滿內容
	Unlock: picking a preset replaces these settings	解除鎖定：選擇預設集會取代這些設定
	Lock: keep these settings when picking another preset	鎖定：選擇其他預設集時保留這些設定
	Diameter:	直徑：
	Hardness:	硬度：
	No brush presets	沒有筆刷預設集
	Toggle the Brush Settings panel  (F5)	切換筆刷設定面板 (F5)
	Create new brush preset from the current settings	以目前設定建立新筆刷預設集
	Brush Settings…  (F5): every option of this brush	筆刷設定… (F5)：此筆刷的所有選項
	Rename Brush…	重新命名筆刷…
	Delete Brush	刪除筆刷
	Group name	群組名稱
	Brush name	筆刷名稱
	Grid view	格狀檢視
	List view	清單檢視
	Off: the speed of the pointer sets the spacing	關：由指標速度決定間距
	Tilt Scale	傾斜縮放
	Brush Projection	筆刷投影
	Apply the pen's tilt and rotation to the tip shape	將筆的傾斜和旋轉套用至筆尖形狀
	Mixer Brush	混合器筆刷
	Mixer Brush Tool	混合器筆刷工具
	Wet	濕度
	Mix	混合
	Wetness Jitter	濕度快速變換
	Mix Jitter	混合快速變換
	Show the layer mask as an overlay	將圖層遮色片顯示為覆蓋
	Toggle visibility	切換可見性
	Unlink the mask from the layer	取消遮色片與圖層的連結
	Link the mask to the layer	將遮色片連結至圖層
	Gradient	漸層
	Gradient Options	漸層選項
	Align with layer	與圖層對齊
	Reset Alignment	重設對齊
	Centre the gradient (offset 0, 0)	置中漸層 (位移 0, 0)
	The current gradient (pick one in Window › Gradients)	目前的漸層 (請在 視窗 › 漸層 挑選)
	Select a type layer to edit its character and paragraph settings.	選取文字圖層以編輯其字元和段落設定。
	Text color	文字顏色
	Type Options	文字選項
	Anti-aliasing method	消除鋸齒方式
	Horizontal type	水平文字
	Vertical type	垂直文字
	Fill path with foreground color	以前景色填滿路徑
	Stroke path with brush	以筆刷筆畫路徑
	Load path as a selection	將路徑載入為選取範圍
	Make work path from selection	從選取範圍建立工作路徑
	Add vector mask	增加向量遮色片
	Create new path	建立新路徑
	Delete path	刪除路徑
	Delete vector mask	刪除向量遮色片
	CPU (no GPU acceleration)	CPU (無 GPU 加速)
	DirectX 12	DirectX 12
	GPU backend	GPU 後端
	Metal	Metal
	OpenGL	OpenGL
	Use tablet pressure	使用繪圖板壓力
	Vulkan	Vulkan
	Alt-click to define a source point to clone from	按 Alt 鍵並按一下以定義仿製來源點
	No path to make a selection from: draw one with the Pen tool or select one in the Paths panel.	沒有可用來建立選取範圍的路徑：請使用鋼筆工具繪製，或在路徑面板中選取一個路徑。
	Cancel opening	取消開啟
	Cancelled opening {name}	已取消開啟 {name}
	Cancelled {label}	已取消 {label}
	Esc to cancel	按 Esc 取消
	Opening {name}	正在開啟 {name}
	Opening {name}…	正在開啟 {name}…
	Opening…	正在開啟…
	Reading…	正在讀取…
	Working…	處理中…
	3 x 3	3 × 3
	4 x 4	4 × 4
	5 x 5	5 × 5
	Grid:	格點：
# Rendering mode and recovery
	Rendering Mode	渲染模式
	Automatic (recommended)	自動（建議）
	CPU / Compatibility	CPU / 相容模式
	Automatic uses GPU acceleration when available and falls back to CPU rendering on errors.	自動模式會在可用時使用 GPU 加速，發生錯誤時改用 CPU 渲染。
	Switched to CPU rendering	已改用 CPU 渲染
	GPU acceleration could not continue. Your documents are unchanged.	GPU 加速無法繼續。您的文件未變更。
	Local Image is using the CPU image compositor. The window may still use your graphics adapter.	Local Image 正使用 CPU 影像合成器。視窗仍可能使用您的顯示卡。
	Retry GPU requires a restart. Save your work first.	重試 GPU 需要重新啟動。請先儲存您的工作。
	Keep Using CPU	繼續使用 CPU
	Retry GPU	重試 GPU
	Advanced	進階
	GPU Backend	GPU 後端
	Details	詳細資訊
	Rendering mode	渲染模式
	Freeze Lasso: drag to freeze an area, Alt-drag to thaw it (L)	凍結套索：拖曳以凍結區域，按住 Alt 拖曳以解凍 (L)
	Shadow Clipping Warning (U)	陰影剪裁警告 (U)
	Highlight Clipping Warning (O)	亮部剪裁警告 (O)
	Show Lab Color Readouts	顯示 Lab 色彩讀值
	Show Vectorscope	顯示向量示波器
	Show Red at 3 o'clock	將紅色顯示在三點鐘方向
	Show Skin Tone Indicator	顯示膚色指示線
	Tone Histogram	色調直方圖
	Show Selected Region	顯示選取區域
cameraRaw	Light	細
# Camera Raw: contextual controls and window title
	Camera Raw Filter ({layer})	Camera Raw 濾鏡（{layer}）
cameraRaw	Lights	亮調
cameraRaw	Darks	暗調
cameraRaw	Blacks	黑色
cameraRaw	Whites	白色
cameraRaw	Amount	強度
cameraRaw	Tint	色偏
cameraRaw	Masking	遮色片
cameraRaw	Blending	混合
	Patch Tool	修補工具
	Patch:	修補：
	Lasso around an area, then drag the selection	用套索圈出區域，然後拖曳選取範圍
	Edit Type	編輯文字


	New Style…	新增樣式…
	Style {name} saved	已儲存樣式 {name}

	Create new style (from the selected type)	新增樣式（基於所選文字）
	Create new style from the selected layer	從所選圖層新增樣式

	Make Default	設為預設
	Reset to Default	重設為預設
	Full-resolution preview unavailable	無法使用完整解析度預覽
	No patterns	無圖樣
	Enable {name}	啟用{name}
	Hold Alt while drawing for straight segments	繪製中按住 Alt 可逐點連接直線
	Drag or click polygon points · hold Alt during lasso for straight segments · {add} add · {sub} before drawing subtracts	拖曳圈選或逐點繪製 · 圈選中按住 Alt 畫直線 · {add} 增加 · 起筆前按 {sub} 減去
	Move	移動
	Extend	延伸
	Structure:	結構：
	Content-Aware Move Tool	內容感知移動工具
	TIFF Options	TIFF 選項
	Including layers will increase file size.	包含圖層會增加檔案大小。
	Discard Layers and Save a Copy	放棄圖層並儲存拷貝
	Don't show again	不再顯示
	Save failed: {error}	儲存失敗：{error}
	Save cancelled	已取消儲存
	Magnetic Lasso Tool	磁性套索工具
	Frequency	頻率
	Use tablet pressure to change pen width	使用繪圖板壓力以變更鋼筆寬度

# About ▸ Contributors / Models (credits, craftrules standards/contributors.md)
	About	關於
	Contributors	貢獻者
	Models	模型
	Sort	排序
	Username	使用者名稱
	Display name	顯示名稱
	Real name	真實姓名
	Reverse the order	反轉順序
	Grab bag	隨機
	Table	表格
	Name (A–Z)	名稱 (A–Z)
	Merged PRs	已合併的 PR
	Commits	提交
	Lines added	新增行數
	Lines deleted	刪除行數
	Line delta	行數增減
	Binary assets added	新增二進位檔
	Binary assets removed	刪除二進位檔
	First commit	首次提交
	First	首次
	Last commit	最近提交
	Last	最近
	Contributors: {contributors} · Commits: {commits}	貢獻者：{contributors} · 提交：{commits}
	No contributor data was built into this copy.	此副本未內建貢獻者資料。
	No model credits were built into this copy.	此副本未內建模型致謝。
	Company	公司
	Model	模型
	Version	版本
	% of all commits	佔全部提交的 %
	Lines +/−	行數 +/−
	@{login}: {prs} PRs, {commits} commits, +{added} / −{deleted} lines (Δ {delta}), +{binAdded} / −{binDeleted} binary assets, {first} – {last}	@{login}：{prs} 個 PR，{commits} 次提交，行 +{added} / −{deleted}（Δ {delta}），二進位檔 +{binAdded} / −{binDeleted}，{first} – {last}
# local-image: AI, Library and V2 strings
	AI Enhance (SeedVR2)…	AI 增強 (SeedVR2)…
	AI Models & GPU…	AI 模型與 GPU…
	AI Remove Selection	AI 移除選取範圍
	Automatic	自動
	Bicubic Sharper (reduction)	環迴增值法 - 更銳利 (縮小)
	Bicubic Smoother (enlargement)	環迴增值法 - 更平滑 (放大)
	Browse, rate and organise your photos	瀏覽、評等和整理相片
	Layers, retouching and AI tools	圖層、修飾和 AI 工具
	Contextual Task Bar	內容相關工作列
	Describe an image to create…	描述要建立的影像…
	Edit photos, catalogue them, and create with local AI.	編輯相片、編目相片，並以本機 AI 創作。
	Filmstrip	底片列
	Generate Background (AI)…	產生背景 (AI)…
	Generative Fill (AI)…	生成式填色 (AI)…
	Get Models…	取得模型…
	Local AI…	本機 AI…
	Model Browser…	模型瀏覽器…
	New from Prompt…	從提示新增…
	No AI model is installed yet.	尚未安裝 AI 模型。
	Open Folder…	開啟資料夾…
	PhotoCraft and LightCraft (ArtCraft)	PhotoCraft 和 LightCraft (ArtCraft)
	Remove Background (AI)	移除背景 (AI)
	Remove Backgrounds (AI)…	批次移除背景 (AI)…
	Set Up AI…	設定 AI…
	Subject (AI)	主體 (AI)
	The AI engine isn't running.	AI 引擎未執行。
	Contextual task bar	內容相關工作列
	Tool presets	工具預設集
	Paint only when the string is pulled taut	僅在繩子拉緊時繪畫
	Keep painting toward the pointer while it pauses	指標暫停時繼續朝指標方向繪畫
	Finish the stroke where the pointer was released	在放開指標的位置結束筆畫
	Less smoothing when zoomed in, more when zoomed out	放大時平滑較少，縮小時平滑較多
	Diagonal	對角線
	Along the Work Path	沿著工作路徑
	Mirror across the current path (draw it with the Pen tool first)	沿目前路徑鏡射（請先用鋼筆工具繪製路徑）
	Symmetry Off	關閉對稱
	Click to restore this snapshot	按一下以還原此快照
	Delete Snapshot	刪除快照
	Set the overlay options for the Crop tool	設定裁切工具的覆蓋選項
	Rule of Thirds	三分法
	Triangle	三角形
	Golden Ratio	黃金比例
	Frequency Separation…	頻率分離…
	Perspective Crop Tool	透視裁切工具
	Drag a frame, then drag its corners onto the edges of the object to straighten	拖出一個框，然後將其四角拖到物件邊緣以校正透視
	Behind	背後
	Mask	遮色片
	Make Selection	建立選取範圍
	Add a layer mask that shows only this area	加入只顯示此區域的圖層遮色片
	Describe what to generate (optional)	描述要生成的內容(選填)
	Generative Fill: regenerate the selection from your description	生成填色：依描述重新產生選取範圍
	Contextual Task Bar hidden — Window › Contextual Task Bar shows it again.	已隱藏內容相關工作列 — 可透過 視窗 › 內容相關工作列 重新顯示。
	AI Remove isn't ready: {why}	AI 移除尚未就緒:{why}
	Generative Fill	生成填色
	Remove what's inside with AI (on its own layer)	用 AI 移除其中的內容(在獨立圖層上)
	Turn the path into a selection	將路徑轉換為選取範圍
	Back	返回
	Regenerate the area from a description	依描述重新產生該區域
	Hide Contextual Task Bar	隱藏內容相關工作列
	More	更多
	Auto Erase	自動擦除
	Click a red pupil	按一下紅色瞳孔
	Click the first point or press {key} to close · {del} removes a point · Esc cancels	按一下第一個點或按 {key} 以閉合 · {del} 移除一個點 · Esc 取消
	Click, then move along an edge · click to fasten a point · {alt}-click for a straight segment · double-click to close	按一下，然後沿邊緣移動 · 按一下固定一個點 · {alt}-按一下繪製直線段 · 按兩下以閉合
	Darken Amount	變暗量
	Drag a crop box · drag inside to move · edges resize ({ratio} ratio, {centre} centre) · Space moves while drawing · {commit} commits · Esc cancels	拖曳出裁切框 · 在框內拖曳可移動 · 拖曳邊緣調整大小（{ratio} 保持比例，{centre} 從中央）· 繪製時按空白鍵移動 · {commit} 確認 · Esc 取消
	Follows only edges this close to the pointer ([ and ] change it)	僅追蹤距指標此距離內的邊緣（按 [ 和 ] 變更）
	Higher values follow only edges that contrast sharply with their surroundings	值越高，僅追蹤與周圍對比強烈的邊緣
	How often fastening points are placed by themselves	自動放置固定點的頻率
	Pupil Size	瞳孔大小
	Sample Size	取樣尺寸
	Scrubby Zoom	拖曳縮放
	Straighten: tilt the frame to level a horizon	拉直：傾斜框架以使地平線水平
	{mode} Color · {bits} bit	{mode} 色彩 · {bits} 位元
	+ Add	+ 新增
	1 file to download ({size}), verified by SHA-256:	需下載 1 個檔案（{size}），經 SHA-256 驗證：
	A copy in the Edited folder (originals untouched)	Edited 資料夾中的副本（原始檔保持不變）
	A new image from a description and optional reference images	根據描述和選用的參考影像建立新影像
	ACCOUNTS (OPTIONAL)	帳戶（選用）
	AI	AI
	AI ENGINE	AI 引擎
	AI Enhance	AI 增強
	AI off	AI 已關閉
	AI ready{gpu}	AI 就緒{gpu}
	AI starting…	AI 正在啟動…
	AI · no models	AI · 無模型
	API key	API 金鑰
	Accept the licence on the publisher's page first	請先在發佈者頁面上接受授權條款
	Add Background ▾	新增背景 ▾
	Add Folder…	新增資料夾…
	Add Images…	新增影像…
	Add Key…	新增金鑰…
	Add a LoRA	新增 LoRA
	Add an image file	新增影像檔案
	Add the current image	新增目前影像
	Add your {provider} API key in Local AI › Cloud to use it.	請在「本機 AI › 雲端」中新增你的 {provider} API 金鑰以使用它。
	Add your {provider} API key in Local AI › Cloud.	請在「本機 AI › 雲端」中新增你的 {provider} API 金鑰。
	Added “{name}” to the model list (basic controls)	已將「{name}」新增到模型清單（基本控制項）
	Address:	位址：
	Already installed: {names}	已安裝：{names}
	Apply Edit	套用編輯
	Ask each time (Save As)	每次詢問（另存新檔）
	Avoid… (negative prompt)	避免…（反向提示詞）
	BROWSE	瀏覽
	Background:	背景：
	Basic controls	基本控制項
	Browse Models…	瀏覽模型…
	CLOUD (OPTIONAL)	雲端（選用）
	CLOUD · YOUR API KEY	雲端 · 你的 API 金鑰
	CUSTOM WORKFLOWS	自訂工作流程
	Cancelled	已取消
	Change the open image from an instruction (edit models), or restyle it	依指令修改開啟的影像（編輯模型），或變更其風格
	Change…	變更…
	Check again	重新檢查
	Checking for profile updates…	正在檢查設定檔更新…
	Checking models…	正在檢查模型…
	Checking the files’ sizes and checksums…	正在檢查檔案大小和總和檢查碼…
	Choose Folder…	選擇資料夾…
	Choose a model	選擇模型
	Choose a model to refine with.	請選擇用於精修的模型。
	Choose the model folder	選擇模型資料夾
	Choose your ComfyUI folder	選擇你的 ComfyUI 資料夾
	Civitai API key:	Civitai API 金鑰：
	Click Remove Background first; then drag to erase or restore parts of the cutout.	請先按一下「移除背景」，然後拖曳以擦除或還原去背的部分區域。
	ComfyUI at {host} — click for Local AI settings	{host} 上的 ComfyUI — 按一下開啟本機 AI 設定
	ComfyUI installation found.	已找到 ComfyUI 安裝。
	ComfyUI is not running at {host}	ComfyUI 未在 {host} 上執行
	ComfyUI workflow	ComfyUI 工作流程
	Connected to ComfyUI at {host}	已連線到 {host} 上的 ComfyUI
	Copy Prompt	複製提示詞
	Could not open {name}: {error}	無法開啟 {name}：{error}
	Could not save settings: {error}	無法儲存設定：{error}
	Couldn't save: {error}	無法儲存：{error}
	Couldn't update profiles: {error}	無法更新設定檔：{error}
	Cuts out the subject of each image with Qwen Image 2.1 and saves PNGs. Originals are never changed.	使用 Qwen Image 2.1 為每張影像的主體去背並儲存為 PNG。原始影像永遠不會變更。
	Delete from Library	從圖庫中刪除
	Describe details to add (optional)…	描述要新增的細節（選用）…
	Describe the change, e.g. “make it golden hour”…	描述變更，例如「變成黃金時刻」…
	Describe the empty scene behind your subject	描述主體背後的空場景
	Describe the image (optional)…	描述影像（選用）…
	Describe the image you want it to become…	描述你希望它變成的影像…
	Describe what should appear in the selection	描述選取範圍中應出現的內容
	Describe what you want first.	請先描述你想要的內容。
	Detect	偵測
	Double-click to open	按兩下以開啟
	Download	下載
	Download size	下載大小
	Downloads are checked against the publisher's size and SHA-256, and ComfyUI's model list is refreshed after each install.	下載內容會依照發佈者提供的大小和 SHA-256 進行驗證，每次安裝後都會重新整理 ComfyUI 的模型清單。
	Draft → Refine: generate with this model, then resample the draft with another (e.g. a fast draft refined by a detailed model)	草稿 → 精修：先用此模型產生，再用另一個模型對草稿重新取樣（例如用精細模型精修快速草稿）
	Engine:	引擎：
	Enhance	增強
	Enhances detail and enlarges the image with SeedVR2. The result opens as a new document.	使用 SeedVR2 增強細節並放大影像。結果將以新文件開啟。
	Enlarge	放大
	Enlarge first	先放大
	Enlarge the open image and add detail, tile by tile	放大開啟的影像並逐塊新增細節
	Everything it needs is already installed.	所需的一切均已安裝。
	FAMILIES	系列
	Fetch the latest family profiles (new models, settings) from Local Image's repository	從 Local Image 的存放庫取得最新的系列設定檔（新模型、設定）
	Files present	檔案已存在
	Files present — restart ComfyUI	檔案已存在 — 請重新啟動 ComfyUI
	Fill Selection	填滿選取範圍
	Filmstrip options	底片列選項
	Find LoRAs…	尋找 LoRA…
	Find, compare and install models and LoRAs for any family	尋找、比較並安裝任何系列的模型和 LoRA
	Fits your GPU memory	符合你的 GPU 記憶體
	Found {n} installation(s).	找到 {n} 個安裝。
	Free GPU Memory	釋放 GPU 記憶體
	GPU MEMORY GUIDE	GPU 記憶體指南
	Generate (AI)…	產生 (AI)…
	Generate Background	產生背景
	Generate {n}	產生 {n} 張
	Generated images are kept here.	產生的影像會保存在這裡。
	Generated {name} · seed {seed}	已產生 {name} · 種子 {seed}
	Generation failed: {error}	產生失敗：{error}
	Get Template	取得範本
	Get a key	取得金鑰
	Get models…	取得模型…
	Guidance	引導強度
	Hide the filmstrip (Window › Filmstrip)	隱藏底片列（視窗 › 底片列）
	How much may change: 100 % regenerates, lower keeps more of the image	可變更的程度：100 % 為重新產生，越低保留的原圖越多
	Hugging Face token:	Hugging Face 權杖：
	I have read and accept the licence	我已閱讀並接受授權條款
	Images	影像
	Images per run (1–4)	每次執行的影像數（1–4）
	Image…	影像…
	Import ComfyUI Workflow	匯入 ComfyUI 工作流程
	Import Workflow…	匯入工作流程…
	Imported the workflow “{name}”.	已匯入工作流程「{name}」。
	In use	使用中
	Install	安裝
	Install failed	安裝失敗
	Install {name}	安裝 {name}
	Installation:	安裝：
	Installed	已安裝
	Keep	保留
	Keep… (optional)	保留…（選用）
	Licence	授權條款
	Licence gate	需接受授權條款
	Licence: see its page	授權條款：請參閱其頁面
	Loading catalogues…	正在載入目錄…
	Local AI	本機 AI
	Local AI is off — click to set it up	本機 AI 已關閉 — 按一下進行設定
	Local Image doesn't know this family yet: it runs through the official template with prompt, seed and size only	Local Image 尚不支援此系列：它透過官方範本執行，僅支援提示詞、種子和尺寸
	Local Image doesn't know this model family yet: it will appear in the model list as a custom workflow with basic controls (prompt, seed, size).	Local Image 尚不支援此模型系列：它將以具備基本控制項（提示詞、種子、尺寸）的自訂工作流程出現在模型清單中。
	MODELS	模型
	Make a selection first	請先建立選取範圍
	Make a selection to fill.	請建立要填滿的選取範圍。
	Model Browser	模型瀏覽器
	Model default	模型預設
	Model folder:	模型資料夾：
	Model profiles are up to date	模型設定檔已是最新
	Model:	模型：
	Models unloaded.	模型已卸載。
	My preset {n}	我的預設集 {n}
	Newest	最新
	Next image ({key})	下一張影像（{key}）
	No ComfyUI installation found in the usual places.	在常用位置找不到 ComfyUI 安裝。
	No ComfyUI installation found. Choose its folder in Local AI, or install ComfyUI first.	找不到 ComfyUI 安裝。請在「本機 AI」中選擇其資料夾，或先安裝 ComfyUI。
	No LoRAs for this model family are installed (Find LoRAs…)	未安裝此模型系列的 LoRA（尋找 LoRA…）
	No compatible LoRAs installed.	未安裝相容的 LoRA。
	No matches. Try another family, source or search.	沒有符合項目。請嘗試其他系列、來源或搜尋字詞。
	Not chosen — detected automatically	未選擇 — 自動偵測
	Not enough space in {folder} ({free} free).	{folder} 空間不足（可用 {free}）。
	Not installed: {reason}	未安裝：{reason}
	Not stated: check the model's page before use	未說明：使用前請查看模型頁面
	Nothing installed yet. Pick a model from Trending or a family.	尚未安裝任何內容。請從「熱門」或某個系列中選擇模型。
	Nothing matches.	沒有符合項目。
	Only .safetensors and .gguf files with a published size and SHA-256 are installed.	僅安裝已公布大小和 SHA-256 的 .safetensors 與 .gguf 檔案。
	Open Folder	開啟資料夾
	Open Its Page	開啟其頁面
	Open an image first	請先開啟影像
	Open an image first.	請先開啟影像。
	Open an image from the filmstrip's folder first.	請先從底片列的資料夾中開啟影像。
	Open its page	開啟其頁面
	Paint over a distraction; it's removed when you release	在干擾物上塗抹，放開後即被移除
	Place as Layer	置入為圖層
	Port:	連接埠：
	Precision	精度
	Preset name	預設集名稱
	Previous image ({key})	上一張影像（{key}）
	Qwen Compact	Qwen 精簡版
	Qwen Full	Qwen 完整版
	RESULTS	結果
	Read the licence	閱讀授權條款
	Ready	就緒
	Recreate	重新產生
	References · {n}/{max}	參考圖 · {n}/{max}
	Refine	精修
	Refine model: {why}	精修模型：{why}
	Refine strength	精修強度
	Refine with	精修模型
	Refine:	精修：
	Refresh	重新整理
	Regenerate the selection (Photoshop's Generative Fill)	重新產生選取範圍（Photoshop 的生成填色）
	Remove Backgrounds	批次移除背景
	Remove Selection	移除選取範圍內容
	Request Access…	申請存取…
	Resample the open image at a chosen strength (img2img)	以所選強度對開啟的影像重新取樣（img2img）
	Results appear here and are saved to the Library.	結果顯示在這裡並儲存到圖庫。
	Retry	重試
	Review in Library: see this folder in the Library's grid to compare and rate	在圖庫中檢視：在圖庫格線中查看此資料夾以進行比較和評分
	Rough GPU memory to run it	執行所需的大約 GPU 記憶體
	Rough GPU memory to run it: more than your GPU has	執行所需的大約 GPU 記憶體：超過你的 GPU 容量
	Running {name}	正在執行 {name}
	Runs on {provider}'s servers: your prompt and images are sent there.	在 {provider} 的伺服器上執行：你的提示詞和影像會傳送到那裡。
	Runs on {provider}: your prompt and images are sent there, billed to your key.	在 {provider} 上執行：你的提示詞和影像會傳送到那裡，費用記在你的金鑰上。
	SELECTION MODELS (CPU)	選取範圍模型（CPU）
	Save & Next	儲存並下一張
	Save & Next saves to	「儲存並下一張」儲存到
	Save Preset	儲存預設集
	Save a copy in the Edited folder and open the next one ({key})	在 Edited 資料夾中儲存副本並開啟下一張（{key}）
	Save these settings as a preset	將這些設定儲存為預設集
	Save this image (Save As) and open the next one ({key})	儲存此影像（另存新檔）並開啟下一張（{key}）
	Save this image over the original and open the next one ({key})	儲存此影像覆寫原始檔並開啟下一張（{key}）
	Save to:	儲存到：
	Saved {name}	已儲存 {name}
	Search LoRAs	搜尋 LoRA
	Search models	搜尋模型
	Search prompts	搜尋提示詞
	See each model's page	請參閱各模型的頁面
	Select Subject, Remove Background (Quick) and Object Selection clicks use the best one installed. No GPU or ComfyUI needed.	「選取主體」、「移除背景（快速）」和「物件選取」的點按會使用已安裝的最佳模型。不需要 GPU 或 ComfyUI。
	Sent as {size}	以 {size} 傳送
	Set up AI…	設定 AI…
	Show the folder when opening a photo	開啟相片時顯示資料夾
	Start AI Engine	啟動 AI 引擎
	Start the AI engine first: Local Image checks what ComfyUI already has. ({error})	請先啟動 AI 引擎：Local Image 會檢查 ComfyUI 中已有的內容。（{error}）
	Start the AI engine to see your GPU's memory; showing what fits 8 GB.	啟動 AI 引擎即可檢視 GPU 記憶體；目前顯示可在 8 GB 中執行的內容。
	Starting ComfyUI… (the first start can take a minute)	正在啟動 ComfyUI…（首次啟動可能需要一分鐘）
	Starting image · {n}/{max}	起始影像 · {n}/{max}
	Starting {name}…	正在啟動 {name}…
	Steps	步數
	Stopped	已停止
	Styles (LoRA) · {n}/{max}	風格（LoRA）· {n}/{max}
	That file is not a ComfyUI workflow (JSON).	該檔案不是 ComfyUI 工作流程（JSON）。
	That folder has no ComfyUI (main.py and a Python environment).	該資料夾中沒有 ComfyUI（main.py 和 Python 環境）。
	That was the first image in the folder.	這是資料夾中的第一張影像。
	That was the last image in the folder.	這是資料夾中的最後一張影像。
	The AI engine (ComfyUI) is not running.	AI 引擎（ComfyUI）未執行。
	The AI engine is starting…	AI 引擎正在啟動…
	The author doesn't allow commercial use.	作者不允許商業使用。
	The model isn't ready.	模型尚未就緒。
	The original file	原始檔案
	The publisher asks you to accept its licence on its page first; add a Hugging Face token in Local AI settings.	發佈者要求你先在其頁面上接受授權條款；請在本機 AI 設定中新增 Hugging Face 權杖。
	The workflow has no nodes titled li:prompt, li:image, li:mask, li:seed or li:output, so Local Image can't fill it in. Rename the nodes in ComfyUI and export again.	該工作流程中沒有標題為 li:prompt、li:image、li:mask、li:seed 或 li:output 的節點，因此 Local Image 無法填入。請在 ComfyUI 中重新命名節點後再次匯出。
	Tokens let the Model Browser download gated or sign-in-only models. They're sent only to their own site.	權杖可讓模型瀏覽器下載受限或需登入的模型。權杖只會傳送到各自的網站。
	Transparent PNG	透明 PNG
	Transparent background	透明背景
	Trending	熱門
	Trending this week	本週熱門
	Unknown family	未知系列
	Update Model Profiles	更新模型設定檔
	Updated 1 model profile: {names}	已更新 1 個模型設定檔：{names}
	Updated {n} model profiles: {names}	已更新 {n} 個模型設定檔：{names}
	Upscale	放大
	Upscale {scale}×	放大 {scale}×
	Use	使用
	Use as Reference	用作參考圖
	Variation strength	變化強度
	Waiting	等待中
	What should appear in the selection…	選取範圍中應出現的內容…
	With your own API key, Generate can also use cloud models (they appear under Cloud in the model picker). Your prompt and images then go from this computer to that provider and are billed to your account; nothing else is sent anywhere.	使用你自己的 API 金鑰，產生功能也可以使用雲端模型（它們顯示在模型選擇器的「雲端」下）。此時你的提示詞和影像會從這台電腦傳送到該供應商，並記入你的帳戶；不會向任何地方傳送其他內容。
	Works on my GPU	可在我的 GPU 上執行
	a “cutouts” folder beside each image	每張影像旁的「cutouts」資料夾
	just now	剛剛
	new each time	每次都新建
	seed {seed}	種子 {seed}
	{author} · {n} downloads	{author} · {n} 次下載
	{best_for} · {size} · {gb} GB GPU	{best_for} · {size} · {gb} GB GPU
	{done} of {total}	{done} / {total}
	{licence} · non-commercial	{licence} · 非商業
	{model} creates, edits and fills; choose a local model to refine or upscale.	{model} 可建立、編輯和填滿；如需精修或放大，請選擇本機模型。
	{mode} with {model}	{mode}（{model}）
	{name} (family unknown)	{name}（系列未知）
	{name} · Custom workflow	{name} · 自訂工作流程
	{name} · edited copy saved	{name} · 已儲存編輯後的副本
	{name} · {gb} GB GPU memory	{name} · {gb} GB GPU 記憶體
	{name} — click to remove	{name} — 按一下以移除
	{n} LoRAs	{n} 個 LoRA
	{n} days ago	{n} 天前
	{n} downloads	{n} 次下載
	{n} edited	已編輯 {n} 張
	{n} files to download ({size}), verified by SHA-256:	需下載 {n} 個檔案（{size}），經 SHA-256 驗證：
	{n} h ago	{n} 小時前
	{n} images	{n} 張影像
	{n} images in {folder}	{folder} 中有 {n} 張影像
	{n} min ago	{n} 分鐘前
	{n} models	{n} 個模型
	{n} refs	{n} 張參考圖
	{size} · runs on the CPU · {licence}	{size} · 在 CPU 上執行 · {licence}
	{source}: offline, showing results from {when}	{source}：離線，顯示 {when} 的結果
	{source}: the catalogue couldn't be read	{source}：無法讀取目錄
	{why} Qwen Image 2.1 runs these.	{why} 這些功能由 Qwen Image 2.1 執行。
	Choose…	選擇…
	Stop	停止
	Seed	種子
	Solid Color	純色
	Strength	強度
	Qwen AI · Compact	Qwen AI · 精簡版
	Qwen AI · Full	Qwen AI · 完整版
	Standard (CPU)	標準（CPU）
	Templates	範本
	Community	社群
ai	Restore	還原
ai	Sampler	取樣器
ai	New	最新
	Filmstrip shows folder	在底片列中顯示資料夾
	Save and next saves to	「儲存並下一張」的儲存位置
	Develop	編輯相片
	Compositing	合成
	Develop photos: light, colour, detail, masks, AI selections and removal	編輯相片:光線、色彩、細節、遮色片、AI 選取與移除
	Layers, retouching, compositing and every AI tool	圖層、修飾、合成以及所有 AI 工具
	Develop…	編輯相片…
	Open the Library to develop this layer	請開啟圖庫以編輯此圖層
	The active layer isn't a Develop layer	作用中的圖層不是編輯相片圖層
	Updated from Develop	已從編輯相片更新
	{name} · Develop layer (double-click it to return to Develop)	{name} · 編輯相片圖層(按兩下可返回編輯相片)
	A merged copy on top, as a Smart Object with a Camera Raw Filter.	在頂端建立合併拷貝，作為帶 Camera Raw 濾鏡的智慧型物件。
	Apply Destructively	破壞性套用
	As a Smart Object the filter stays editable: double-click it in the Layers panel to change it.	作為智慧型物件，濾鏡仍可編輯：在「圖層」面板中按兩下即可修改。
	Camera Raw Filter	Camera Raw 濾鏡
	Camera Raw Filter applied	已套用 Camera Raw 濾鏡
	Camera Raw Filter cancelled	已取消 Camera Raw 濾鏡
	Composite	合成
	Convert	轉換
	Convert to Smart Object to keep it editable?	轉換為智慧型物件以保持可編輯？
	Develop a Layered Document	編輯分層文件
	Develop the composite (live)	編輯合成影像（即時）
	Don't ask again	不再詢問
	Just switch	僅切換
	Merge visible to a new layer and develop	將可見圖層合併至新圖層並編輯
	Show the Library's Develop module.	顯示圖庫的「編輯相片」模組。
	The visible layers become a Smart Object (still editable inside) with a Camera Raw Filter.	可見圖層會成為帶 Camera Raw 濾鏡的智慧型物件（內部仍可編輯）。
	This document has no Develop layer. How should Develop work on it?	此文件沒有編輯相片圖層。「編輯相片」應如何處理它？
	Pen pressure curve	筆壓曲線
	Paste Seamless	無縫貼上
	Cage	籠形
	Seamless	無縫
	Blend the cloned pixels into their surroundings	將仿製的像素融入周圍
	Subject Assist	主體輔助
	Guide the selection with the installed selection model	以已安裝的選取模型引導選取範圍
	Firm	偏硬
	Input pressure → brush pressure	筆的壓力 → 筆刷壓力
	Green Coordinates	Green 座標
	Mean Value Coordinates	均值座標
	Reset Cage	重設籠形
	Close Cage	閉合籠形
	Commit Cage ({key})	套用籠形 ({key})
	Drag the cage's points to deform	拖曳籠形的點進行變形
	Click to draw a cage around the content; click the first point or press Enter to close it	按一下以在內容周圍繪製籠形；按一下第一個點或按 Enter 鍵將其閉合
	The cage can't cross itself	籠形不能自我交叉
	A cage needs at least three points	籠形至少需要三個點
	The cage is closed: drag its points	籠形已閉合：請拖曳它的點
	Cage is not active	籠形未啟用
	Could not use Cage: the layer is empty	無法使用籠形：圖層是空的
	Index	索引
	Browse LoRAs for this model family	瀏覽此模型系列的 LoRA
	Browse LoRAs…	瀏覽 LoRA…
	Choose another model…	選擇其他模型…
	Couldn't remove {name}: {error}	無法移除 {name}：{error}
	Find LoRAs (styles) for the chosen model's family	為所選模型的系列尋找 LoRA（風格）
	Kept because other installed models use them: {files}	因其他已安裝的模型正在使用而保留：{files}
	List only the official upscalers (SeedVR2)	只顯示官方放大模型（SeedVR2）
	Move to Trash	移到垃圾桶
	None of its files are in the model folder.	模型資料夾中沒有它的任何檔案。
	ON-DEVICE MODELS (CPU)	本機模型（CPU）
	Official upscalers only	僅官方放大模型
	Recommended	推薦
	Remove (deletes the files)	移除（刪除檔案）
	Remove (moves the files to the Trash)	移除（將檔案移到垃圾桶）
	Remove {name}?	移除 {name}？
	Removed {name} ({size} freed)	已移除 {name}（釋放 {size}）
	Stop generation	停止生成
	Stopped generation	已停止生成
	This frees {size}. The files are deleted permanently.	這會釋放 {size}。檔案將被永久刪除。
	This frees {size}. The files go to the Trash, so you can restore them from there.	這會釋放 {size}。檔案會移到垃圾桶，可從那裡復原。
	Unload AI models from GPU memory (the AI engine is off)	從 GPU 記憶體卸載 AI 模型（AI 引擎未執行）
	Unload AI models from GPU memory	從 GPU 記憶體卸載 AI 模型
	Unloading AI models…	正在卸載 AI 模型…
	Upscale with any image model instead: enlarge, then add detail with img2img	改用任何影像模型放大：先放大，再以 img2img 加入細節
	kept {files}	已保留 {files}
	using {name}	正在使用 {name}
	{n} of {total} installed	已安裝 {n}/{total}
	{size} download · runs on the CPU · {licence}	下載 {size} · 在 CPU 上執行 · {licence}
	Small models that run on this computer's processor: no ComfyUI or GPU needed, quick downloads, and your photos never leave the computer. Each group powers different tools, and the best model installed in a group is the one used.	在本機處理器上執行的小型模型：不需要 ComfyUI 或 GPU，下載快速，相片也不會離開這台電腦。每組服務不同的工具，並使用組內已安裝的最佳模型。
	Subject & Background	主體與背景
# Selected-item context bars and live shapes
	AI Fill	AI 填色
	Add a vector mask from the path	從路徑新增向量遮色片
	Bottom-left corner radius	左下角半徑
	Bottom-right corner radius	右下角半徑
	Content-Aware Fill	內容感知填色
	Corners	角落
	Create another variation using this layer's prompt and a new seed	使用此圖層的提示詞與新種子建立另一個變化
	Describe what to generate, or leave empty to fill from the surroundings	描述要生成的內容，或留白以依周圍內容填色
	Edit Path	編輯路徑
	Edit Text	編輯文字
	Edit the shape's anchors and handles	編輯形狀的錨點與控制把手
	Edit this photo's develop settings	編輯此照片的顯影設定
	Fill the path's area from the image around it	依周圍影像填滿路徑區域
	Fill the selection from the image around it	依周圍影像填滿選取範圍
	Generate this area again from its surroundings	依周圍內容重新生成此區域
	Generate “{prompt}” again with a new seed	使用新種子重新生成「{prompt}」
	Generative Fill: regenerate the area from your description (empty: from its surroundings)	生成式填色：依描述重新生成區域（留白：依周圍內容）
	Generative Fill: regenerate the path's area from a description	生成式填色：依描述重新生成路徑區域
	L	長
	Line weight	線條粗細
	Mask out the background with AI	使用 AI 遮住背景
	Number of sides	邊數
	Open in Develop	在顯影中開啟
	Open the Smart Object's contents	開啟智慧型物件的內容
	Regenerate	重新生成
	Select the main subject with AI	使用 AI 選取主體
	Set radius of all corners	設定所有角落的半徑
	Set shape stroke width	設定形狀筆畫寬度
	Set the font size	設定字級
	This layer has no generation model to repeat	此圖層沒有可重複生成的模型
	This layer has no generation settings to repeat	此圖層沒有可重複生成的設定
	This layer's generation model is unavailable	此圖層的生成模型無法使用
	Top-left corner radius	左上角半徑
	Top-right corner radius	右上角半徑
	Turn the shape into pixels	將形狀轉換為像素
	Variations	變化
	Close panel	關閉面板
	Dock Panel	停靠面板
	Float Panel Group	浮動面板群組
	Save and Return to Library	儲存並返回圖庫
	Added your new Develop edits as layer {name}	已將您新的 Develop 編輯加入為圖層 {name}
	Open the Library to save into it	請先開啟圖庫再儲存至其中
	The layers below are unchanged; hide or delete the new layer to go back.	下方圖層未變更；如需還原，請隱藏或刪除新圖層。
# Attributions page (li-attributions)
	Attributions	致謝與授權
	Search attributions…	搜尋致謝與授權…
	No matches.	沒有符合的項目。
	Show licence text	顯示授權全文
	Smart Sort (scenes)	智慧分類（場景）
	Recognises what a photo shows (speakers, audience, details…) so Smart Sort can put it in the right folder. Runs on the CPU; photos never leave this computer.	辨識照片內容（演講者、觀眾、細節等），讓智慧分類能將照片放入合適的資料夾。在 CPU 上執行；照片始終保留在此電腦上。
	Recognises scenes from your descriptions for Smart Sort. A fast local model for speakers, audiences, details and other categories you choose. Downloads include its text model and tokenizer.	根據您的描述為智慧分類辨識場景。快速的本機模型可辨識演講者、觀眾、細節及其他自選類別。下載包含文字模型和分詞器。
	Finds the main subject of a photo. Used by Select › Subject, Remove Background (Quick), the Object Selection tool's click mode, and the Library's Subject and Background masks.	找出照片的主體。用於選取 › 主體、移除背景（快速）、物件選取工具的點按模式，以及圖庫的主體與背景遮色片。
	Finds the sky. Used by Select › Sky and the Library's sky masks.	找出天空。用於選取 › 天空以及圖庫的天空遮色片。
	Estimates how far away each part of a photo is. Used by the Library's depth masks (e.g. to darken or blur the background, or pick the foreground by distance).	估計照片各部分的遠近。用於圖庫的深度遮色片（例如壓暗或模糊背景，或依距離選取前景）。
	Finds the subject with the finest edges (hair, fur, thin details). The best quality for Select Subject and Remove Background; takes a second or two per photo.	以最精細的邊緣找出主體（頭髮、毛髮、細小細節）。選取主體與移除背景的最佳品質；每張照片約需一兩秒。
	Clean edges between near and far, good on most photos. Takes a few seconds per photo.	遠近之間邊緣乾淨，適合大多數照片。每張照片約需幾秒。
	Custom: {name}	自訂：{name}
	Use official model	使用官方模型
	Your own model, run on the CPU instead of the official one.	您自己的模型，在 CPU 上執行，取代官方模型。
	{name} · {size} download · runs on the CPU · {licence}	{name} · 下載 {size} · 在 CPU 上執行 · {licence}
	Custom model…	自訂模型…
	Pick any .onnx model that does this. It is copied into the models folder and used instead of the official one.	選擇任何可執行此功能的 .onnx 模型。它會被複製到模型資料夾，並取代官方模型使用。
	Input style:	輸入樣式：
	IS-Net style	IS-Net 樣式
	U²-Net / ImageNet style	U²-Net / ImageNet 樣式
	Sky class:	天空類別：
	Only used when the model gives one map per class (ADE20K: 2).	僅當模型為每個類別輸出一張圖時使用（ADE20K：2）。
	Testing the model…	正在測試模型…
	Choose an ONNX file…	選擇 ONNX 檔案…
	That model can't be used: {error}	無法使用該模型：{error}
	Choose an ONNX model	選擇 ONNX 模型
	ONNX model	ONNX 模型
	Remove old models ({size})	移除舊模型（{size}）
	Moves the models the app no longer uses (U²-Net, TinySkyNet, MiDaS) to the Trash.	將應用程式不再使用的模型（U²-Net、TinySkyNet、MiDaS）移到垃圾桶。
	the old models	舊模型
	Small models that run on this computer's processor: no ComfyUI or GPU needed, quick downloads, and your photos never leave the computer. Each function has one recommended model; you can use your own ONNX model instead.	在這台電腦的處理器上執行的小型模型：不需要 ComfyUI 或 GPU，下載快速，您的照片永遠不會離開這台電腦。每項功能有一個建議模型；您也可以改用自己的 ONNX 模型。
	Choose an ONNX model (a file ending in .onnx)	選擇一個 ONNX 模型（以 .onnx 結尾的檔案）
	Not a depth model: it must output one depth map	不是深度模型：必須輸出一個深度圖
	Not a sky model	不是天空模型
	Not a sky model: its output {shape} should be 1 map or one map per class	不是天空模型：其輸出 {shape} 應為 1 個圖或每個類別一個圖
	Not a subject model: it must output one foreground map	不是主體模型：必須輸出一個前景圖
	The model has no input	模型沒有輸入
	The model's input has {channels} channels; an RGB image (3) is needed	模型的輸入具有 {channels} 個通道；需要 RGB 影像（3）
	The model's input is {height}×{width}; a square input (or a flexible size) is needed	模型的輸入為 {height}×{width}；需要正方形輸入（或彈性尺寸）
	The model's input must be an image (batch × 3 × height × width)	模型的輸入必須是影像（批次 × 3 × 高度 × 寬度）
	The sky class {class} is out of range: this model has {classes} classes (0 to {max})	天空類別 {class} 超出範圍：此模型具有 {classes} 個類別（0 到 {max}）
	{path} isn't a file	{path} 不是檔案
	Custom models are not supported for this function	此功能不支援自訂模型
	Moves the selected layers or the selection.	移動選取的圖層或選取範圍。
	Drag to move; hold {shift} to keep to one axis.	拖曳以移動；按住 {shift} 可保持在單一軸向上。
	{alt}-drag to move a copy.	{alt}+拖曳可移動拷貝。
	{cmd}-click picks the layer under the pointer (it switches Auto-Select for that click).	{cmd}+按一下可選取指標下方的圖層 (該次按一下會切換「自動選取」)。
	Arrow keys nudge by 1 pixel, {shift}+arrow by 10.	方向鍵可微調 1 像素，{shift}+方向鍵為 10 像素。
	Selects a rectangular area.	選取矩形區域。
	Drag to select; {shift}-drag adds to the selection, {alt}-drag subtracts.	拖曳以選取；{shift}+拖曳可加入選取範圍，{alt}+拖曳可從選取範圍減去。
	Hold {shift} and {alt} together to intersect.	同時按住 {shift} 和 {alt} 可選取交集。
	Selects an oval or circular area.	選取橢圓形或圓形區域。
	Selects by drawing a freehand outline.	以繪製手繪外框的方式選取。
	Drag to draw; release to close the outline.	拖曳以繪製；放開滑鼠即可封閉外框。
	Hold {alt} while drawing for straight segments; let go to go freehand again.	繪製時按住 {alt} 可繪製直線線段；放開後恢復手繪。
	Hold {shift} before you start to add, {alt} to subtract.	開始前按住 {shift} 可加入，按住 {alt} 可減去。
	Selects with a straight-sided outline.	以直線外框選取。
	Click to place each corner.	按一下以放置每個角落。
	Click the first point, or double-click, to close the shape.	按一下第一個點或按兩下即可封閉形狀。
	Hold {shift} for the first click to add, {alt} to subtract.	第一次按一下時按住 {shift} 可加入，按住 {alt} 可減去。
	Selects by following the edge of an object.	沿著物件邊緣選取。
	Click to start, then move along the edge; click to fasten a point.	按一下以開始，然後沿著邊緣移動；按一下可固定一個點。
	{alt}-click adds a straight segment; drag for freehand.	{alt}+按一下可加入直線線段；拖曳則為手繪。
	Double-click, or click the first point, to close the outline.	按兩下或按一下第一個點即可封閉外框。
	Selects an object with the local AI model.	使用本機 AI 模型選取物件。
	Click an object, or drag a box around it.	按一下物件，或在物件周圍拖曳方框。
	{shift} adds to the selection, {alt} subtracts.	{shift} 可加入選取範圍，{alt} 可從選取範圍減去。
	Paints a selection that grows out to the edges.	繪製會向外擴展至邊緣的選取範圍。
	Drag over the area you want.	在想要的區域上拖曳。
	Hold {alt} while dragging to subtract.	拖曳時按住 {alt} 可減去。
	Selects pixels of a similar colour with one click.	按一下即可選取相似顏色的像素。
	Click a colour; Tolerance and Contiguous are in the options bar.	按一下顏色；「容許度」和「相鄰」位於選項列中。
	{shift}-click adds, {alt}-click subtracts, {shift}+{alt}-click intersects.	{shift}+按一下可加入，{alt}+按一下可減去，{shift}+{alt}+按一下可選取交集。
	Trims the image to a rectangle.	將影像裁切為矩形。
	Drag to draw the crop, then drag the handles to adjust.	拖曳以繪製裁切，然後拖曳控點進行調整。
	Hold {shift} to keep the ratio and {alt} to resize from the centre.	按住 {shift} 可保持比例，按住 {alt} 可從中心調整大小。
	Press Enter to apply, Esc to cancel.	按 Enter 套用，按 Esc 取消。
	Crops to a four-cornered shape and straightens it, as for a photographed page or building.	裁切為四角形並將其拉直，適用於拍攝的頁面或建築物。
	Divides the image into slices for web export.	將影像分割為切片以供網頁轉存。
	Selects and adjusts existing slices.	選取並調整現有的切片。
	Samples a colour from the image.	從影像中取樣顏色。
	Click to set the foreground colour.	按一下以設定前景色。
	{alt}-click sets the background colour.	{alt}+按一下可設定背景色。
	Measures distances and angles on the image.	測量影像上的距離和角度。
	Adds a text note to the document.	在文件上加入文字註解。
	Counts items in the image by clicking on each.	按一下每個項目即可在影像中計數。
	Removes a blemish by blending in the pixels around it.	以混合周圍像素的方式移除污點。
	Paint over the spot.	在污點上塗繪。
	Hold {shift} for a straight line from the last stroke.	按住 {shift} 可從上次筆畫繪製直線。
	Repairs an area using sampled pixels, matching light and texture.	使用取樣的像素修復區域，並符合光線和紋理。
	{alt}-click to set the source point.	{alt}+按一下可設定來源點。
	Then paint over the area to repair.	然後在要修復的區域上塗繪。
	Repairs a selected area from another area.	使用另一個區域修復選取區域。
	Draw around the flaw, then drag the selection onto clean pixels.	在瑕疵周圍繪製，然後將選取範圍拖曳到乾淨的像素上。
	Drag from inside an existing selection to move it.	從現有選取範圍內部拖曳可移動它。
	Moves a selected object and fills the gap it leaves.	移動選取的物件並填滿其留下的空隙。
	Draw around the object, then drag the selection to its new place.	在物件周圍繪製，然後將選取範圍拖曳到新位置。
	Removes red from the pupils in flash photos.	移除閃光燈相片中瞳孔的紅眼。
	Click on the red pupil.	按一下紅色瞳孔。
	Paints soft or hard strokes in the foreground colour.	以前景色繪製柔邊或硬邊筆畫。
	Drag to paint; hold {shift} to keep a straight line.	拖曳以塗繪；按住 {shift} 可保持直線。
	{shift}-click draws a line from the end of the last stroke.	{shift}+按一下可從上次筆畫的終點繪製直線。
	Hold {alt} to pick a colour from the image.	按住 {alt} 可從影像挑選顏色。
	Paints hard-edged strokes.	繪製硬邊筆畫。
	Paints with colours that mix with the canvas, like wet paint.	使用會與畫布混合的顏色塗繪，如同濕油漆。
	Paints with pixels copied from another part of the image.	使用從影像另一部分複製的像素塗繪。
	Then paint where you want the copy.	然後在想要複製的位置塗繪。
	Paints back an earlier state of the image.	塗回影像較早的狀態。
	Erases pixels as you drag.	拖曳時擦除像素。
	Drag to erase; hold {shift} to keep a straight line.	拖曳以擦除；按住 {shift} 可保持直線。
	Erases the background colour under the brush, keeping edges.	擦除筆刷下的背景色，並保留邊緣。
	Drag along the edge of the subject.	沿主體邊緣拖曳。
	Erases all pixels of a similar colour with one click.	按一下可擦除所有相似顏色的像素。
	Click the colour to erase.	按一下要擦除的顏色。
	Fills with a blend between colours.	以色彩之間的漸層填滿。
	Drag from where the blend starts to where it ends.	從漸層起點拖曳到終點。
	Hold {shift} to snap the angle to 45 degrees.	按住 {shift} 可將角度貼齊至 45 度。
	Fills an area of similar colour with the foreground colour.	以前景色填滿相似顏色的區域。
	Click inside the area to fill.	在區域內按一下即可填滿。
	Softens the pixels you paint over.	柔化塗繪過的像素。
	Drag to blur; hold {shift} to keep a straight line.	拖曳以模糊；按住 {shift} 可保持直線。
	Sharpens the pixels you paint over.	銳利化塗繪過的像素。
	Drag to sharpen; hold {shift} to keep a straight line.	拖曳以銳利化；按住 {shift} 可保持直線。
	Smears pixels in the direction you drag, like wet paint.	沿拖曳方向塗抹像素，如同濕油漆。
	Drag to smudge; hold {shift} to keep a straight line.	拖曳以塗抹；按住 {shift} 可保持直線。
	Lightens the areas you paint over.	加亮塗繪過的區域。
	Drag to lighten; hold {shift} to keep a straight line.	拖曳以加亮；按住 {shift} 可保持直線。
	Darkens the areas you paint over.	加深塗繪過的區域。
	Drag to darken; hold {shift} to keep a straight line.	拖曳以加深；按住 {shift} 可保持直線。
	Raises or lowers the colour saturation where you paint.	提高或降低塗繪位置的色彩飽和度。
	Drag to change saturation; hold {shift} to keep a straight line.	拖曳以變更飽和度；按住 {shift} 可保持直線。
	Draws precise paths and shapes with anchor points.	使用錨點繪製精確路徑和形狀。
	Click to add points; {alt} on an anchor turns it into a corner or smooth point.	按一下可新增錨點；在錨點上按 {alt} 可將其轉換為轉角或平滑點。
	Selects and moves whole paths.	選取並移動整個路徑。
	Selects and edits individual anchor points and handles.	選取並編輯個別錨點和控點。
	Click an anchor or handle; drag a box to select several.	按一下錨點或控點；拖曳方框可選取數個。
	{shift}-click toggles an anchor in the selection.	{shift}+按一下可切換選取範圍中的錨點。
	{alt}-drag a handle to move it on its own.	{alt}+拖曳控點可單獨移動它。
	Adds text to the image.	在影像上加入文字。
	Click to type a line of text.	按一下即可輸入一行文字。
	Drag to make a box for paragraph text.	拖曳以建立段落文字方框。
	Adds text that runs top to bottom.	加入由上而下的文字。
	Draws rectangles as editable shape layers.	繪製矩形作為可編輯的形狀圖層。
	Draws ellipses and circles as editable shape layers.	繪製橢圓形和圓形作為可編輯的形狀圖層。
	Draws triangles as editable shape layers.	繪製三角形作為可編輯的形狀圖層。
	Draws polygons with any number of sides.	繪製任意邊數的多邊形。
	Draws straight lines as editable shape layers.	繪製直線作為可編輯的形狀圖層。
	Draws a shape chosen from the shape library.	繪製從形狀資料庫選擇的形狀。
	Pans the view around the image.	平移影像四周的檢視。
	Drag to move the image.	拖曳以移動影像。
	Hold Space with any other tool to pan temporarily.	按住空白鍵並搭配其他工具可暫時平移。
	Magnifies or reduces the view.	放大或縮小檢視。
	Click to zoom in, {alt}-click to zoom out.	按一下可放大，{alt}+按一下可縮小。
	Drag right to zoom in and left to zoom out, or drag a box when Scrubby Zoom is off.	向右拖曳可放大、向左拖曳可縮小；若關閉「拖曳縮放」，則拖曳方框。
	Removes distractions with the local AI model.	使用本機 AI 模型移除干擾物。
	Paint over what you want gone.	在想要移除的內容上塗繪。
	When you let go, the repair lands on its own layer.	放開滑鼠後，修復會落在自己的圖層上。
	Cuts out the subject with the local AI model.	使用本機 AI 模型剪下主體。
	Use Remove Background in the options bar to make the mask.	使用選項列中的「移除背景」來建立遮色片。
	Then paint to erase or restore parts of it; X swaps the two.	然後塗繪以擦除或還原其部分；按 X 可切換兩者。
	Pushes pixels forward as you drag.	拖曳時向前推擠像素。
	Drag across the area to push it along.	拖曳穿過區域以推擠它。
	Undoes warping where you paint.	在塗繪位置復原彎曲。
	Paint over a distorted area to restore it; hold still to keep restoring.	在扭曲區域上塗繪以將其還原；按住不放可持續還原。
	Smooths out the distortion where you paint.	在塗繪處撫平扭曲。
	Paint over an area; hold still to keep smoothing.	在區域上塗繪；按住不放可持續撫平。
	Spins pixels clockwise.	順時針旋轉像素。
	Click or hold still to keep twirling.	按一下或按住不動以持續扭轉。
	Spins pixels counterclockwise.	逆時針旋轉像素。
	Pulls pixels in toward the centre of the brush.	將像素朝筆刷中心拉近。
	Click or hold still to keep pinching.	按一下或按住不動以持續縮攏。
	Pushes pixels out from the centre of the brush.	將像素從筆刷中心向外推。
	Click or hold still to keep swelling.	按一下或按住不動以持續膨脹。
	Shifts pixels sideways as you drag.	拖曳時將像素往側邊移動。
	Drag to move pixels to the left of your direction.	拖曳可將像素移向拖曳方向的左側。
	Protects areas from being warped.	保護區域以免受到扭曲。
	Paint over the areas to protect.	在區域上塗繪以保護該區域。
	Removes protection from frozen areas.	解除凍結區域的保護。
	Paint over the frozen areas to release them.	在凍結區域上塗繪以將其解凍。
	Freezes an area you outline.	凍結您圈選的區域。
	Drag to freeze an outlined area.	拖曳以凍結圈選的區域。
	{alt}-drag to thaw it.	{alt}-拖曳以將其解凍。
	Changes the whole image at once.	一次變更整個影像。
	Also in this group:	此群組中還有：
	How to use	使用方式
	All Tools	所有工具
	Photographer	攝影師
	Retouching	修飾
	Tool Set	工具集
	Tool Sets	工具集
	built-in	內建
	My Tools	我的工具
	Duplicate	複製
	Reset to All Tools	重設為所有工具
	Built-in sets can't be changed. Save a copy to choose your own tools.	內建工具集無法變更。請儲存副本以選擇您自己的工具。
	Save as New Set	儲存為新工具集
	Tick the tools this set shows.	勾選此工具集要顯示的工具。
	Tool tips	工具提示
	Rich (name, shortcut and how to use)	豐富（名稱、快速鍵和使用方式）
	Simple (name and shortcut)	簡單（名稱和快速鍵）
	Tool icons	工具圖示
	Colour (default)	彩色（預設）

# Smart Sort face model bundle
	Faces	人臉
	Finds faces and recognises the same person across photos. Off until you turn it on in Smart Sort. Face data stays in your library.	尋找人臉並辨識不同照片中的同一個人。在 Smart Sort 中啟用前預設關閉。人臉資料保存在圖庫中。
	Finds faces and their landmarks, ready to recognise the same person in other photos. Runs locally on the CPU.	尋找人臉及其特徵點，以辨識其他照片中的同一個人。在本機 CPU 上執行。
	Finds faces and groups photos of the same person for Smart Sort. Includes both face models; runs on the CPU with face data kept in your library.	為 Smart Sort 尋找人臉並將同一個人的照片分組。包含兩個人臉模型；在 CPU 上執行，人臉資料保存在圖庫中。

# Tool tip and tool set completion (English fallback).
	Cancel Rename	Cancel Rename
	Choose Move or Extend in the options bar.	Choose Move or Extend in the options bar.
	Choose the active shape, work path or targeted vector mask.	Choose the active shape, work path or targeted vector mask.
	Click a slice to select it.	Click a slice to select it.
	Click each item to add a numbered marker.	Click each item to add a numbered marker.
	Click the first point to close, Enter to finish an open path.	Click the first point to close, Enter to finish an open path.
	Click the image to add a sampler, then drag its marker to move it.	Click the image to add a sampler, then drag its marker to move it.
	Click to add a note and edit its text in the Notes panel.	Click to add a note and edit its text in the Notes panel.
	Click to add corners; drag to create smooth handles.	Click to add corners; drag to create smooth handles.
	Click to switch between Fit and 100%; {alt}-click zooms out.	Click to switch between Fit and 100%; {alt}-click zooms out.
	Color Sampler Tool	Color Sampler Tool
	Double-click the image or tool button to fit the image.	Double-click the image or tool button to fit the image.
	Double-click the tool button to fit the image.	Double-click the tool button to fit the image.
	Drag a frame, then drag its four corners onto the subject.	Drag a frame, then drag its four corners onto the subject.
	Drag a note marker to move it.	Drag a note marker to move it.
	Drag a rectangle to create a slice.	Drag a rectangle to create a slice.
	Drag between the endpoints.	Drag between the endpoints.
	Drag between two points to measure.	Drag between two points to measure.
	Drag right to zoom in and left to zoom out; {cmd}-drag draws a zoom box.	Drag right to zoom in and left to zoom out; {cmd}-drag draws a zoom box.
	Drag the selected slice to move it.	Drag the selected slice to move it.
	Drag to draw; {shift} keeps equal width and height.	Drag to draw; {shift} keeps equal width and height.
	Drag to move its whole path.	Drag to move its whole path.
	Drag to move the image; hold Space to pan with another tool.	Drag to move the image; hold Space to pan with another tool.
	Hold {alt} to draw from the centre.	Hold {alt} to draw from the centre.
	Magnifies or reduces the Camera Raw preview.	Magnifies or reduces the Camera Raw preview.
	Paints back the document’s opening state.	Paints back the document’s opening state.
	Pans the Camera Raw preview.	Pans the Camera Raw preview.
	Places colour readouts on the Camera Raw preview.	Places colour readouts on the Camera Raw preview.
	Save Name	Save Name
	Set Pupil Size and Darken Amount in the options bar.	Set Pupil Size and Darken Amount in the options bar.
	Set Size and Pressure in Brush Tool Options.	Set Size and Pressure in Brush Tool Options.
	Set the brush size in the options bar before painting.	Set the brush size in the options bar before painting.
	Then paint to erase or restore parts of it; Swap Colors switches modes.	Then paint to erase or restore parts of it; Swap Colors switches modes.
	Up	Up
	Use Slice Select to move an existing slice.	Use Slice Select to move an existing slice.
	{alt}-click a marker to remove it.	{alt}-click a marker to remove it.
	{alt}-drag an endpoint to measure an angle.	{alt}-drag an endpoint to measure an angle.
	Hold {key} with any other tool to pan temporarily.	Hold {key} with any other tool to pan temporarily.
	Set Tolerance and Contiguous in the options bar.	在選項列中設定容差和連續。
	Choose Erase or Restore in the options bar, then paint to refine the mask.	在選項列中選擇擦除或還原，然後塗抹以精修遮色片。
	Tool Set Name	工具組名稱
	You can also drag with the middle mouse button to pan.	也可以按住滑鼠中鍵拖曳來平移檢視。
	10 fps	10 fps
	15 fps	15 fps
	24 fps	24 fps
	25 fps	25 fps
	30 fps	30 fps
	32-bit Preview Options	32 位元預視選項
	3D	3D
	3D…	3D…
	ACES	ACES
	AI Integrations	AI 整合
	Accented Edges	強化邊緣
	Accurate	精確
	Actual Color	實際色彩
	Adaptive Wide Angle	最適化廣角
	Add Noise	增加雜訊
	Add Pins	新增大頭針
	Add a mask  (from the selection; ⌥ inverts)	加入遮色片  (從選取範圍；⌥ 反轉)
	Add to	加入至
	Add to selection  (⇧)	加入選取範圍  (⇧)
	Adds grain to the soft edges of the brush tip.	在筆刷尖端的柔軟邊緣增加顆粒。
	Adjust Interval For Loops	調整迴圈的間隔
	Adjustment	調整
	Adjustment Layer	調整圖層
	Adobe Every-line Composer	Adobe 逐行排版器
	Adobe PDF Presets…	Adobe PDF 預設集…
	Adobe RGB (1998)	Adobe RGB (1998)
	Adobe Single-line Composer	Adobe 單行排版器
	Advanced Blending	進階混合
	Advanced Controls	進階控制
	After (X)	之後 (X)
	Airbrush: keeps painting while the pointer rests.	噴槍：指標靜止時持續繪製。
	Alignment	對齊
	Alpha	Alpha
	Alternates for Current Selection	目前選取範圍的替代字元
	Alternative	替代
	Ambience	氛圍
	Ambient	環境
	Amplitude Max	最大振幅
	Amplitude Min	最小振幅
	Angled Strokes	角度筆觸
	Anisotropic	非等向性
	Aperture	光圈
	Apple RGB	Apple RGB
	Apply Data Set	套用資料集
	Apply Image	套用影像
	Apply Layer Comp	套用圖層構圖
	Arbitrary	任意
	Arc	弧形
	Arch	拱形
	Area	區域
	Around Center	環繞中心
	Arrangement	排列
	Art History Brush	藝術步驟記錄筆刷
	Artboard from Group	從群組建立工作區域
	Artboard from Layers	從圖層建立工作區域
	Artboards to Files	工作區域轉存為檔案
	Artboards to PDF	工作區域轉存為 PDF
	Artist	創作者
	Artistic	藝術風
	Ask Before Saving Saved Embedded	儲存前詢問已嵌入的儲存
	Ask When Pasting	貼上時詢問
	Aspect Ratio	外觀比例
	Assign Profile	指定描述檔
	At	於
	Audio	音訊
	Author	作者
	Auto Clean Brush	自動清潔筆刷
	Auto Scale	自動縮放
	Auto-Align Layers	自動對齊圖層
	Auto-Blend Layers	自動混合圖層
	Auto-Hide	自動隱藏
	Auto-Leading	自動行距
	Auto-leading %	自動行距 %
	Automatically Create First Snapshot	自動建立第一個快照
	Automatically Create New Snapshot When Saving	儲存時自動建立新快照
	Avoid Widows/Orphans	避免寡行/孤行
	Background Level	背景層級
	Background from Layer	從圖層建立背景
	Bamboo	竹子
	Bas Relief	淺浮雕
	Base Tree Type	基底樹類型
	Baseline Shift	基線位移
	Batch	批次
	Berries	莓果
	Black Clip	黑色裁剪
	Black Intensity	黑色強度
	Blade Curvature	葉片曲率
	Blast	爆炸
	Bleach Bypass	漂白跳過
	Blend	混合
	Blend RGB Colors Using Gamma 1.0	使用 Gamma 1.0 混合 RGB 色彩
	Blocks	區塊
	Blue Yellow	藍黃
	Blur Angle	模糊角度
	Bold Italic	粗斜體
	Border	邊框
	Border Thickness	邊框厚度
	Bottom Left	左下
	Bottom Right	右下
	Box Blur	方框模糊
	Branches Color	樹枝顏色
	Branches Height	樹枝高度
	Branches Thickness	樹枝粗細
	Brick	磚塊
	Bristle Detail	刷毛細節
	Browse	瀏覽
	Brush Detail	筆刷細節
	Brush Size	筆刷大小
	Brush Strokes	筆觸
	Brush Tip	筆刷尖端
	Brush Type	筆刷類型
	Bulge	膨脹
	Burlap	麻布
	Burn	加深
	Byline	作者
	Byline Title	作者職稱
	CIE RGB	CIE RGB
	CMYK:	CMYK:
	Calculations	運算
	Camera Calibration	相機校正
	Camera Data	相機資料
	Camera Make	相機製造商
	Camera Model	相機型號
	Camera Raw	Camera Raw
	Candle Light	燭光
	Canvas Size	畫布尺寸
	Canvas rotation	畫布旋轉
	Caption	說明文字
	Caption Credits	說明來源
	Capture Comp	拍攝合成
	Category	類別
	Cell Size	單元格大小
	Center X	中心 X
	Center Y	中心 Y
	Chalk & Charcoal	粉筆與炭筆
	Chalk Area	粉筆區域
	Channel	色版
	Channel1	色版 1
	Channel2	色版 2
	Channel3	色版 3
	Channel4	色版 4
	Charcoal	炭筆
	Charcoal Area	炭筆區域
	Charcoal Thickness	炭筆粗細
	Chrome	鉻黃
	Circle	圓形
	Circularity	圓度
	City	城市
	Cleanliness	清潔度
	Clear Amount	清除量
	Clear History	清除歷史記錄
	Click the first point or press ↵ to close · Esc cancels	按一下第一個點或按 ↵ 關閉 · Esc 取消
	Click to add a point · drag off or ⌘/Ctrl-click or Delete to remove	按一下以新增點 · 拖曳離開或 ⌘/Ctrl+按一下或 Delete 移除
	Click to apply, ⌥-click to clear overrides, double-click for Style Options	按一下套用，⌥+按一下清除覆寫，按兩下開啟樣式選項
	Click to zoom in  ·  ⌥-click to zoom out	按一下放大 · ⌥+按一下縮小
	Click: corner · Drag: smooth · Click first point: close · ↩ finish · Esc cancel	按一下：轉角 · 拖曳：平滑 · 按第一個點：關閉 · ↩ 完成 · Esc 取消
	Clipping Path	剪裁路徑
	Clone	仿製
	Clone Stamp	仿製印章
	Clumped	叢集
	Coarse Dots	粗網點
	Coerce to sRGB	強制為 sRGB
	Collapse group  (⌥-click: all groups)	收合群組 (⌥+按一下：所有群組)
	Color Adaptation	色彩適應
	Color Decontaminate	色彩淨化
	Color Halftone	彩色半調
	Color Lookup Tables	色彩查詢表
	Color Management Policies	色彩管理政策
	Color Noise Reduction	色彩雜訊抑制
	Color Profile	色彩描述檔
	Color Range	色彩範圍
	Color Replacement	色彩取代
	Color Settings	色彩設定
	Color Table	色彩表
	Color indicates	色彩表示
	ColorMatch RGB	ColorMatch RGB
	ColorSync	ColorSync
	Colored Pencil	彩色鉛筆
	Columns	欄
	Commit Perspective Warp (↩)	提交透視彎曲 (↩)
	Commit Puppet Warp (↩)	提交操控彎曲 (↩)
	Commit any current edits (⌘↩)	提交目前的所有編輯 (⌘↩)
	Commit current crop operation  (↵)	提交目前的裁切操作 (↵)
	Commit transform (↩)	提交變形 (↩)
	Commit warp (↩)	提交彎曲 (↩)
	Compatibility	相容性
	Compose	合成
	Condensed	窄體
	Conditional Mode Change	條件模式更改
	Cone	圓錐體
	Constraints	限制
	Content-Aware Move	內容感知移動
	Contract	收縮
	Contrasty	高對比
	Conté Crayon	康特蠟筆
	Convert Frames > Video Layers	轉換影格 > 視訊圖層
	Convert to Grayscale	轉換為灰階
	Convert to Linked	轉換為連結
	Convert to Profile	轉換為描述檔
	Cool	冷色調
	Cooling L B B	冷卻 LBB
	Cooling80	冷卻 80
	Cooling82	冷卻 82
	Copyright Info URL	版權資訊 URL
	Copyright Status	版權狀態
	Copyrighted	受版權保護
	Correct C A	校正 CA
	Correct Distortion	校正扭曲
	Correct Vignette	校正暗角
	Country	國家
	Crack Brightness	裂縫亮度
	Crack Depth	裂縫深度
	Crack Spacing	裂縫間距
	Craquelure	裂縫紋理
	Create By	建立者
	Create Date	建立日期
	Create Multiple Picture Packages	建立多個圖片套件
	Create Plane	建立平面
	Create Snapshot	建立快照
	Create a new layer  (⇧⌘N)	建立新圖層 (⇧⌘N)
	Create new count group	建立新計數群組
	Create new layer	建立新圖層
	Create new set	建立新集合
	Credit	來源
	Cross	交叉
	Cross Process	交叉沖洗
	Crosshatch	交叉影線
	Crystallize	結晶化
	Current	目前
	Current Time	目前時間
	Curve Darks	曲線暗色調
	Curve Highlights	曲線亮部
	Curve Lights	曲線亮色調
	Curve Shadows	曲線陰影
	Curve Splits	曲線分割
	Custom Branch Color	自訂分支顏色
	Custom Pixel Aspect Ratio	自訂像素外觀比例
	Custom pattern	自訂圖樣
	Cutout	挖剪圖案
	Daisies	雛菊
	Dark Intensity	暗部強度
	Dark Rough	暗色粗糙
	Dark Strokes	暗色筆觸
	Darken Only	僅變暗
	Darkness	暗度
	Data	資料
	Data Sets as Files	資料集存為檔案
	Date Created	建立日期
	Date and Time	日期和時間
	DateTime Original	原始日期時間
	Day For Night	日景模擬夜景
	De-Interlace	去交錯
	Deep Blue	深藍
	Deep Emerald	深翡翠綠
	Deep Red	深紅
	Deep Yellow	深黃
	Default Leaves	預設葉片
	Defaults restored.	已還原預設值。
	Define Brush Preset	定義筆刷預設集
	Define Custom Shape	定義自訂形狀
	Define Pattern	定義圖樣
	Definition	定義
	Defringe	去邊
	Delete Layer…	刪除圖層…
	Delete Path	刪除路徑
	Delete Pins	刪除圖釘
	Delete Preset…	刪除預設集…
	Delete Smart Filters	刪除智慧型濾鏡
	Depth Map	深度貼圖
	Depth Mode	深度模式
	Desaturate Monitor Colors By	降低監視器色彩飽和度
	Detect Faces	偵測臉孔
	Diffuse	擴散
	Diffuse Glow	擴散亮光
	Digits	位數
	Direction Balance	方向平衡
	Direction of Stroke	筆觸方向
	Displace	移置
	Distortion	扭曲
	Distribution	分佈
	Do you want to save you made to “{name}” before quitting?	您要在結束前儲存對“{name}”所做的變更嗎？
	Document Size	文件尺寸
	Dodge	加亮
	Dodge/Burn	加亮/加深
	Dot	點
	Double Line	雙線
	Draft	草稿
	Drag (lasso) or click points (polygonal) · {add} add · {sub} subtract	拖曳（套索）或按一下點（多邊形）· {add} 新增 · {sub} 減少
	Drag to move the layer	拖曳以移動圖層
	Dry Brush	乾性筆觸
	Duplicate Layer	複製圖層
	Duplicate Layer Comp	複製圖層構圖
	Duplicate Layers	複製圖層
	Duplicate Path	複製路徑
	Duplicated selection name	複製的選取範圍名稱
	Duplication	複製
	Duration	持續時間
	Dust & Scratches	灰塵與刮痕
	Dynamics	動態
	EXIF	EXIF
	EXIF Version	EXIF 版本
	Edge Brightness	邊緣亮度
	Edge Extension	邊緣延伸
	Edge Fidelity	邊緣逼真度
	Edge Intensity	邊緣強度
	Edge Only	僅邊緣
	Edge Simplicity	邊緣簡單度
	Edge Thickness	邊緣厚度
	Edge Width	邊緣寬度
	Edit Plane	編輯平面
	Edit Toolbar	編輯工具列
	Elevation	高度
	Eliminate	消除
	Email	電子郵件
	Embed profiles	嵌入描述檔
	Enable Smart Filters	啟用智慧型濾鏡
	Enable Timeline Quick Config	啟用時間軸快速設定
	End X	結束 X
	End Y	結束 Y
	Enlarged	放大
	Enter description…	輸入描述…
	Error File	錯誤檔案
	Errors	錯誤
	Even Fields	偶數圖場
	Expand All Groups	展開所有群組
	Expand group  (⌥-click: all groups)	展開群組  (⌥-按一下: 所有群組)
	Export As	轉存為
	Export Contents	轉存內容
	Export Preferences	轉存偏好設定
	Export/Import Presets	轉存/讀入預設集
	Exposure Program	曝光程式
	Extensions	擴充功能
	Extra Bold	特粗體
	Extra Light	特細體
	Extrude	擠出
	F	F
	Faded Film	褪色膠片
	Fast	快速
	Fiber Length	纖維長度
	Fibers	纖維
	Field Blur	場景模糊
	File Info	檔案資訊
	File Naming	檔案命名
	Fill Light	補光
	Fill Path	填滿路徑
	Film Grain	粒狀影像
	Filter Gallery	濾鏡收藏館
	Find and Replace Text	尋找和取代文字
	Fine	細
	Fine Dots	細點
	First Color Readout	第一顏色讀數
	First Line Indent	第一行縮排
	Fish	魚
	Fit Image	符合影像
	Flag	旗標
	Flame	火焰
	Flame Bottom Alignment	火焰底部對齊
	Flame Lines	火焰線條
	Flame Shape	火焰形狀
	Flame Style	火焰樣式
	Flame Type	火焰類型
	Flash	閃光燈
	Flat	平面
	Flat Shading	平面著色
	Flatten Frames Into Clips	將影格平面化為片段
	Flatten Frames Into Layers	將影格平面化為圖層
	Flower Color	花朵顏色
	Focal Distance	焦距距離
	Focal Length35mm	焦距 (35mm)
	Focus	焦點
	Focus Area	焦點區域
	Foreground Level	前景色階
	Frame	影格
	Frame Duration	影格持續時間
	Frame Sync	影格同步
	Fresco	壁畫
	From Left	從左
	From Right	從右
	Frosted	磨砂
	Fuzziness	模糊度
	GPS	GPS
	Gamma	Gamma
	Gaussian	高斯
	Gaussian Blur	高斯模糊
	General Blend	一般混合
	General Brushes	一般筆刷
	Generators	產生器
	Generic	一般
	Glass	玻璃
	Global Light	全域光源
	Gloss	光澤
	Glow Amount	光暈量
	Glow Brightness	光暈亮度
	Glow Size	光暈大小
	Glowing Edges	邊緣亮光化
	Glyph	字符
	Glyph Scaling	字符縮放
	Go to Layer	移至圖層
	Grade Balance	色階平衡
	Grade Blending	色階混合
	Grade Global	色階整體
	Grade Highlights	色階亮部
	Grade Midtones	色階中間調
	Grade Shadows	色階陰影
	Grain Amount	顆粒量
	Grain Roughness	顆粒粗糙度
	Grain Size	顆粒大小
	Grain Type	顆粒類型
	Graininess	顆粒度
	Grainy Dots	粒狀點
	Graphic Pen	繪圖筆
	Graphic and web	圖形和網頁
	Gray Value (Maximum)	灰階值 (最大值)
	Gray Value (Mean)	灰階值 (平均值)
	Gray Value (Median)	灰階值 (中間值)
	Gray Value (Minimum)	灰階值 (最小值)
	Gray:	灰階：
	Grayscale Slider	灰階滑桿
	Grid  (⌘')	格點  (⌘')
	Group from Layers	從圖層建立群組
	Group · {n} layer	群組 · {n} 圖層
	Grout Width	灰泥寬度
	H	H
	HDR Toning	HDR 色調
	HDTV (Rec. 709)	HDTV (Rec. 709)
	HSB Color	HSB 色彩
	HSL/Grayscale	HSL/灰階
	Halftone Pattern	半色調圖樣
	Hand	手掌
	Hanging Punctuation	懸掛標點
	Heal	修復
	Heal Auto	自動修復
	Heal Color	修復顏色
	Heal Off	關閉修復
	Heal On	開啟修復
	Healing	修復
	Hearts	心形
	Heptagon	七邊形
	Hexagon	六邊形
	Hide	隱藏
	Hide the layer's effects  (⌥-click: all layers)	隱藏圖層效果  (⌥-按一下：所有圖層)
	High	高
	High Pass	顏色快調
	Highlight	亮部
	Highlight Amount	亮部量
	Highlight Area	亮部區域
	Highlight Radius	亮部半徑
	Highlight Strength	亮部強度
	Highlight Tone	亮部色調
	History Brush	步驟記錄筆刷
	Horizontal Only	僅水平
	Hotspot	熱點
	Hsb	Hsb
	Hsl	Hsl
	Hsl Hue	HSL 色相
	Hsl Lum	HSL 明度
	Hsl Sat	HSL 飽和度
	Humidity	濕度
	ISO	ISO
	ISO Speed	ISO 速度
	Image Balance	影像平衡
	Image Processor	影像處理器
	Import Brushes	匯入筆刷
	Import…	匯入…
	In	輸入
	In Black	輸入黑色
	In White	輸入白色
	Include ICC Profile	包含 ICC 設定檔
	Industry Standard	業界標準
	Infinite	無限
	Inflate	膨脹
	Info Options…	資訊選項…
	Initial Direction of Stroke	筆畫初始方向
	Ink Outlines	墨水輪廓
	Input Mode	輸入模式
	Install Plug-in	安裝外掛程式
	Integrated Density	整合密度
	Intensity	強度
	Interpolation	內插補點
	Interpret Footage	解釋素材
	Intersect with	與...相交
	Intersect with selection  (⇧⌥)	與選取範圍相交  (⇧⌥)
	Interval	間隔
	Iris Blur	光圈模糊
	Ivy	常春藤
	Jag	Jag
	Join the ArtCraft Discord	加入 ArtCraft Discord
	Justification	齊行
	Justify	齊行
	Keep proportions	保持比例
	Keep view in sync	同步檢視
	Keeps the current texture when switching presets.	切換預設集時保留目前紋理。
	Kernel	核心
	Keywords	關鍵字
	Label	標籤
	Last Modified	上次修改
	Layer Comp	圖層構圖
	Layer Comps to Files	圖層構圖轉存成檔案
	Layer Content Options	圖層內容選項
	Layer From Background	從背景建立圖層
	Layer from Background	從背景建立圖層
	Layers to Files	圖層轉存成檔案
	Leaf Color	葉片顏色
	Leaves Amount	樹葉數量
	Leaves Color	樹葉顏色
	Leaves Size	樹葉大小
	Left Diagonal	左對角線
	Legacy	舊版
	Length	長度
	Lens	鏡頭
	Lens Blur	鏡頭模糊
	Lens Correction	鏡頭校正
	Lens Corrections	鏡頭校正
	Lens Flare	鏡頭光暈
	Lens Info	鏡頭資訊
	Letter Spacing	字距
	Level Based	基於色階
	Libraries	資料庫
	Ligature	連字
	Light Dark Balance	明暗平衡
	Light Direction	光線方向
	Light Intensity	光源強度
	Light Rough	光線粗糙度
	Light Source	光源
	Light Type	光源類型
	Light X	光源 X
	Light Y	光源 Y
	Light Z	光源 Z
	Lighten Grout	淡化接縫
	Lighten Only	僅變亮
	Lighting	光源
	Lighting Effects	光源效果
	Limit Playback	限制播放
	Liquify	液化
	List	清單
	Load 3D LUT	載入 3D LUT
	Load Files into Stack	將檔案載入為堆疊
	Load Selection	載入選取範圍
	Localize Color Clusters	定位色彩群集
	Location	位置
	Lock Layers	鎖定圖層
	Log Errors To File	將錯誤記錄至檔案
	Long Lines	長線條
	Long Strokes	長筆觸
	Loop	循環
	Low	低
	Lower	較低
	Lum	明度
	Luminance Smoothness	明度平滑度
	Lut	LUT
	Mac Crisp	Mac 清晰
	Mac LCD	Mac LCD
	Mac OS	Mac OS
	Mac Sharp	Mac 銳利
	Mac Smooth	Mac 平滑
	Mac Strong	Mac 強烈
	Magnetic Lasso	磁性套索
	Make	建立
	Make Work Path	建立工作路徑
	Map Document	映射文件
	Map Layer	映射圖層
	Map Path	映射路徑
	Margin	邊界
	Mask Incomplete Blocks	遮罩不完整區塊
	Masked Areas	已遮罩區域
	Match Color	符合顏色
	Max Offset	最大位移
	Max Radius	最大半徑
	Measure	測量
	Medium Dots	中等點
	Medium Lines	中等線條
	Medium Strokes	中等筆觸
	Merge to HDR Pro	合併至 HDR Pro
	Metallic	金屬
	Metering Mode	測光模式
	Method	方法
	Mezzotint	銅版雕刻
	Midtone	中間調
	Minimalistic	極簡
	Missing Profiles: Ask When Opening	遺失描述檔: 開啟時詢問
	Modify Date	修改日期
	Mono Contrast	單色對比
	Monochromatic	單色
	Mosaic	馬賽克
	Mosaic Tiles	馬賽克拼貼
	Motion Blur	動態模糊
	Mouse Controls	滑鼠控制
	Mouse Coordinates	滑鼠座標
	Movie Prime	Movie Prime
	Multiple Flames Along Path	沿路徑多重火焰
	Multiple Flames One Direction	多重火焰單一方向
	Multiple Flames Path Directions	多重火焰路徑方向
	Multiple Flames Various Length	多重火焰不同長度
	NTSC (1953)	NTSC (1953)
	Neon Glow	霓虹光
	Neutralize	中和
	New Brush	新增筆刷
	New Channel	新增色版
	New Group	新增群組
	New Guide	新增參考線
	New Guide Layout	新增參考線版面
	New Layer	新增圖層
	New Layer Comp	新增圖層構圖
	New Layer from Brush	從筆刷新增圖層
	New Layer…	新增圖層…
	New Path	新增路徑
	New Selection	新增選取範圍
	New Snapshot	新增快照
	New Tool Preset	新增工具預設集
	New Video Group	新增視訊群組
	New Video Layer	新增視訊圖層
	New Video Layer from File	從檔案新增視訊圖層
	New channel only	僅新增色版
	New document	新增文件
	New document…     ⌘N	新增文件…     ⌘N
	Newspaper	報紙
	No Layer Comps	無圖層構圖
	Noise Color	顏色雜訊
	Noise Color Detail	顏色雜訊細節
	Noise Luminance	明度雜訊
	Noise Luminance Detail	明度雜訊細節
	Nonlinear History	非線性歷史記錄
	Note Paper	便條紙
	Note tool	備註工具
	Number Of Levels	色階數目
	Object Name / Title	物件名稱 / 標題
	Ocean Ripple	海洋波紋
	Octagon	八邊形
	Odd Fields	奇數場
	Oil Paint	油畫
	One Flame Along Path	沿路徑一個火焰
	Opacity Mask	不透明度遮色片
	Open As	開啟為
	Open…     ⌘O	開啟舊檔…     ⌘O
	Operation	操作
	Out	輸出
	Out Black	輸出黑點
	Out From Center	從中心向外
	Out White	輸出白點
	Oval	橢圓形
	Overlay Edge	覆蓋邊緣
	Override Action "Save" Commands	覆寫動作「儲存」指令
	PAL/SECAM	PAL/SECAM
	PDF Presentation…	PDF 簡報…
	Package	封裝
	Paint Daubs	塗抹繪畫
	Palette Knife	調色刀
	Panel Options…	面板選項…
	Paper Brightness	紙張亮度
	Parallel	平行
	Patch	修補
	Patchwork	拼貼
	Path Blur	路徑模糊
	Path to Illustrator…	路徑到 Illustrator…
	Path:	路徑:
	Paths to Illustrator	路徑到 Illustrator
	Pattern Stamp	圖樣印章
	Pattern Type	圖樣類型
	Pen	鋼筆
	Pencil	鉛筆
	Pencil Tool	鉛筆工具
	Pencil Width	鉛筆寬度
	Pentagon	五邊形
	Perimeter	周長
	Perspective Crop	透視裁切
	Phone	電話
	Photo (2 × 3 in)	相片 (2 × 3 英吋)
	Photo (4 × 6 in)	相片 (4 × 6 英吋)
	Photo (5 × 7 in)	相片 (5 × 7 英吋)
	Photo (8 × 10 in)	相片 (8 × 10 英吋)
	Photocopy	影印
	Photomerge	Photomerge
	Picture Frame	相框
	Picture Package…	圖片封裝…
	Pinch	內縮
	Pins	大頭針
	Pixel	像素
	Place Embedded	置入內嵌
	Place Linked	置入連結
	Place Scale Marker	置入比例尺標記
	Plane	平面
	Planes	平面
	Plaster	石膏
	Plastic Wrap	塑膠覆膜
	Play Once	播放一次
	Point	點
	Point Curve	點曲線
	Point Curve Blue	點曲線藍色
	Point Curve Green	點曲線綠色
	Point Curve Red	點曲線紅色
	Pointed	尖角
	Pointillize	點狀化
	Polar Coordinates	旋轉效果
	Polar To Rectangular	極座標到矩形
	Pond Ripples	池塘漣漪
	Poster Edges	海報邊緣
	Posterization	色調分離
	Preserve	保留
	Preserve Transparency	保留透明度
	Preset Manager	預設集管理員
	Preset Name:	預設集名稱:
	Press keys	按下按鍵
	Prime105	Prime105
	Prime35	Prime35
	ProPhoto	ProPhoto
	ProPhoto RGB	ProPhoto RGB
	Profile	描述檔
	Profile Mismatches: Ask When Opening	描述檔不符: 開啟時詢問
	Province / State	省份 / 州
	Public Domain	公眾領域
	Punctuation	標點符號
	Pyramids	金字塔
	Quick Selection	快速選取
	Quick Sync	快速同步
	RGB	RGB
	RGB:	RGB:
	Radial Blur	放射模糊
	Radius X	半徑 X
	Radius Y	半徑 Y
	Random	隨機
	Randomize Length	隨機化長度
	Randomize Shapes	隨機化形狀
	Raw Data	原始資料
	Raw Defaults	原始預設值
	Reading	讀取
	Recent Items	最近項目
	Recovery	復原
	Rectangle	矩形
	Rectangular To Polar	矩形到極座標
	Red Cyan	紅青
	Red Eye	紅眼
	Reduce Color Noise	減少顏色雜訊
	Reduce Noise	減少雜訊
	Reference point location	參考點位置
	Relief	浮雕
	Relink to File	重新連結至檔案
	Remove Jpeg Artifact	移除 JPEG 偽影
	Rename Brush	重新命名筆刷
	Rename Group	重新命名群組
	Rename Layer Comp	重新命名圖層構圖
	Rename Tool Preset	重新命名工具預設集
	Render Video	轉譯視訊
	Repeat	重複
	Replace Color	取代顏色
	Replace Contents	取代內容
	Replace Footage	取代素材
	Report an Issue	回報問題
	Reset	重設
	Resolve Missing Fonts	解決缺少的字型
	Restore last viewed comp	還原上次檢視的構圖
	Result	結果
	Reticulation	網狀紋
	Rgb	RGB
	Ridges	脊線
	Right Diagonal	右對角線
	Ring	環
	Ripple	波紋
	Ripple Magnitude	波紋幅度
	Ripple Size	波紋尺寸
	Rise	上升
	Roman	羅馬
	Roman Hanging Punctuation	羅馬懸吊標點
	Rope	繩索
	Roses	玫瑰
	Rotate Auto	自動旋轉
	Rotate Fixed	固定旋轉
	Rotate View	旋轉檢視
	Rough Pastels	粗粉蠟筆
	Row Order	列順序
	Ruler	尺標
	Ruler Units	尺標單位
	Rulers  (⌘R)	尺標  (⌘R)
	SMPTE C	SMPTE C
	Sampler	取樣器
	Sandstone	砂岩
	Sat	飽和度
	Save As	另存新檔
	Save Preset…	儲存預設集…
	Save Selection	儲存選取範圍
	Save a Copy	儲存拷貝
	Save for Web (Legacy)	儲存為網頁用（舊版）
	Saved	已儲存
	Saved Multichannel	已儲存的多色版
	Scale Effects	縮放效果
	Scale Factor	縮放係數
	Scale Horizontally	水平縮放
	Scale Units	縮放單位
	Scale Vertically	垂直縮放
	Scaling	縮放
	Scallops	扇貝形
	Script Events Manager	指令碼事件管理器
	Search commands (⌘K)	搜尋指令 (⌘K)
	Search commands, tools and panels	搜尋指令、工具和面板
	Second Color Readout	第二顏色讀數
	Select All Layers	選取所有圖層
	Select Folder…	選取檔案夾…
	Select Plane	選取平面
	Select Similar Colors	選取相似顏色
	Select and Mask	選取並遮住
	Selected Areas	選取的區域
	Semi Bold	半粗體
	Sepia	褐色
	Set Measurement Scale	設定測量比例
	Set New Snapshot as Default	將新快照設為預設值
	Set Start Timecode…	設定開始時間碼…
	Settings	設定
	Settings:	設定：
	Shadow	陰影
	Shadow Amount	陰影量
	Shadow Intensity	陰影強度
	Shadow Radius	陰影半徑
	Shadow Tone	陰影色調
	Shadows/Highlights	陰影/亮部
	Shape Blur	形狀模糊
	Sharpen Amount	銳利化量
	Sharpen Detail	銳利化細節
	Sharpen Details	銳利化細節
	Sharpen Masking	銳利化遮色片
	Sharpen Radius	銳利化半徑
	Sharpness	銳利度
	Shear	傾斜
	Shell Lower	下殼層
	Shell Upper	上殼層
	Shine	光澤
	Short Lines	短線條
	Short Strokes	短筆畫
	Show Guides  (⌘;)	顯示參考線  (⌘;)
	Show New Snapshot Dialog by Default	預設顯示新增快照對話框
	Show the layer's effects  (⌥-click: all layers)	顯示圖層效果  (⌥-按一下：所有圖層)
	Shutter Speed	快門速度
	Simple	簡單
	Sine	正弦
	Single Word Justification	單字齊行
	Sketch	素描
	Slice Options	切片選項
	Smart Blur	智慧型模糊
	Smart Sharpen	智慧型銳利化
	Smoothness	平滑度
	Smudge Stick	塗抹棒
	Snapshot 1	快照 1
	Snapshots	快照
	Snowflakes	雪花
	Softness	柔和度
	Software	軟體
	Solid Front Faces	實體正面
	Source Layer	來源圖層
	Spacing:	間距:
	Sparkle	閃光
	Spatter	潑濺
	Speckle	斑點
	Speed	速度
	Spherize	球面化
	Spin	旋轉
	Spin Blur	旋轉模糊
	Split Toning	分割色調
	Split at Playhead	於播放頭分割
	Sponge	海綿
	Spot	點
	Spot Channel	特別色色版
	Spot Color	特別色
	Spot Healing	污點修復
	Spot:	點:
	Spray Radius	噴灑半徑
	Sprayed Strokes	噴灑筆觸
	Sprinkles	灑落
	Square Size	方形尺寸
	Squareness	方形程度
	Squeeze	擠壓
	Stagger	交錯
	Stained Glass	彩色玻璃
	Stamp	印章
	Star	星形
	Stars	星形
	Start X	起始 X
	Start Y	起始 Y
	Statistics	統計資料
	Status Information	狀態資訊
	Step Backward	向後一步
	Step Forward	向前一步
	Stippled	點狀
	Stop For Errors	發生錯誤時停止
	Stops	級
	Stretch	伸展
	Stroke Detail	筆觸細節
	Stroke Direction	筆觸方向
	Stroke Length	筆觸長度
	Stroke Path	筆觸路徑
	Stroke Pressure	筆觸壓力
	Stroke Size	筆觸大小
	Stroke Width	筆觸寬度
	Strokes	筆觸
	Stylization	風格化
	Subject Distance	主體距離
	Subscript	下標
	Subtract from	減去
	Subtract from selection  (⌥)	從選取範圍減去  (⌥)
	Sumi-e	墨繪
	Superscript	上標
	Supplemental Categories	補充類別
	Surface Blur	表面模糊
	Symbols	符號
	Taper	錐度
	Target X	目標 X
	Target Y	目標 Y
	Teal Orange	藍綠橙
	Technology Previews	技術預覽
	Technology Previews…	技術預覽…
	Texture Coverage	紋理覆蓋範圍
	Texturizer	紋理化
	Thickness	厚度
	Tile Size	磁磚大小
	Tiles	磁磚
	Tilt	傾斜
	Tilt-Shift	傾斜位移
	Time	時間
	Timecode	時間碼
	Timing	時間
	Tint Color	色調顏色
	Tiny Lens	微型鏡頭
	To Center	至中心
	Toggle reference point	切換參考點
	Tone Curve	色調曲線
	Tool	工具
	Toolbars	工具列
	Top Left	左上
	Top Right	右上
	Torn Edges	撕裂邊緣
	Total Ink	總墨量
	Trace Contour	追蹤輪廓
	Transition	轉換
	Transmission Reference	傳輸參考
	Trap	補漏白
	Tree	樹狀
	Trim	修剪
	Turbulent	湍流
	Twirl	扭轉
	Twist	扭曲
	URLs	網址
	Ultra Bold	超粗體
	Ultra Light	超細體
	Unaltered	未變更
	Uncoated CMYK	未塗佈 CMYK
	Undefined Areas	未定義區域
	Underpainting	底色
	Underwater	水下
	Uniform	均勻
	Units	單位
	Unix	Unix
	Unknown	未知
	Unsharp Mask	遮色片銳利化
	Update Layer Comp	更新圖層組合
	Upper	大寫
	Urgency	緊急程度
	Use Custom Color	使用自訂顏色
	Use Selection In Source	在來源中使用選取範圍
	Use Selection In Target	在目標中使用選取範圍
	Uses the foreground and background colors.	使用前景色和背景色。
	Vanishing Point	消失點
	Variable Data Sets	變數資料集
	Vertical Only	僅垂直
	Vertical Type Tool	垂直文字工具
	Video Frames to Layers	視訊影格轉換為圖層
	View menu	檢視選單
	Vignette Amount	暗角量
	Vignette Feather	暗角羽化
	Vignette Highlights	暗角亮部
	Vignette Midpoint	暗角中點
	Vignette Roundness	暗角圓度
	Vignette Style	暗角樣式
	Vine Color	藤蔓顏色
	Vine With Flowers	藤蔓與花
	Vine With Leaves	藤蔓與葉
	Violent	強烈
	Violet	紫色
	W	W
	WIA Support	WIA 支援
	Wand	魔術棒
	Warm	暖色
	Warming L B A	加溫 L B A
	Warming81	加溫81
	Warming85	加溫85
	Warmth	暖度
	Warp Text	變形文字
	Water Paper	水彩紙
	Watercolor	水彩
	Watercolour look: lighter interior, darker rims.	水彩外觀：內部較亮，邊緣較暗。
	Wave	波浪
	Wavelength Max	最大波長
	Wavelength Min	最小波長
	Waves	波浪
	Web Color	網頁色彩
	Web Photo Gallery…	網頁相片藝廊…
	White Clip	白色裁切
	White Intensity	白色強度
	White Is High	白色代表高值
	Wide Blurry	寬模糊
	Wide Gamut RGB	廣色域 RGB
	Wide Sharp	寬銳利化
	Width and Height	寬度與高度
	Wind	風
	Word Spacing	單字間距
	Working	處理中
	Working Gray Plate	使用中灰色版
	Working Space	工作空間
	Working Spaces	工作空間
	Wrap	環繞
	X	X
	Y	Y
	ZigZag	鋸齒
	Zigzag	鋸齒
	sRGB	sRGB
	sRGB IEC61966-2.1	sRGB IEC61966-2.1
	shortcut	快速鍵
	{zoom}%	{zoom}%
	↑↓ navigate   ↵ run   esc close	↑↓ 導覽   ↵ 執行   esc 關閉
	Opening	正在開啟
	CPU mode	CPU 模式
	GPU acceleration is off after a graphics failure.	圖形處理失敗後，GPU 加速已關閉。
	Recommended: {value}	建議：{value}
	Recommended: {min}–{max} (default {default})	建議：{min}–{max}（預設 {default}）
	Family unknown: may not work with this model	系列未知：可能不適用於此模型
